[executiononly/jit] publish exit 0
dotnet publish src\compositions\Broiler.VM.Composition.JavaScript.ExecutionOnly\Broiler.VM.Composition.JavaScript.ExecutionOnly.csproj -c Release --nologo -p:TreatWarningsAsErrors=true -o D:\Broiler.VM\artifacts\js-publish\executiononly\jit -r win-x64 --self-contained false -p:PublishTrimmed=false
  Wiederherzustellende Projekte werden ermittelt...
  "D:\Broiler.VM\src\Broiler.VM.Binary\Broiler.VM.Binary.csproj" wiederhergestellt (in 121 ms.).
  "D:\Broiler.VM\src\Broiler.VM.Profile.JavaScript.Format\Broiler.VM.Profile.JavaScript.Format.csproj" wiederhergestellt (in 121 ms.).
  "D:\Broiler.VM\src\Broiler.VM.Abstractions\Broiler.VM.Abstractions.csproj" wiederhergestellt (in 121 ms.).
  "D:\Broiler.VM\src\Broiler.VM.Runtime\Broiler.VM.Runtime.csproj" wiederhergestellt (in 132 ms.).
  "D:\Broiler.VM\src\Broiler.VM.Profile.JavaScript\Broiler.VM.Profile.JavaScript.csproj" wiederhergestellt (in 132 ms.).
  "D:\Broiler.VM\src\compositions\Broiler.VM.Composition.JavaScript.ExecutionOnly\Broiler.VM.Composition.JavaScript.ExecutionOnly.csproj" wiederhergestellt (in 208 ms.).
  Broiler.VM.Binary -> D:\Broiler.VM\src\Broiler.VM.Binary\bin\Release\net10.0\Broiler.VM.Binary.dll
  Broiler.VM.Profile.JavaScript.Format -> D:\Broiler.VM\src\Broiler.VM.Profile.JavaScript.Format\bin\Release\net10.0\Broiler.VM.Profile.JavaScript.Format.dll
  Broiler.VM.Abstractions -> D:\Broiler.VM\src\Broiler.VM.Abstractions\bin\Release\net10.0\Broiler.VM.Abstractions.dll
  Broiler.VM.Runtime -> D:\Broiler.VM\src\Broiler.VM.Runtime\bin\Release\net10.0\Broiler.VM.Runtime.dll
  Broiler.VM.Profile.JavaScript -> D:\Broiler.VM\src\Broiler.VM.Profile.JavaScript\bin\Release\net10.0\Broiler.VM.Profile.JavaScript.dll
  Broiler.VM.Composition.JavaScript.ExecutionOnly -> D:\Broiler.VM\src\compositions\Broiler.VM.Composition.JavaScript.ExecutionOnly\bin\Release\net10.0\win-x64\Broiler.VM.Composition.JavaScript.ExecutionOnly.dll
  Broiler.VM.Composition.JavaScript.ExecutionOnly -> D:\Broiler.VM\artifacts\js-publish\executiononly\jit\


[executiononly/jit] --closure exit 0
# broiler-vm-composition core-contract-version=1
composition Broiler.VM.Composition.JavaScript.ExecutionOnly
label execution-only
carries-lowering no
profiles 1
profile broiler.javascript Broiler.VM.Profile.JavaScript 1 4
manifest broiler.javascript.slice broiler.javascript.wide broiler.javascript.numeric
format-versions 1 2


[executiononly/jit/corpus] run exit 0
     entry addition: Normal/NormalCompleted/0/42/-/-/-
     entry division-by-zero: Normal/NormalCompleted/0/Infinity/-/-/-
     entry zero-over-zero: Normal/NormalCompleted/0/NaN/-/-/-
     entry negative-zero-division: Normal/NormalCompleted/0/-Infinity/-/-/-
     entry remainder-takes-the-dividends-sign: Normal/NormalCompleted/0/-2/-/-/-
     entry bitwise-or-goes-through-to-int32: Normal/NormalCompleted/0/-2147483648/-/-/-
     entry unsigned-shift-goes-through-to-uint32: Normal/NormalCompleted/0/4294967295/-/-/-
     entry comparison-produces-a-boolean: Normal/NormalCompleted/0/true/-/-/-
     entry not-a-number-is-not-itself: Normal/NormalCompleted/0/false/-/-/-
     entry a-boolean-adds-as-one: Normal/NormalCompleted/0/2/-/-/-
     entry strict-equality-compares-kinds: Normal/NormalCompleted/0/false/-/-/-
     entry an-unassigned-local-is-undefined: Normal/NormalCompleted/0/undefined/-/-/-
     entry a-counting-loop: Normal/NormalCompleted/0/55/-/-/-
     entry a-taken-conditional: Normal/NormalCompleted/0/1/-/-/-
     entry an-untaken-conditional: Normal/NormalCompleted/0/2/-/-/-
     entry two-entry-points: Normal/NormalCompleted/0/1/-/-/-
     entry source-multiplication-binds-tighter: Normal/NormalCompleted/0/7/-/-/-
     entry source-parentheses-regroup: Normal/NormalCompleted/0/9/-/-/-
     entry source-subtraction-is-left-associative: Normal/NormalCompleted/0/5/-/-/-
     entry source-assignment-is-right-associative: Normal/NormalCompleted/0/14/-/-/-
     entry source-unary-minus-binds-tighter-than-a-shift: Normal/NormalCompleted/0/4294967295/-/-/-
     entry source-unary-plus-is-to-number: Normal/NormalCompleted/0/1/-/-/-
     entry source-remainder-takes-the-dividends-sign: Normal/NormalCompleted/0/-2/-/-/-
     entry source-a-hexadecimal-literal: Normal/NormalCompleted/0/255/-/-/-
     entry source-a-comparison-produces-a-boolean: Normal/NormalCompleted/0/true/-/-/-
     entry source-strict-equality-compares-kinds: Normal/NormalCompleted/0/false/-/-/-
     entry source-logical-or-answers-its-operand: Normal/NormalCompleted/0/5/-/-/-
     entry source-logical-and-answers-its-operand: Normal/NormalCompleted/0/0/-/-/-
     entry source-logical-and-does-not-evaluate-the-right-side: Normal/NormalCompleted/0/0/-/-/-
     entry source-a-conditional-expression: Normal/NormalCompleted/0/10/-/-/-
     entry source-a-var-is-visible-before-its-declaration: Normal/NormalCompleted/0/undefined/-/-/-
     entry source-a-block-scopes-a-let: Normal/NormalCompleted/0/1/-/-/-
     entry source-a-declaration-without-an-initialiser: Normal/NormalCompleted/0/undefined/-/-/-
     entry source-a-counting-for-loop: Normal/NormalCompleted/0/55/-/-/-
     entry source-break-leaves-the-loop: Normal/NormalCompleted/0/3/-/-/-
     entry source-continue-reaches-the-update: Normal/NormalCompleted/0/12/-/-/-
     entry source-a-do-while-runs-once: Normal/NormalCompleted/0/1/-/-/-
     entry source-an-untaken-else: Normal/NormalCompleted/0/2/-/-/-
     entry source-a-semicolon-is-inserted: Normal/NormalCompleted/0/3/-/-/-
     entry source-a-comment-is-not-code: Normal/NormalCompleted/0/3/-/-/-
     entry source-a-directive-prologue-is-not-the-completion-value: Normal/NormalCompleted/0/2/-/-/-
     entry wrong-magic: InvalidArtifact/MalformedEncoding/1001/-/-1:0:0:0/-/-
     entry unsupported-format-version: InvalidArtifact/UnsupportedProfileFormatVersion/1002/-/-/-/-
     entry a-manifest-this-build-does-not-accept: InvalidArtifact/UnsupportedFeatureManifest/1004/-/-/-/-
     entry a-manifest-identity-longer-than-the-format-admits: InvalidArtifact/InconsistentStructure/1005/-/-/-/-
     entry an-overlong-variable-length-integer: InvalidArtifact/MalformedEncoding/1902/-/-/-/-
     entry trailing-bytes: InvalidArtifact/InconsistentStructure/1104/-/-/-/-
     entry an-unknown-section-kind: InvalidArtifact/UnknownFeature/1101/-/-/-/-
     entry a-duplicated-section: InvalidArtifact/InconsistentStructure/1102/-/-/-/-
     entry sections-out-of-order: InvalidArtifact/InconsistentStructure/1102/-/-/-/-
     entry no-code-section: InvalidArtifact/InconsistentStructure/1103/-/-/-/-
     entry a-section-shorter-than-it-declared: InvalidArtifact/InconsistentStructure/1105/-/-/-/-
     entry a-truncated-payload: InvalidArtifact/Truncated/1901/-/-/-/-
     entry more-frames-than-the-slice-has: InvalidArtifact/UnknownFeature/1202/-/-/-/-
     entry a-declared-maximum-above-the-formats-own-ceiling: InvalidArtifact/InconsistentStructure/1201/-/-/-/-
     entry an-interned-name-the-manifest-excludes: InvalidArtifact/UnknownFeature/1304/-/-/-/-
     entry an-unknown-constant-tag: InvalidArtifact/UnknownFeature/1301/-/-/-/-
     entry a-boolean-constant-that-is-neither: InvalidArtifact/MalformedEncoding/1302/-/-/-/-
     entry more-constants-than-the-limits-section-admits: InvalidArtifact/InconsistentStructure/1303/-/-/-/-
     entry a-constant-count-far-beyond-what-the-artifact-carries: InvalidArtifact/InconsistentStructure/1303/-/-/-/-
     entry an-exception-region-the-manifest-excludes: InvalidArtifact/UnknownFeature/1507/-/-/-/-
     entry a-suspension-target-the-manifest-excludes: InvalidArtifact/UnknownFeature/1508/-/-/-/-
     entry an-unknown-opcode: InvalidArtifact/UnknownFeature/1401/-/2:0:0:0/-/-
     entry a-code-section-of-no-length: InvalidArtifact/InconsistentStructure/1410/-/-/-/-
     entry an-instruction-whose-operand-runs-off-the-end: InvalidArtifact/Truncated/1402/-/-/-/-
     entry a-jump-out-of-range: InvalidArtifact/InconsistentStructure/1403/-/-/-/-
     entry a-jump-into-an-operand: InvalidArtifact/InconsistentStructure/1403/-/-/-/-
     entry an-operand-stack-underflow: InvalidArtifact/SemanticValidationFailed/1405/-/-/-/-
     entry an-operand-stack-deeper-than-declared: InvalidArtifact/SemanticValidationFailed/1406/-/-/-/-
     entry two-paths-reaching-one-offset-at-different-heights: InvalidArtifact/InconsistentStructure/1404/-/-/-/-
     entry an-instruction-no-entry-point-reaches: InvalidArtifact/InconsistentStructure/1411/-/-/-/-
     entry code-that-falls-off-the-end: InvalidArtifact/SemanticValidationFailed/1409/-/-/-/-
     entry a-constant-index-past-the-pool: InvalidArtifact/SemanticValidationFailed/1407/-/-/-/-
     entry a-local-index-past-the-frame: InvalidArtifact/SemanticValidationFailed/1408/-/-/-/-
     entry a-return-that-leaves-more-than-the-completion-value: InvalidArtifact/SemanticValidationFailed/1412/-/-/-/-
     entry no-entry-point: InvalidArtifact/InconsistentStructure/1501/-/-/-/-
     entry a-duplicated-entry-point: InvalidArtifact/InconsistentStructure/1502/-/-/-/-
     entry an-entry-point-inside-an-operand: InvalidArtifact/InconsistentStructure/1503/-/-/-/-
     entry a-position-row-inside-an-operand: InvalidArtifact/InconsistentStructure/1506/-/2:1:1:1/-/-
     entry an-entry-point-name-of-no-length: InvalidArtifact/InconsistentStructure/1504/-/-/-/-
     entry an-entry-point-reached-with-operands-on-the-stack: InvalidArtifact/SemanticValidationFailed/1505/-/-/-/-
     entry a-refusal-covered-by-the-second-position-row: InvalidArtifact/UnknownFeature/1401/-/2:3:7:5/-/-
     entry an-artifact-larger-than-this-host-admits: ResourceExhaustion/CeilingReached/0/-/-/ArtifactBytes/Artifact
     entry a-section-count-ceiling-this-host-declined: ResourceExhaustion/CeilingReached/0/-/-/SectionCount/Artifact
     entry a-declared-count-ceiling-this-host-declined: ResourceExhaustion/CeilingReached/0/-/-/DeclaredCount/Artifact
     entry a-structural-depth-ceiling-this-host-declined: ResourceExhaustion/CeilingReached/0/-/-/StructuralDepth/Artifact
     entry an-allocation-this-host-declined: ResourceExhaustion/AllowanceExhausted/0/-/-/AllocatedBytes/Runtime
     entry a-verifier-work-allowance-this-host-spent: ResourceExhaustion/AllowanceExhausted/0/-/-/VerifierWork/Runtime
     entry a-wall-clock-allowance-already-spent: ResourceExhaustion/AllowanceExhausted/0/-/-/WallClock/Runtime
     entry a-token-that-was-already-cancelled: Cancellation/Cancelled/0/-/-/-/-
     entry a-profile-the-catalog-does-not-hold: UnsupportedProfile/ProfileNotInCatalog/0/-/-/-/-
     entry wide-a-function-row-the-format-cannot-represent: InvalidArtifact/InconsistentStructure/1601/-/-/-/-
     entry wide-an-entry-point-naming-no-code-unit: InvalidArtifact/InconsistentStructure/1602/-/-/-/-
     entry wide-code-units-that-do-not-tile-the-code-section: InvalidArtifact/InconsistentStructure/1603/-/-/-/-
     entry wide-a-scope-popped-past-the-frame: InvalidArtifact/InconsistentStructure/1604/-/-/-/-
     entry wide-an-exception-handler-outside-its-code-unit: InvalidArtifact/InconsistentStructure/1605/-/-/-/-
     entry wide-a-surface-declared-twice: InvalidArtifact/InconsistentStructure/1606/-/-/-/-
     entry wide-a-surface-this-build-does-not-implement: InvalidArtifact/UnknownFeature/1607/-/-/-/-
     entry wide-a-surface-the-composition-declined: InvalidArtifact/UnsupportedFeatureManifest/1608/-/-/-/-
     entry wide-a-suspension-outside-a-generator: InvalidArtifact/SemanticValidationFailed/1609/-/-/-/-
     entry wide-a-generator-that-is-also-the-program-body: InvalidArtifact/InconsistentStructure/1610/-/-/-/-
     entry wide-an-await-outside-an-async-function: InvalidArtifact/SemanticValidationFailed/1611/-/-/-/-
     entry wide-an-async-function-that-is-also-the-program-body: InvalidArtifact/InconsistentStructure/1612/-/-/-/-
     entry wide-an-async-iteration-step-outside-an-async-function: InvalidArtifact/SemanticValidationFailed/1630/-/-/-/-
     entry wide-a-class-element-whose-flags-contradict: InvalidArtifact/InconsistentStructure/1621/-/-/-/-
     entry wide-an-import-call-with-no-surface-declared: InvalidArtifact/UnknownFeature/1622/-/-/-/-
     entry wide-a-native-payload-no-surface-declares: InvalidArtifact/UnknownFeature/1623/-/-/-/-
     entry wide-a-native-code-section-that-disagrees-with-itself: InvalidArtifact/InconsistentStructure/1624/-/-/-/-
     entry wide-the-native-surface-a-composition-declined: InvalidArtifact/UnsupportedFeatureManifest/1608/-/-/-/-
     entry wide-a-native-payload-for-an-architecture-no-host-arms: ProfileFault/UnsatisfiedHostAssumption/0/-/-/-/-
     entry wide-a-native-payload-of-four-zero-bytes: InvalidArtifact/InconsistentStructure/1625/-/-1:0:0:0/-/-
     entry wide-a-baseline-payload-calling-an-undefined-slot: InvalidArtifact/InconsistentStructure/1625/-/-1:23:0:0/-/-
     entry wide-an-emitted-unit-that-ends-without-a-return: InvalidArtifact/InconsistentStructure/1625/-/-1:7:0:0/-/-
     entry wide-a-branch-that-leaves-its-code-unit: InvalidArtifact/InconsistentStructure/1625/-/-1:0:0:0/-/-
     entry wide-a-return-code-no-backend-materialises: InvalidArtifact/InconsistentStructure/1625/-/-1:0:0:0/-/-
     entry wide-a-word-after-an-emitted-units-return: InvalidArtifact/InconsistentStructure/1625/-/-1:4:0:0/-/-
     entry wide-an-emitted-payload-every-word-of-which-is-a-template: ProfileFault/UnsatisfiedHostAssumption/0/-/-/-/-
     entry wide-a-version-1-artifact-announced-as-version-2: InvalidArtifact/DescriptorMismatch/1003/-/-/-/-
     entry wide-a-slice-manifest-announced-as-the-wide-one: InvalidArtifact/DescriptorMismatch/1006/-/-/-/-
     entry wide-a-method-called-through-a-property: Normal/NormalCompleted/0/7/-/-/-
     entry modules-a-module-section-no-surface-declares: InvalidArtifact/UnknownFeature/1613/-/-/-/-
     entry modules-a-module-row-the-format-cannot-represent: InvalidArtifact/InconsistentStructure/1614/-/-/-/-
     entry modules-a-request-naming-no-module: InvalidArtifact/InconsistentStructure/1615/-/-/-/-
     entry modules-an-import-of-a-name-nothing-exports: InvalidArtifact/InconsistentStructure/1616/-/-/-/-
     entry modules-a-name-two-star-re-exports-supply: InvalidArtifact/InconsistentStructure/1617/-/-/-/-
     entry modules-a-cyclic-export-resolution: InvalidArtifact/InconsistentStructure/1618/-/-/-/-
     entry modules-a-module-artifact-with-no-resolver: InvalidArtifact/UnsupportedFeatureManifest/1619/-/-/-/-
     entry modules-the-module-surface-with-no-module-records: InvalidArtifact/InconsistentStructure/1620/-/-/-/-
     entry modules-a-live-binding-read-after-a-write: Normal/NormalCompleted/0/3/-/-/-
ok   unsupported-profile-examines-no-payload-byte: UnsupportedProfile/ProfileNotInCatalog over an empty payload
ok   execution-step-kinds: Instantiated, Completed, Faulted as a ReferenceError, and ContractViolation from a resume
ok   neither suspension row is declared and nothing this root runs parks: neither row is declared, and the pause this profile does make is a guest suspension between two job turns that only a host asking for the turn as its unit reaches; no entry this root replays asks
ok   operand-stack-sized-from-verification: the artifact declared 16 and verification computed 2
ok   the-caller-buffer-may-change-afterwards: the buffer was overwritten after verification and the answer did not move
ok   the-fuzz-guidance-loop-is-wired: a new answer is kept, a repeat is not, and every offer is counted
ok   corpus-replay: 129 entries replayed to their recorded answers
ok   corpus-replays-twice-with-no-residue: both passes agreed row for row
ok   the-corpus-contains-passing-controls: 43 entries verify successfully
ok   five-verifier-outcomes: Cancellation, InvalidArtifact, Normal, ProfileFault, ResourceExhaustion, UnsupportedProfile
ok   every-invalid-artifact-carries-a-diagnostic-code: 75 entries, each with a code
ok   an-exhaustion-names-a-dimension-and-a-scope-and-nothing-else-does: 7 exhaustion entries name a pair, 122 name none
ok   every-dimension-this-host-can-tighten-is-pinned-by-one-entry: 7 dimensions, one entry each: AllocatedBytes, ArtifactBytes, DeclaredCount, SectionCount, StructuralDepth, VerifierWork, WallClock
ok   two-siblings-under-one-parent-spend-one-total: 28 invocations completed and 100 were refused across two siblings; the parent spent 4000 of 4000 fuel. Which sibling was refused is not asserted: both draw on one total and the order is a race
ok   a-parent-with-a-live-child-refuses-disposal: with 1 live child the parent answered InvalidState/AggregateBudgetHasLiveRuntimes; after the child was disposed it answered Accepted
ok   a-sealed-parent-admits-no-further-runtime: sealing answered Accepted; a runtime created afterwards was refused with ResourceExhaustion/ParentExhausted
ok   recycled-runtimes-reach-a-heap-plateau: 10000 of 10000 cycles completed; the heap went from 355528 bytes at the midpoint to 350592 at the end, a factor of 0.99 against a band of 1.2. Both readings are after warm-up, which is what makes them comparable in every publish mode. This is a plateau check and not a measurement. The curve, as cycle=bytes: 0=353224 625=355464 1250=355464 1875=355464 2500=355464 3125=355528 3750=355528 4375=355528 5000=355528 5625=355656 6250=355656 6875=355656 7500=355656 8125=355656 8750=355656 9375=355656 10000=350592
ok   a composition declining modules, and one with no resolver, each refuse by name: admitted: Normal/NormalCompleted/0; surface declined: InvalidArtifact/UnsupportedFeatureManifest/1608; no resolver: InvalidArtifact/UnsupportedFeatureManifest/1619
ok   ceilings-are-materialised-before-the-first-byte-is-read: ResourceExhaustion/ArtifactBytes over 89 bytes against a ceiling of 4, with 0 meter events; 129 corpus entries are held to the two checks below
ok   a-well-formed-artifact-does-charge-for-what-it-allocates: addition charges 88 allocated bytes and 97 work units across 91 meter events
ok   a-declaration-past-its-bound-sizes-nothing: 4 entries refused with zero allocated bytes: a-constant-count-far-beyond-what-the-artifact-carries, more-constants-than-the-limits-section-admits, a-declared-maximum-above-the-formats-own-ceiling, more-frames-than-the-slice-has
ok   allocation-is-proportional-to-the-bytes-present-not-to-what-they-declare: 129 entries under 64 allocated bytes per artifact byte; the highest is 3.3 at source-continue-reaches-the-update
broiler-js-execution-only: 22 checks passed, core contract version 1


[executiononly/trimmed] publish exit 0
dotnet publish src\compositions\Broiler.VM.Composition.JavaScript.ExecutionOnly\Broiler.VM.Composition.JavaScript.ExecutionOnly.csproj -c Release --nologo -p:TreatWarningsAsErrors=true -o D:\Broiler.VM\artifacts\js-publish\executiononly\trimmed -r win-x64 --self-contained true
  Wiederherzustellende Projekte werden ermittelt...
  "D:\Broiler.VM\src\Broiler.VM.Abstractions\Broiler.VM.Abstractions.csproj" wiederhergestellt (in 198 ms.).
  "D:\Broiler.VM\src\Broiler.VM.Profile.JavaScript.Format\Broiler.VM.Profile.JavaScript.Format.csproj" wiederhergestellt (in 198 ms.).
  "D:\Broiler.VM\src\Broiler.VM.Binary\Broiler.VM.Binary.csproj" wiederhergestellt (in 198 ms.).
  "D:\Broiler.VM\src\Broiler.VM.Runtime\Broiler.VM.Runtime.csproj" wiederhergestellt (in 205 ms.).
  "D:\Broiler.VM\src\Broiler.VM.Profile.JavaScript\Broiler.VM.Profile.JavaScript.csproj" wiederhergestellt (in 205 ms.).
  "D:\Broiler.VM\src\compositions\Broiler.VM.Composition.JavaScript.ExecutionOnly\Broiler.VM.Composition.JavaScript.ExecutionOnly.csproj" wiederhergestellt (in 207 ms.).
  Broiler.VM.Abstractions -> D:\Broiler.VM\src\Broiler.VM.Abstractions\bin\Release\net10.0\Broiler.VM.Abstractions.dll
  Broiler.VM.Profile.JavaScript.Format -> D:\Broiler.VM\src\Broiler.VM.Profile.JavaScript.Format\bin\Release\net10.0\Broiler.VM.Profile.JavaScript.Format.dll
  Broiler.VM.Binary -> D:\Broiler.VM\src\Broiler.VM.Binary\bin\Release\net10.0\Broiler.VM.Binary.dll
  Broiler.VM.Runtime -> D:\Broiler.VM\src\Broiler.VM.Runtime\bin\Release\net10.0\Broiler.VM.Runtime.dll
  Broiler.VM.Profile.JavaScript -> D:\Broiler.VM\src\Broiler.VM.Profile.JavaScript\bin\Release\net10.0\Broiler.VM.Profile.JavaScript.dll
  Broiler.VM.Composition.JavaScript.ExecutionOnly -> D:\Broiler.VM\src\compositions\Broiler.VM.Composition.JavaScript.ExecutionOnly\bin\Release\net10.0\win-x64\Broiler.VM.Composition.JavaScript.ExecutionOnly.dll
  Assemblys werden für die Größe optimiert. Dieser Vorgang kann eine Weile dauern.
  Broiler.VM.Composition.JavaScript.ExecutionOnly -> D:\Broiler.VM\artifacts\js-publish\executiononly\trimmed\


[executiononly/trimmed] --closure exit 0
# broiler-vm-composition core-contract-version=1
composition Broiler.VM.Composition.JavaScript.ExecutionOnly
label execution-only
carries-lowering no
profiles 1
profile broiler.javascript Broiler.VM.Profile.JavaScript 1 4
manifest broiler.javascript.slice broiler.javascript.wide broiler.javascript.numeric
format-versions 1 2


[executiononly/trimmed/corpus] run exit 0
     entry addition: Normal/NormalCompleted/0/42/-/-/-
     entry division-by-zero: Normal/NormalCompleted/0/Infinity/-/-/-
     entry zero-over-zero: Normal/NormalCompleted/0/NaN/-/-/-
     entry negative-zero-division: Normal/NormalCompleted/0/-Infinity/-/-/-
     entry remainder-takes-the-dividends-sign: Normal/NormalCompleted/0/-2/-/-/-
     entry bitwise-or-goes-through-to-int32: Normal/NormalCompleted/0/-2147483648/-/-/-
     entry unsigned-shift-goes-through-to-uint32: Normal/NormalCompleted/0/4294967295/-/-/-
     entry comparison-produces-a-boolean: Normal/NormalCompleted/0/true/-/-/-
     entry not-a-number-is-not-itself: Normal/NormalCompleted/0/false/-/-/-
     entry a-boolean-adds-as-one: Normal/NormalCompleted/0/2/-/-/-
     entry strict-equality-compares-kinds: Normal/NormalCompleted/0/false/-/-/-
     entry an-unassigned-local-is-undefined: Normal/NormalCompleted/0/undefined/-/-/-
     entry a-counting-loop: Normal/NormalCompleted/0/55/-/-/-
     entry a-taken-conditional: Normal/NormalCompleted/0/1/-/-/-
     entry an-untaken-conditional: Normal/NormalCompleted/0/2/-/-/-
     entry two-entry-points: Normal/NormalCompleted/0/1/-/-/-
     entry source-multiplication-binds-tighter: Normal/NormalCompleted/0/7/-/-/-
     entry source-parentheses-regroup: Normal/NormalCompleted/0/9/-/-/-
     entry source-subtraction-is-left-associative: Normal/NormalCompleted/0/5/-/-/-
     entry source-assignment-is-right-associative: Normal/NormalCompleted/0/14/-/-/-
     entry source-unary-minus-binds-tighter-than-a-shift: Normal/NormalCompleted/0/4294967295/-/-/-
     entry source-unary-plus-is-to-number: Normal/NormalCompleted/0/1/-/-/-
     entry source-remainder-takes-the-dividends-sign: Normal/NormalCompleted/0/-2/-/-/-
     entry source-a-hexadecimal-literal: Normal/NormalCompleted/0/255/-/-/-
     entry source-a-comparison-produces-a-boolean: Normal/NormalCompleted/0/true/-/-/-
     entry source-strict-equality-compares-kinds: Normal/NormalCompleted/0/false/-/-/-
     entry source-logical-or-answers-its-operand: Normal/NormalCompleted/0/5/-/-/-
     entry source-logical-and-answers-its-operand: Normal/NormalCompleted/0/0/-/-/-
     entry source-logical-and-does-not-evaluate-the-right-side: Normal/NormalCompleted/0/0/-/-/-
     entry source-a-conditional-expression: Normal/NormalCompleted/0/10/-/-/-
     entry source-a-var-is-visible-before-its-declaration: Normal/NormalCompleted/0/undefined/-/-/-
     entry source-a-block-scopes-a-let: Normal/NormalCompleted/0/1/-/-/-
     entry source-a-declaration-without-an-initialiser: Normal/NormalCompleted/0/undefined/-/-/-
     entry source-a-counting-for-loop: Normal/NormalCompleted/0/55/-/-/-
     entry source-break-leaves-the-loop: Normal/NormalCompleted/0/3/-/-/-
     entry source-continue-reaches-the-update: Normal/NormalCompleted/0/12/-/-/-
     entry source-a-do-while-runs-once: Normal/NormalCompleted/0/1/-/-/-
     entry source-an-untaken-else: Normal/NormalCompleted/0/2/-/-/-
     entry source-a-semicolon-is-inserted: Normal/NormalCompleted/0/3/-/-/-
     entry source-a-comment-is-not-code: Normal/NormalCompleted/0/3/-/-/-
     entry source-a-directive-prologue-is-not-the-completion-value: Normal/NormalCompleted/0/2/-/-/-
     entry wrong-magic: InvalidArtifact/MalformedEncoding/1001/-/-1:0:0:0/-/-
     entry unsupported-format-version: InvalidArtifact/UnsupportedProfileFormatVersion/1002/-/-/-/-
     entry a-manifest-this-build-does-not-accept: InvalidArtifact/UnsupportedFeatureManifest/1004/-/-/-/-
     entry a-manifest-identity-longer-than-the-format-admits: InvalidArtifact/InconsistentStructure/1005/-/-/-/-
     entry an-overlong-variable-length-integer: InvalidArtifact/MalformedEncoding/1902/-/-/-/-
     entry trailing-bytes: InvalidArtifact/InconsistentStructure/1104/-/-/-/-
     entry an-unknown-section-kind: InvalidArtifact/UnknownFeature/1101/-/-/-/-
     entry a-duplicated-section: InvalidArtifact/InconsistentStructure/1102/-/-/-/-
     entry sections-out-of-order: InvalidArtifact/InconsistentStructure/1102/-/-/-/-
     entry no-code-section: InvalidArtifact/InconsistentStructure/1103/-/-/-/-
     entry a-section-shorter-than-it-declared: InvalidArtifact/InconsistentStructure/1105/-/-/-/-
     entry a-truncated-payload: InvalidArtifact/Truncated/1901/-/-/-/-
     entry more-frames-than-the-slice-has: InvalidArtifact/UnknownFeature/1202/-/-/-/-
     entry a-declared-maximum-above-the-formats-own-ceiling: InvalidArtifact/InconsistentStructure/1201/-/-/-/-
     entry an-interned-name-the-manifest-excludes: InvalidArtifact/UnknownFeature/1304/-/-/-/-
     entry an-unknown-constant-tag: InvalidArtifact/UnknownFeature/1301/-/-/-/-
     entry a-boolean-constant-that-is-neither: InvalidArtifact/MalformedEncoding/1302/-/-/-/-
     entry more-constants-than-the-limits-section-admits: InvalidArtifact/InconsistentStructure/1303/-/-/-/-
     entry a-constant-count-far-beyond-what-the-artifact-carries: InvalidArtifact/InconsistentStructure/1303/-/-/-/-
     entry an-exception-region-the-manifest-excludes: InvalidArtifact/UnknownFeature/1507/-/-/-/-
     entry a-suspension-target-the-manifest-excludes: InvalidArtifact/UnknownFeature/1508/-/-/-/-
     entry an-unknown-opcode: InvalidArtifact/UnknownFeature/1401/-/2:0:0:0/-/-
     entry a-code-section-of-no-length: InvalidArtifact/InconsistentStructure/1410/-/-/-/-
     entry an-instruction-whose-operand-runs-off-the-end: InvalidArtifact/Truncated/1402/-/-/-/-
     entry a-jump-out-of-range: InvalidArtifact/InconsistentStructure/1403/-/-/-/-
     entry a-jump-into-an-operand: InvalidArtifact/InconsistentStructure/1403/-/-/-/-
     entry an-operand-stack-underflow: InvalidArtifact/SemanticValidationFailed/1405/-/-/-/-
     entry an-operand-stack-deeper-than-declared: InvalidArtifact/SemanticValidationFailed/1406/-/-/-/-
     entry two-paths-reaching-one-offset-at-different-heights: InvalidArtifact/InconsistentStructure/1404/-/-/-/-
     entry an-instruction-no-entry-point-reaches: InvalidArtifact/InconsistentStructure/1411/-/-/-/-
     entry code-that-falls-off-the-end: InvalidArtifact/SemanticValidationFailed/1409/-/-/-/-
     entry a-constant-index-past-the-pool: InvalidArtifact/SemanticValidationFailed/1407/-/-/-/-
     entry a-local-index-past-the-frame: InvalidArtifact/SemanticValidationFailed/1408/-/-/-/-
     entry a-return-that-leaves-more-than-the-completion-value: InvalidArtifact/SemanticValidationFailed/1412/-/-/-/-
     entry no-entry-point: InvalidArtifact/InconsistentStructure/1501/-/-/-/-
     entry a-duplicated-entry-point: InvalidArtifact/InconsistentStructure/1502/-/-/-/-
     entry an-entry-point-inside-an-operand: InvalidArtifact/InconsistentStructure/1503/-/-/-/-
     entry a-position-row-inside-an-operand: InvalidArtifact/InconsistentStructure/1506/-/2:1:1:1/-/-
     entry an-entry-point-name-of-no-length: InvalidArtifact/InconsistentStructure/1504/-/-/-/-
     entry an-entry-point-reached-with-operands-on-the-stack: InvalidArtifact/SemanticValidationFailed/1505/-/-/-/-
     entry a-refusal-covered-by-the-second-position-row: InvalidArtifact/UnknownFeature/1401/-/2:3:7:5/-/-
     entry an-artifact-larger-than-this-host-admits: ResourceExhaustion/CeilingReached/0/-/-/ArtifactBytes/Artifact
     entry a-section-count-ceiling-this-host-declined: ResourceExhaustion/CeilingReached/0/-/-/SectionCount/Artifact
     entry a-declared-count-ceiling-this-host-declined: ResourceExhaustion/CeilingReached/0/-/-/DeclaredCount/Artifact
     entry a-structural-depth-ceiling-this-host-declined: ResourceExhaustion/CeilingReached/0/-/-/StructuralDepth/Artifact
     entry an-allocation-this-host-declined: ResourceExhaustion/AllowanceExhausted/0/-/-/AllocatedBytes/Runtime
     entry a-verifier-work-allowance-this-host-spent: ResourceExhaustion/AllowanceExhausted/0/-/-/VerifierWork/Runtime
     entry a-wall-clock-allowance-already-spent: ResourceExhaustion/AllowanceExhausted/0/-/-/WallClock/Runtime
     entry a-token-that-was-already-cancelled: Cancellation/Cancelled/0/-/-/-/-
     entry a-profile-the-catalog-does-not-hold: UnsupportedProfile/ProfileNotInCatalog/0/-/-/-/-
     entry wide-a-function-row-the-format-cannot-represent: InvalidArtifact/InconsistentStructure/1601/-/-/-/-
     entry wide-an-entry-point-naming-no-code-unit: InvalidArtifact/InconsistentStructure/1602/-/-/-/-
     entry wide-code-units-that-do-not-tile-the-code-section: InvalidArtifact/InconsistentStructure/1603/-/-/-/-
     entry wide-a-scope-popped-past-the-frame: InvalidArtifact/InconsistentStructure/1604/-/-/-/-
     entry wide-an-exception-handler-outside-its-code-unit: InvalidArtifact/InconsistentStructure/1605/-/-/-/-
     entry wide-a-surface-declared-twice: InvalidArtifact/InconsistentStructure/1606/-/-/-/-
     entry wide-a-surface-this-build-does-not-implement: InvalidArtifact/UnknownFeature/1607/-/-/-/-
     entry wide-a-surface-the-composition-declined: InvalidArtifact/UnsupportedFeatureManifest/1608/-/-/-/-
     entry wide-a-suspension-outside-a-generator: InvalidArtifact/SemanticValidationFailed/1609/-/-/-/-
     entry wide-a-generator-that-is-also-the-program-body: InvalidArtifact/InconsistentStructure/1610/-/-/-/-
     entry wide-an-await-outside-an-async-function: InvalidArtifact/SemanticValidationFailed/1611/-/-/-/-
     entry wide-an-async-function-that-is-also-the-program-body: InvalidArtifact/InconsistentStructure/1612/-/-/-/-
     entry wide-an-async-iteration-step-outside-an-async-function: InvalidArtifact/SemanticValidationFailed/1630/-/-/-/-
     entry wide-a-class-element-whose-flags-contradict: InvalidArtifact/InconsistentStructure/1621/-/-/-/-
     entry wide-an-import-call-with-no-surface-declared: InvalidArtifact/UnknownFeature/1622/-/-/-/-
     entry wide-a-native-payload-no-surface-declares: InvalidArtifact/UnknownFeature/1623/-/-/-/-
     entry wide-a-native-code-section-that-disagrees-with-itself: InvalidArtifact/InconsistentStructure/1624/-/-/-/-
     entry wide-the-native-surface-a-composition-declined: InvalidArtifact/UnsupportedFeatureManifest/1608/-/-/-/-
     entry wide-a-native-payload-for-an-architecture-no-host-arms: ProfileFault/UnsatisfiedHostAssumption/0/-/-/-/-
     entry wide-a-native-payload-of-four-zero-bytes: InvalidArtifact/InconsistentStructure/1625/-/-1:0:0:0/-/-
     entry wide-a-baseline-payload-calling-an-undefined-slot: InvalidArtifact/InconsistentStructure/1625/-/-1:23:0:0/-/-
     entry wide-an-emitted-unit-that-ends-without-a-return: InvalidArtifact/InconsistentStructure/1625/-/-1:7:0:0/-/-
     entry wide-a-branch-that-leaves-its-code-unit: InvalidArtifact/InconsistentStructure/1625/-/-1:0:0:0/-/-
     entry wide-a-return-code-no-backend-materialises: InvalidArtifact/InconsistentStructure/1625/-/-1:0:0:0/-/-
     entry wide-a-word-after-an-emitted-units-return: InvalidArtifact/InconsistentStructure/1625/-/-1:4:0:0/-/-
     entry wide-an-emitted-payload-every-word-of-which-is-a-template: ProfileFault/UnsatisfiedHostAssumption/0/-/-/-/-
     entry wide-a-version-1-artifact-announced-as-version-2: InvalidArtifact/DescriptorMismatch/1003/-/-/-/-
     entry wide-a-slice-manifest-announced-as-the-wide-one: InvalidArtifact/DescriptorMismatch/1006/-/-/-/-
     entry wide-a-method-called-through-a-property: Normal/NormalCompleted/0/7/-/-/-
     entry modules-a-module-section-no-surface-declares: InvalidArtifact/UnknownFeature/1613/-/-/-/-
     entry modules-a-module-row-the-format-cannot-represent: InvalidArtifact/InconsistentStructure/1614/-/-/-/-
     entry modules-a-request-naming-no-module: InvalidArtifact/InconsistentStructure/1615/-/-/-/-
     entry modules-an-import-of-a-name-nothing-exports: InvalidArtifact/InconsistentStructure/1616/-/-/-/-
     entry modules-a-name-two-star-re-exports-supply: InvalidArtifact/InconsistentStructure/1617/-/-/-/-
     entry modules-a-cyclic-export-resolution: InvalidArtifact/InconsistentStructure/1618/-/-/-/-
     entry modules-a-module-artifact-with-no-resolver: InvalidArtifact/UnsupportedFeatureManifest/1619/-/-/-/-
     entry modules-the-module-surface-with-no-module-records: InvalidArtifact/InconsistentStructure/1620/-/-/-/-
     entry modules-a-live-binding-read-after-a-write: Normal/NormalCompleted/0/3/-/-/-
ok   unsupported-profile-examines-no-payload-byte: UnsupportedProfile/ProfileNotInCatalog over an empty payload
ok   execution-step-kinds: Instantiated, Completed, Faulted as a ReferenceError, and ContractViolation from a resume
ok   neither suspension row is declared and nothing this root runs parks: neither row is declared, and the pause this profile does make is a guest suspension between two job turns that only a host asking for the turn as its unit reaches; no entry this root replays asks
ok   operand-stack-sized-from-verification: the artifact declared 16 and verification computed 2
ok   the-caller-buffer-may-change-afterwards: the buffer was overwritten after verification and the answer did not move
ok   the-fuzz-guidance-loop-is-wired: a new answer is kept, a repeat is not, and every offer is counted
ok   corpus-replay: 129 entries replayed to their recorded answers
ok   corpus-replays-twice-with-no-residue: both passes agreed row for row
ok   the-corpus-contains-passing-controls: 43 entries verify successfully
ok   five-verifier-outcomes: Cancellation, InvalidArtifact, Normal, ProfileFault, ResourceExhaustion, UnsupportedProfile
ok   every-invalid-artifact-carries-a-diagnostic-code: 75 entries, each with a code
ok   an-exhaustion-names-a-dimension-and-a-scope-and-nothing-else-does: 7 exhaustion entries name a pair, 122 name none
ok   every-dimension-this-host-can-tighten-is-pinned-by-one-entry: 7 dimensions, one entry each: AllocatedBytes, ArtifactBytes, DeclaredCount, SectionCount, StructuralDepth, VerifierWork, WallClock
ok   two-siblings-under-one-parent-spend-one-total: 28 invocations completed and 100 were refused across two siblings; the parent spent 4000 of 4000 fuel. Which sibling was refused is not asserted: both draw on one total and the order is a race
ok   a-parent-with-a-live-child-refuses-disposal: with 1 live child the parent answered InvalidState/AggregateBudgetHasLiveRuntimes; after the child was disposed it answered Accepted
ok   a-sealed-parent-admits-no-further-runtime: sealing answered Accepted; a runtime created afterwards was refused with ResourceExhaustion/ParentExhausted
ok   recycled-runtimes-reach-a-heap-plateau: 10000 of 10000 cycles completed; the heap went from 324232 bytes at the midpoint to 319296 at the end, a factor of 0.98 against a band of 1.2. Both readings are after warm-up, which is what makes them comparable in every publish mode. This is a plateau check and not a measurement. The curve, as cycle=bytes: 0=321928 625=324168 1250=324168 1875=324168 2500=324168 3125=324232 3750=324232 4375=324232 5000=324232 5625=324360 6250=324360 6875=324360 7500=324360 8125=324360 8750=324360 9375=324360 10000=319296
ok   a composition declining modules, and one with no resolver, each refuse by name: admitted: Normal/NormalCompleted/0; surface declined: InvalidArtifact/UnsupportedFeatureManifest/1608; no resolver: InvalidArtifact/UnsupportedFeatureManifest/1619
ok   ceilings-are-materialised-before-the-first-byte-is-read: ResourceExhaustion/ArtifactBytes over 89 bytes against a ceiling of 4, with 0 meter events; 129 corpus entries are held to the two checks below
ok   a-well-formed-artifact-does-charge-for-what-it-allocates: addition charges 88 allocated bytes and 97 work units across 91 meter events
ok   a-declaration-past-its-bound-sizes-nothing: 4 entries refused with zero allocated bytes: a-constant-count-far-beyond-what-the-artifact-carries, more-constants-than-the-limits-section-admits, a-declared-maximum-above-the-formats-own-ceiling, more-frames-than-the-slice-has
ok   allocation-is-proportional-to-the-bytes-present-not-to-what-they-declare: 129 entries under 64 allocated bytes per artifact byte; the highest is 3.3 at source-continue-reaches-the-update
broiler-js-execution-only: 22 checks passed, core contract version 1


[executiononly/aot] publish exit 0
dotnet publish src\compositions\Broiler.VM.Composition.JavaScript.ExecutionOnly\Broiler.VM.Composition.JavaScript.ExecutionOnly.csproj -c Release --nologo -p:TreatWarningsAsErrors=true -o D:\Broiler.VM\artifacts\js-publish\executiononly\aot -r win-x64 -p:PublishAot=true
  Wiederherzustellende Projekte werden ermittelt...
  "D:\Broiler.VM\src\Broiler.VM.Profile.JavaScript.Format\Broiler.VM.Profile.JavaScript.Format.csproj" wiederhergestellt (in 262 ms.).
  "D:\Broiler.VM\src\Broiler.VM.Binary\Broiler.VM.Binary.csproj" wiederhergestellt (in 262 ms.).
  "D:\Broiler.VM\src\Broiler.VM.Runtime\Broiler.VM.Runtime.csproj" wiederhergestellt (in 262 ms.).
  "D:\Broiler.VM\src\Broiler.VM.Abstractions\Broiler.VM.Abstractions.csproj" wiederhergestellt (in 262 ms.).
  "D:\Broiler.VM\src\Broiler.VM.Profile.JavaScript\Broiler.VM.Profile.JavaScript.csproj" wiederhergestellt (in 262 ms.).
  "D:\Broiler.VM\src\compositions\Broiler.VM.Composition.JavaScript.ExecutionOnly\Broiler.VM.Composition.JavaScript.ExecutionOnly.csproj" wiederhergestellt (in 262 ms.).
  Broiler.VM.Binary -> D:\Broiler.VM\src\Broiler.VM.Binary\bin\Release\net10.0\Broiler.VM.Binary.dll
  Broiler.VM.Abstractions -> D:\Broiler.VM\src\Broiler.VM.Abstractions\bin\Release\net10.0\Broiler.VM.Abstractions.dll
  Broiler.VM.Profile.JavaScript.Format -> D:\Broiler.VM\src\Broiler.VM.Profile.JavaScript.Format\bin\Release\net10.0\Broiler.VM.Profile.JavaScript.Format.dll
  Broiler.VM.Runtime -> D:\Broiler.VM\src\Broiler.VM.Runtime\bin\Release\net10.0\Broiler.VM.Runtime.dll
  Broiler.VM.Profile.JavaScript -> D:\Broiler.VM\src\Broiler.VM.Profile.JavaScript\bin\Release\net10.0\Broiler.VM.Profile.JavaScript.dll
  Broiler.VM.Composition.JavaScript.ExecutionOnly -> D:\Broiler.VM\src\compositions\Broiler.VM.Composition.JavaScript.ExecutionOnly\bin\Release\net10.0\win-x64\Broiler.VM.Composition.JavaScript.ExecutionOnly.dll
  Generating native code
  Broiler.VM.Composition.JavaScript.ExecutionOnly -> D:\Broiler.VM\artifacts\js-publish\executiononly\aot\


[executiononly/aot] --closure exit 0
# broiler-vm-composition core-contract-version=1
composition Broiler.VM.Composition.JavaScript.ExecutionOnly
label execution-only
carries-lowering no
profiles 1
profile broiler.javascript Broiler.VM.Profile.JavaScript 1 4
manifest broiler.javascript.slice broiler.javascript.wide broiler.javascript.numeric
format-versions 1 2


[executiononly/aot/corpus] run exit 0
     entry addition: Normal/NormalCompleted/0/42/-/-/-
     entry division-by-zero: Normal/NormalCompleted/0/Infinity/-/-/-
     entry zero-over-zero: Normal/NormalCompleted/0/NaN/-/-/-
     entry negative-zero-division: Normal/NormalCompleted/0/-Infinity/-/-/-
     entry remainder-takes-the-dividends-sign: Normal/NormalCompleted/0/-2/-/-/-
     entry bitwise-or-goes-through-to-int32: Normal/NormalCompleted/0/-2147483648/-/-/-
     entry unsigned-shift-goes-through-to-uint32: Normal/NormalCompleted/0/4294967295/-/-/-
     entry comparison-produces-a-boolean: Normal/NormalCompleted/0/true/-/-/-
     entry not-a-number-is-not-itself: Normal/NormalCompleted/0/false/-/-/-
     entry a-boolean-adds-as-one: Normal/NormalCompleted/0/2/-/-/-
     entry strict-equality-compares-kinds: Normal/NormalCompleted/0/false/-/-/-
     entry an-unassigned-local-is-undefined: Normal/NormalCompleted/0/undefined/-/-/-
     entry a-counting-loop: Normal/NormalCompleted/0/55/-/-/-
     entry a-taken-conditional: Normal/NormalCompleted/0/1/-/-/-
     entry an-untaken-conditional: Normal/NormalCompleted/0/2/-/-/-
     entry two-entry-points: Normal/NormalCompleted/0/1/-/-/-
     entry source-multiplication-binds-tighter: Normal/NormalCompleted/0/7/-/-/-
     entry source-parentheses-regroup: Normal/NormalCompleted/0/9/-/-/-
     entry source-subtraction-is-left-associative: Normal/NormalCompleted/0/5/-/-/-
     entry source-assignment-is-right-associative: Normal/NormalCompleted/0/14/-/-/-
     entry source-unary-minus-binds-tighter-than-a-shift: Normal/NormalCompleted/0/4294967295/-/-/-
     entry source-unary-plus-is-to-number: Normal/NormalCompleted/0/1/-/-/-
     entry source-remainder-takes-the-dividends-sign: Normal/NormalCompleted/0/-2/-/-/-
     entry source-a-hexadecimal-literal: Normal/NormalCompleted/0/255/-/-/-
     entry source-a-comparison-produces-a-boolean: Normal/NormalCompleted/0/true/-/-/-
     entry source-strict-equality-compares-kinds: Normal/NormalCompleted/0/false/-/-/-
     entry source-logical-or-answers-its-operand: Normal/NormalCompleted/0/5/-/-/-
     entry source-logical-and-answers-its-operand: Normal/NormalCompleted/0/0/-/-/-
     entry source-logical-and-does-not-evaluate-the-right-side: Normal/NormalCompleted/0/0/-/-/-
     entry source-a-conditional-expression: Normal/NormalCompleted/0/10/-/-/-
     entry source-a-var-is-visible-before-its-declaration: Normal/NormalCompleted/0/undefined/-/-/-
     entry source-a-block-scopes-a-let: Normal/NormalCompleted/0/1/-/-/-
     entry source-a-declaration-without-an-initialiser: Normal/NormalCompleted/0/undefined/-/-/-
     entry source-a-counting-for-loop: Normal/NormalCompleted/0/55/-/-/-
     entry source-break-leaves-the-loop: Normal/NormalCompleted/0/3/-/-/-
     entry source-continue-reaches-the-update: Normal/NormalCompleted/0/12/-/-/-
     entry source-a-do-while-runs-once: Normal/NormalCompleted/0/1/-/-/-
     entry source-an-untaken-else: Normal/NormalCompleted/0/2/-/-/-
     entry source-a-semicolon-is-inserted: Normal/NormalCompleted/0/3/-/-/-
     entry source-a-comment-is-not-code: Normal/NormalCompleted/0/3/-/-/-
     entry source-a-directive-prologue-is-not-the-completion-value: Normal/NormalCompleted/0/2/-/-/-
     entry wrong-magic: InvalidArtifact/MalformedEncoding/1001/-/-1:0:0:0/-/-
     entry unsupported-format-version: InvalidArtifact/UnsupportedProfileFormatVersion/1002/-/-/-/-
     entry a-manifest-this-build-does-not-accept: InvalidArtifact/UnsupportedFeatureManifest/1004/-/-/-/-
     entry a-manifest-identity-longer-than-the-format-admits: InvalidArtifact/InconsistentStructure/1005/-/-/-/-
     entry an-overlong-variable-length-integer: InvalidArtifact/MalformedEncoding/1902/-/-/-/-
     entry trailing-bytes: InvalidArtifact/InconsistentStructure/1104/-/-/-/-
     entry an-unknown-section-kind: InvalidArtifact/UnknownFeature/1101/-/-/-/-
     entry a-duplicated-section: InvalidArtifact/InconsistentStructure/1102/-/-/-/-
     entry sections-out-of-order: InvalidArtifact/InconsistentStructure/1102/-/-/-/-
     entry no-code-section: InvalidArtifact/InconsistentStructure/1103/-/-/-/-
     entry a-section-shorter-than-it-declared: InvalidArtifact/InconsistentStructure/1105/-/-/-/-
     entry a-truncated-payload: InvalidArtifact/Truncated/1901/-/-/-/-
     entry more-frames-than-the-slice-has: InvalidArtifact/UnknownFeature/1202/-/-/-/-
     entry a-declared-maximum-above-the-formats-own-ceiling: InvalidArtifact/InconsistentStructure/1201/-/-/-/-
     entry an-interned-name-the-manifest-excludes: InvalidArtifact/UnknownFeature/1304/-/-/-/-
     entry an-unknown-constant-tag: InvalidArtifact/UnknownFeature/1301/-/-/-/-
     entry a-boolean-constant-that-is-neither: InvalidArtifact/MalformedEncoding/1302/-/-/-/-
     entry more-constants-than-the-limits-section-admits: InvalidArtifact/InconsistentStructure/1303/-/-/-/-
     entry a-constant-count-far-beyond-what-the-artifact-carries: InvalidArtifact/InconsistentStructure/1303/-/-/-/-
     entry an-exception-region-the-manifest-excludes: InvalidArtifact/UnknownFeature/1507/-/-/-/-
     entry a-suspension-target-the-manifest-excludes: InvalidArtifact/UnknownFeature/1508/-/-/-/-
     entry an-unknown-opcode: InvalidArtifact/UnknownFeature/1401/-/2:0:0:0/-/-
     entry a-code-section-of-no-length: InvalidArtifact/InconsistentStructure/1410/-/-/-/-
     entry an-instruction-whose-operand-runs-off-the-end: InvalidArtifact/Truncated/1402/-/-/-/-
     entry a-jump-out-of-range: InvalidArtifact/InconsistentStructure/1403/-/-/-/-
     entry a-jump-into-an-operand: InvalidArtifact/InconsistentStructure/1403/-/-/-/-
     entry an-operand-stack-underflow: InvalidArtifact/SemanticValidationFailed/1405/-/-/-/-
     entry an-operand-stack-deeper-than-declared: InvalidArtifact/SemanticValidationFailed/1406/-/-/-/-
     entry two-paths-reaching-one-offset-at-different-heights: InvalidArtifact/InconsistentStructure/1404/-/-/-/-
     entry an-instruction-no-entry-point-reaches: InvalidArtifact/InconsistentStructure/1411/-/-/-/-
     entry code-that-falls-off-the-end: InvalidArtifact/SemanticValidationFailed/1409/-/-/-/-
     entry a-constant-index-past-the-pool: InvalidArtifact/SemanticValidationFailed/1407/-/-/-/-
     entry a-local-index-past-the-frame: InvalidArtifact/SemanticValidationFailed/1408/-/-/-/-
     entry a-return-that-leaves-more-than-the-completion-value: InvalidArtifact/SemanticValidationFailed/1412/-/-/-/-
     entry no-entry-point: InvalidArtifact/InconsistentStructure/1501/-/-/-/-
     entry a-duplicated-entry-point: InvalidArtifact/InconsistentStructure/1502/-/-/-/-
     entry an-entry-point-inside-an-operand: InvalidArtifact/InconsistentStructure/1503/-/-/-/-
     entry a-position-row-inside-an-operand: InvalidArtifact/InconsistentStructure/1506/-/2:1:1:1/-/-
     entry an-entry-point-name-of-no-length: InvalidArtifact/InconsistentStructure/1504/-/-/-/-
     entry an-entry-point-reached-with-operands-on-the-stack: InvalidArtifact/SemanticValidationFailed/1505/-/-/-/-
     entry a-refusal-covered-by-the-second-position-row: InvalidArtifact/UnknownFeature/1401/-/2:3:7:5/-/-
     entry an-artifact-larger-than-this-host-admits: ResourceExhaustion/CeilingReached/0/-/-/ArtifactBytes/Artifact
     entry a-section-count-ceiling-this-host-declined: ResourceExhaustion/CeilingReached/0/-/-/SectionCount/Artifact
     entry a-declared-count-ceiling-this-host-declined: ResourceExhaustion/CeilingReached/0/-/-/DeclaredCount/Artifact
     entry a-structural-depth-ceiling-this-host-declined: ResourceExhaustion/CeilingReached/0/-/-/StructuralDepth/Artifact
     entry an-allocation-this-host-declined: ResourceExhaustion/AllowanceExhausted/0/-/-/AllocatedBytes/Runtime
     entry a-verifier-work-allowance-this-host-spent: ResourceExhaustion/AllowanceExhausted/0/-/-/VerifierWork/Runtime
     entry a-wall-clock-allowance-already-spent: ResourceExhaustion/AllowanceExhausted/0/-/-/WallClock/Runtime
     entry a-token-that-was-already-cancelled: Cancellation/Cancelled/0/-/-/-/-
     entry a-profile-the-catalog-does-not-hold: UnsupportedProfile/ProfileNotInCatalog/0/-/-/-/-
     entry wide-a-function-row-the-format-cannot-represent: InvalidArtifact/InconsistentStructure/1601/-/-/-/-
     entry wide-an-entry-point-naming-no-code-unit: InvalidArtifact/InconsistentStructure/1602/-/-/-/-
     entry wide-code-units-that-do-not-tile-the-code-section: InvalidArtifact/InconsistentStructure/1603/-/-/-/-
     entry wide-a-scope-popped-past-the-frame: InvalidArtifact/InconsistentStructure/1604/-/-/-/-
     entry wide-an-exception-handler-outside-its-code-unit: InvalidArtifact/InconsistentStructure/1605/-/-/-/-
     entry wide-a-surface-declared-twice: InvalidArtifact/InconsistentStructure/1606/-/-/-/-
     entry wide-a-surface-this-build-does-not-implement: InvalidArtifact/UnknownFeature/1607/-/-/-/-
     entry wide-a-surface-the-composition-declined: InvalidArtifact/UnsupportedFeatureManifest/1608/-/-/-/-
     entry wide-a-suspension-outside-a-generator: InvalidArtifact/SemanticValidationFailed/1609/-/-/-/-
     entry wide-a-generator-that-is-also-the-program-body: InvalidArtifact/InconsistentStructure/1610/-/-/-/-
     entry wide-an-await-outside-an-async-function: InvalidArtifact/SemanticValidationFailed/1611/-/-/-/-
     entry wide-an-async-function-that-is-also-the-program-body: InvalidArtifact/InconsistentStructure/1612/-/-/-/-
     entry wide-an-async-iteration-step-outside-an-async-function: InvalidArtifact/SemanticValidationFailed/1630/-/-/-/-
     entry wide-a-class-element-whose-flags-contradict: InvalidArtifact/InconsistentStructure/1621/-/-/-/-
     entry wide-an-import-call-with-no-surface-declared: InvalidArtifact/UnknownFeature/1622/-/-/-/-
     entry wide-a-native-payload-no-surface-declares: InvalidArtifact/UnknownFeature/1623/-/-/-/-
     entry wide-a-native-code-section-that-disagrees-with-itself: InvalidArtifact/InconsistentStructure/1624/-/-/-/-
     entry wide-the-native-surface-a-composition-declined: InvalidArtifact/UnsupportedFeatureManifest/1608/-/-/-/-
     entry wide-a-native-payload-for-an-architecture-no-host-arms: ProfileFault/UnsatisfiedHostAssumption/0/-/-/-/-
     entry wide-a-native-payload-of-four-zero-bytes: InvalidArtifact/InconsistentStructure/1625/-/-1:0:0:0/-/-
     entry wide-a-baseline-payload-calling-an-undefined-slot: InvalidArtifact/InconsistentStructure/1625/-/-1:23:0:0/-/-
     entry wide-an-emitted-unit-that-ends-without-a-return: InvalidArtifact/InconsistentStructure/1625/-/-1:7:0:0/-/-
     entry wide-a-branch-that-leaves-its-code-unit: InvalidArtifact/InconsistentStructure/1625/-/-1:0:0:0/-/-
     entry wide-a-return-code-no-backend-materialises: InvalidArtifact/InconsistentStructure/1625/-/-1:0:0:0/-/-
     entry wide-a-word-after-an-emitted-units-return: InvalidArtifact/InconsistentStructure/1625/-/-1:4:0:0/-/-
     entry wide-an-emitted-payload-every-word-of-which-is-a-template: ProfileFault/UnsatisfiedHostAssumption/0/-/-/-/-
     entry wide-a-version-1-artifact-announced-as-version-2: InvalidArtifact/DescriptorMismatch/1003/-/-/-/-
     entry wide-a-slice-manifest-announced-as-the-wide-one: InvalidArtifact/DescriptorMismatch/1006/-/-/-/-
     entry wide-a-method-called-through-a-property: Normal/NormalCompleted/0/7/-/-/-
     entry modules-a-module-section-no-surface-declares: InvalidArtifact/UnknownFeature/1613/-/-/-/-
     entry modules-a-module-row-the-format-cannot-represent: InvalidArtifact/InconsistentStructure/1614/-/-/-/-
     entry modules-a-request-naming-no-module: InvalidArtifact/InconsistentStructure/1615/-/-/-/-
     entry modules-an-import-of-a-name-nothing-exports: InvalidArtifact/InconsistentStructure/1616/-/-/-/-
     entry modules-a-name-two-star-re-exports-supply: InvalidArtifact/InconsistentStructure/1617/-/-/-/-
     entry modules-a-cyclic-export-resolution: InvalidArtifact/InconsistentStructure/1618/-/-/-/-
     entry modules-a-module-artifact-with-no-resolver: InvalidArtifact/UnsupportedFeatureManifest/1619/-/-/-/-
     entry modules-the-module-surface-with-no-module-records: InvalidArtifact/InconsistentStructure/1620/-/-/-/-
     entry modules-a-live-binding-read-after-a-write: Normal/NormalCompleted/0/3/-/-/-
ok   unsupported-profile-examines-no-payload-byte: UnsupportedProfile/ProfileNotInCatalog over an empty payload
ok   execution-step-kinds: Instantiated, Completed, Faulted as a ReferenceError, and ContractViolation from a resume
ok   neither suspension row is declared and nothing this root runs parks: neither row is declared, and the pause this profile does make is a guest suspension between two job turns that only a host asking for the turn as its unit reaches; no entry this root replays asks
ok   operand-stack-sized-from-verification: the artifact declared 16 and verification computed 2
ok   the-caller-buffer-may-change-afterwards: the buffer was overwritten after verification and the answer did not move
ok   the-fuzz-guidance-loop-is-wired: a new answer is kept, a repeat is not, and every offer is counted
ok   corpus-replay: 129 entries replayed to their recorded answers
ok   corpus-replays-twice-with-no-residue: both passes agreed row for row
ok   the-corpus-contains-passing-controls: 43 entries verify successfully
ok   five-verifier-outcomes: Cancellation, InvalidArtifact, Normal, ProfileFault, ResourceExhaustion, UnsupportedProfile
ok   every-invalid-artifact-carries-a-diagnostic-code: 75 entries, each with a code
ok   an-exhaustion-names-a-dimension-and-a-scope-and-nothing-else-does: 7 exhaustion entries name a pair, 122 name none
ok   every-dimension-this-host-can-tighten-is-pinned-by-one-entry: 7 dimensions, one entry each: AllocatedBytes, ArtifactBytes, DeclaredCount, SectionCount, StructuralDepth, VerifierWork, WallClock
ok   two-siblings-under-one-parent-spend-one-total: 28 invocations completed and 100 were refused across two siblings; the parent spent 4000 of 4000 fuel. Which sibling was refused is not asserted: both draw on one total and the order is a race
ok   a-parent-with-a-live-child-refuses-disposal: with 1 live child the parent answered InvalidState/AggregateBudgetHasLiveRuntimes; after the child was disposed it answered Accepted
ok   a-sealed-parent-admits-no-further-runtime: sealing answered Accepted; a runtime created afterwards was refused with ResourceExhaustion/ParentExhausted
ok   recycled-runtimes-reach-a-heap-plateau: 10000 of 10000 cycles completed; the heap went from 174840 bytes at the midpoint to 169800 at the end, a factor of 0.97 against a band of 1.2. Both readings are after warm-up, which is what makes them comparable in every publish mode. This is a plateau check and not a measurement. The curve, as cycle=bytes: 0=128096 625=174776 1250=174776 1875=174776 2500=174776 3125=174840 3750=174840 4375=174840 5000=174840 5625=174968 6250=174968 6875=174968 7500=174968 8125=174968 8750=174968 9375=174968 10000=169800
ok   a composition declining modules, and one with no resolver, each refuse by name: admitted: Normal/NormalCompleted/0; surface declined: InvalidArtifact/UnsupportedFeatureManifest/1608; no resolver: InvalidArtifact/UnsupportedFeatureManifest/1619
ok   ceilings-are-materialised-before-the-first-byte-is-read: ResourceExhaustion/ArtifactBytes over 89 bytes against a ceiling of 4, with 0 meter events; 129 corpus entries are held to the two checks below
ok   a-well-formed-artifact-does-charge-for-what-it-allocates: addition charges 88 allocated bytes and 97 work units across 91 meter events
ok   a-declaration-past-its-bound-sizes-nothing: 4 entries refused with zero allocated bytes: a-constant-count-far-beyond-what-the-artifact-carries, more-constants-than-the-limits-section-admits, a-declared-maximum-above-the-formats-own-ceiling, more-frames-than-the-slice-has
ok   allocation-is-proportional-to-the-bytes-present-not-to-what-they-declare: 129 entries under 64 allocated bytes per artifact byte; the highest is 3.3 at source-continue-reaches-the-update
broiler-js-execution-only: 22 checks passed, core contract version 1


[executiononly] catalog tables identical across modes: True

[slicecompiler/jit] publish exit 0
dotnet publish src\compositions\Broiler.VM.Composition.JavaScript.SliceCompiler\Broiler.VM.Composition.JavaScript.SliceCompiler.csproj -c Release --nologo -p:TreatWarningsAsErrors=true -o D:\Broiler.VM\artifacts\js-publish\slicecompiler\jit -r win-x64 --self-contained false -p:PublishTrimmed=false
  Wiederherzustellende Projekte werden ermittelt...
  "D:\Broiler.VM\src\Broiler.VM.Binary\Broiler.VM.Binary.csproj" wiederhergestellt (in 125 ms.).
  "D:\Broiler.VM\src\Broiler.VM.Abstractions\Broiler.VM.Abstractions.csproj" wiederhergestellt (in 125 ms.).
  "D:\Broiler.VM\src\Broiler.VM.Profile.JavaScript.Format\Broiler.VM.Profile.JavaScript.Format.csproj" wiederhergestellt (in 125 ms.).
  "D:\Broiler.VM\src\Broiler.VM.Profile.JavaScript.Compiler\Broiler.VM.Profile.JavaScript.Compiler.csproj" wiederhergestellt (in 136 ms.).
  "D:\Broiler.VM\src\Broiler.VM.Runtime\Broiler.VM.Runtime.csproj" wiederhergestellt (in 136 ms.).
  "D:\Broiler.VM\src\Broiler.VM.Profile.JavaScript\Broiler.VM.Profile.JavaScript.csproj" wiederhergestellt (in 136 ms.).
  "D:\Broiler.VM\src\compositions\Broiler.VM.Composition.JavaScript.SliceCompiler\Broiler.VM.Composition.JavaScript.SliceCompiler.csproj" wiederhergestellt (in 224 ms.).
  Broiler.VM.Binary -> D:\Broiler.VM\src\Broiler.VM.Binary\bin\Release\net10.0\Broiler.VM.Binary.dll
  Broiler.VM.Abstractions -> D:\Broiler.VM\src\Broiler.VM.Abstractions\bin\Release\net10.0\Broiler.VM.Abstractions.dll
  Broiler.VM.Profile.JavaScript.Format -> D:\Broiler.VM\src\Broiler.VM.Profile.JavaScript.Format\bin\Release\net10.0\Broiler.VM.Profile.JavaScript.Format.dll
  Broiler.VM.Runtime -> D:\Broiler.VM\src\Broiler.VM.Runtime\bin\Release\net10.0\Broiler.VM.Runtime.dll
  Broiler.VM.Profile.JavaScript.Compiler -> D:\Broiler.VM\src\Broiler.VM.Profile.JavaScript.Compiler\bin\Release\net10.0\Broiler.VM.Profile.JavaScript.Compiler.dll
  Broiler.VM.Profile.JavaScript -> D:\Broiler.VM\src\Broiler.VM.Profile.JavaScript\bin\Release\net10.0\Broiler.VM.Profile.JavaScript.dll
  Broiler.VM.Composition.JavaScript.SliceCompiler -> D:\Broiler.VM\src\compositions\Broiler.VM.Composition.JavaScript.SliceCompiler\bin\Release\net10.0\win-x64\Broiler.VM.Composition.JavaScript.SliceCompiler.dll
  Broiler.VM.Composition.JavaScript.SliceCompiler -> D:\Broiler.VM\artifacts\js-publish\slicecompiler\jit\


[slicecompiler/jit] --closure exit 0
# broiler-vm-composition core-contract-version=1
composition Broiler.VM.Composition.JavaScript.SliceCompiler
label narrow-runtime-compiler-shaped
carries-lowering yes
profiles 1
profile broiler.javascript Broiler.VM.Profile.JavaScript 1 4


[slicecompiler/jit/checks] run exit 0
ok   a-neighbours-maximum-does-not-reach-this-profile: the neighbour caps section count at 1 and this profile's artifact still verified
ok   a-neighbours-adopted-default-does-reach-this-profile: adopting defaults beside a neighbour declaring 1 refused this artifact, naming SectionCount
ok   a-foreign-payload-is-not-projected: the neighbour's payload completed and projected as neither of this profile's
ok   registration-order-does-not-change-the-catalog-identity: both encodings are 637 bytes and equal
ok   descriptor-admitted-and-its-refusals-named: admitted, and four named negative cases were each refused
ok   every source the manifest admits compiles: 25 sources compiled
ok   every source the manifest excludes is refused by name: 32 sources refused with the recorded code
ok   every module-goal early error is refused with its own code: 5 sources, each refused by name
ok   the lowering is deterministic: 25 sources compiled twice to identical bytes
ok   two goals in one process do not reach each other: 200 concurrent script-and-module pairs, each answered by its own goal
ok   deep nesting is refused rather than survived: 20 levels compiled; 100,000 levels refused as NestingTooDeep, with no stack overflow
ok   an early error never produces bytes: 32 refusals, none carrying an artifact
ok   the source fuzz guidance loop keeps a new answer and refuses a repeat: 1 of 3 offers kept, baseline 1
ok   a declining composition refuses at verification: InvalidArtifact/UnsupportedFeatureManifest/1608
ok   an admitting composition with no provider refuses at run time: EvalError
ok   a typeof declares no surface and is answered rather than refused: undefined
ok   an admitting composition runs what the declining one refused: 44
ok   two runtimes mint one name and observe nothing of each other: the first answered 100/101/number/undefined and the second 200/201/undefined/number; each read back its own value under the same key text and neither could see the name the other alone minted
ok   one shareable handle is instantiated by two runtimes: the verifying runtime answered 1 and a second runtime instantiating the same handle answered 1; each counted from zero, so neither realm was the other's
ok   two runtimes read one handle concurrently with no synchronisation: 64 reads on each of two threads, every one answering 496, with no lock between them and no reader taken from the other's runtime
ok   a handle carries nothing the runs that used it changed: three runtimes over one handle answered 256, 256, 256; each built its own store from nothing. This is behavioural and not the structural scan the gate names: a per-instance structure these programs never observe would not be caught here, and what bounds that is the construction rather than this check
ok   a signature mismatch is refused when the runtime is created: creation answered HostFailure/CapabilitySignatureMismatch; the handler was never invoked, because there was no runtime to invoke it from
ok   a kind mismatch is refused when the runtime is created: creation answered HostFailure/CapabilitySignatureMismatch
ok   a version mismatch leaves an optional import unbound: the program completed with done and the handler registered at version 2 was reached 0 times; the import declares version 1 and matching is by identity and version together, so this is the unbound branch rather than a refusal
ok   the unbound branch of an optional import is exercised: with no capability registered the program printed and completed with done; what it printed reached nowhere, which is the composition's answer and not a fault
ok   a capability cancelling with the operation's own token is a cancellation: the invocation answered Cancellation/Cancelled
ok   an exhausted meter at the host call is a resource exhaustion: the invocation answered ResourceExhaustion/AllowanceExhausted and the handler was reached 0 times; the charge that failed is this profile's own, taken before the boundary
ok   any other capability failure is a host failure naming the capability: the invocation answered HostFailure/HostCapabilityFaulted naming `broiler.javascript.write`
ok   string concatenation is charged proportionally to its input: declared n characters appended, one unit each, granularity 1; measured against its own control at n=32:64, n=64:128, n=128:256, n=256:512
ok   string comparison is charged proportionally to its input: declared 8 comparisons over min(|a|,|b|) = n characters, granularity 1; measured against its own control at n=32:280, n=64:536, n=128:1048, n=256:2072
ok   string equality is charged proportionally to its input: declared 8 comparisons over min(|a|,|b|) = n characters, granularity 1; measured against its own control at n=32:280, n=64:536, n=128:1048, n=256:2072
ok   array copy is charged proportionally to its input: declared n elements copied, one unit each, granularity 1; measured against its own control at n=32:40, n=64:72, n=128:136, n=256:264
ok   array sort is charged proportionally to its input: declared n elements ordered, at least one unit each, granularity 1; measured against its own control at n=32:175, n=64:380, n=128:867, n=256:1746
ok   property enumeration is charged proportionally to its input: declared n own keys listed, one unit each, granularity 1; measured against its own control at n=32:42, n=64:74, n=128:138, n=256:266
ok   regular-expression matching is charged proportionally to its input: declared 4 matches over a subject of n characters, granularity 1; measured against its own control at n=32:1048, n=64:1944, n=128:3736, n=256:7320
ok   numeric conversion of large values is charged proportionally to its input: declared 8 conversions over a numeral of n digits, granularity 1; measured against its own control at n=32:320, n=64:576, n=128:1088, n=256:2112
ok   a step parks and resumes across two suspensions: 2 pauses, each resumed, and the jobs ran once each in order: a,b,c. Every turn runs on a guest thread of its own, so no resume was on the thread that suspended
ok   a host asking this profile to pause is told it is not declared: the composition enabled external suspension and the request answered Unsupported/ExternalSuspensionNotDeclared, while the step itself parked as a guest suspension (Suspension/GuestSuspended)
ok   a continuation resumed twice is refused the second time: the first resume answered Suspension/GuestSuspended and the second InvalidState/ResumeTokenConsumed
ok   a parked operation is abandoned and runs none of what it queued: the parked operation was disposed unresumed and the queue was dropped rather than run; a fresh instance that never stepped reports `` for what ran, which is nothing
ok   the live-suspension bound is a named refusal: with one live suspension granted, a second park answered InvalidState/SuspendedOperationLimitReached
ok   a return runs the finally it leaves through: expected `enter,finally,1` and the program recorded `enter,finally,1`
ok   a break runs the finally it leaves through: expected `enter,finally,after` and the program recorded `enter,finally,after`
ok   a continue runs the finally it leaves through: expected `0,f0,1,f1,done` and the program recorded `0,f0,1,f1,done`
ok   a throw runs the finally it leaves through: expected `enter,finally,caught` and the program recorded `enter,finally,caught`
ok   a finally that returns replaces the return: expected `outer` and the program recorded `outer`
ok   a finally that returns replaces the throw: expected `replaced` and the program recorded `replaced`
ok   nested handlers unwind innermost first: expected `inner,outer,caught` and the program recorded `inner,outer,caught`
ok   an uncaught throw is a typed payload behind a fault: the invocation answered ProfileFault/ProfileFaultUnspecified carrying a TypeError: TypeError: from the guest
ok   a host failure crosses the profile's frames and names the capability: the handler was reached 1 time(s) and the invocation answered HostFailure/HostCapabilityFaulted naming `broiler.javascript.write`
ok   native/abi/stack-pointer-unchanged: before 0xaf0bdfda60, after 0xaf0bdfda60
ok   native/abi/caller-pops-injection-is-caught: a callee that removed eight bytes moved the stack pointer by 8
ok   native/abi/callee-saved-unchanged: every register this convention makes callee-saved came back as it went in
ok   native/abi/clobber-injection-is-caught: the clobbered register was reported as R12
ok   native/abi/frame-pointer-register: the frame pointer arrives in Rcx under x86-64-win64, and the callee read 0xaf0bdfdcb0
ok   native/abi/wrong-frame-pointer-register-is-caught: reading the argument from Rdi under x86-64-win64 answered 0xbad0bad0bad0bad
ok   native/abi/stack-aligned-at-the-call: the stack pointer at the call was 0xaf0bdfda70, which is 0 modulo sixteen
ok   native/abi/misalignment-is-caught: a caller that reserved eight bytes more called with a stack pointer 8 modulo sixteen
ok   native/abi/shadow-space-reserved: x86-64-win64 reserves 32 bytes of shadow space, and an emitted prologue claims 48 bytes with its own spill at 32
ok   native/abi/the-two-conventions-disagree: RDI and RSI are callee-saved under Windows x64 and volatile under System V, the frame pointer arrives in RCX and RDI respectively, and only Windows x64 asks a caller for shadow space
ok   native/abi/frame-offsets-match-the-runtime: the offsets an encoder computes with are the offsets the runtime gives the structures they describe
ok   native/abi/emitted-entry-points-survive: 2 emitted entry points, each called 1000000 times, each leaving the stack pointer and every callee-saved register as it found them
ok   native/differential/the-two-forms-agree: 4 programs, each lowered by one front end into both forms and run through the whole core lifecycle, answering the same value
ok   native/backend/re-emission-is-byte-identical: 1075 bytes, emitted twice, identical
ok   native/baseline/two-forms-agree-over-the-wide-manifest/an object literal and a property read: both answered completed value=3 (number) printed=0#e3b0c44298fc fuel=21; bytecode 3 ms, native 411 ms
ok   native/baseline/two-forms-agree-over-the-wide-manifest/string concatenation: both answered completed value=a012! (string) printed=0#e3b0c44298fc fuel=81; bytecode 1 ms, native 185 ms
ok   native/baseline/two-forms-agree-over-the-wide-manifest/a closure counter: both answered completed value=2 (number) printed=0#e3b0c44298fc fuel=57; bytecode 1 ms, native 114 ms
ok   native/baseline/two-forms-agree-over-the-wide-manifest/a class with super and private members: both answered completed value=6 (number) printed=0#e3b0c44298fc fuel=152; bytecode 5 ms, native 432 ms
ok   native/baseline/two-forms-agree-over-the-wide-manifest/try, catch and finally with a break through the finally: both answered completed value=e0fgfg (string) printed=0#e3b0c44298fc fuel=110; bytecode 1 ms, native 66 ms
ok   native/baseline/two-forms-agree-over-the-wide-manifest/a generator resumed by return() and throw() past a leaf of the tree: both answered completed value=true (boolean) printed=0#e3b0c44298fc fuel=157; bytecode 3 ms, native 22 ms
ok   native/baseline/two-forms-agree-over-the-wide-manifest/yield* over a generator and over an array: both answered completed value=10 (number) printed=0#e3b0c44298fc fuel=252; bytecode 4 ms, native 111 ms
ok   native/baseline/two-forms-agree-over-the-wide-manifest/async and await with a rejected await: both answered completed value=undefined (undefined) printed=0#e3b0c44298fc fuel=134; bytecode 2 ms, native 21 ms
ok   native/baseline/two-forms-agree-over-the-wide-manifest/an async generator with for await and yield* into an async iterator: both answered completed value=[object Promise] (object) printed=0#e3b0c44298fc fuel=341; bytecode 4 ms, native 86 ms
ok   native/baseline/two-forms-agree-over-the-wide-manifest/for-in: both answered completed value=ab (string) printed=0#e3b0c44298fc fuel=49; bytecode 1 ms, native 57 ms
ok   native/baseline/two-forms-agree-over-the-wide-manifest/for-of with an early exit: both answered completed value=3 (number) printed=0#e3b0c44298fc fuel=97; bytecode 1 ms, native 49 ms
ok   native/baseline/two-forms-agree-over-the-wide-manifest/destructuring parameters with defaults: both answered completed value=15 (number) printed=0#e3b0c44298fc fuel=181; bytecode 1 ms, native 109 ms
ok   native/baseline/two-forms-agree-over-the-wide-manifest/a module with an import: both answered completed value=undefined (undefined) printed=0#e3b0c44298fc fuel=15; bytecode 11 ms, native 1 ms
ok   native/baseline/two-forms-agree-over-the-wide-manifest/a switch, a labelled continue and with: both answered completed value=116 (number) printed=0#e3b0c44298fc fuel=262; bytecode 1 ms, native 76 ms
ok   native/baseline/two-forms-agree-over-the-wide-manifest/recursion to RangeError at the engine's maximum call depth: both answered completed value=RangeError at depth 6000 (string) printed=0#e3b0c44298fc fuel=78037; bytecode 60 ms, native 99 ms
ok   native/baseline/two-forms-agree-over-the-wide-manifest/a throw from depth 5000 caught at the top: both answered completed value=from the bottom (string) printed=0#e3b0c44298fc fuel=70066; bytecode 54 ms, native 107 ms
ok   native/baseline/two-forms-agree-over-the-wide-manifest/a 100000-iteration throw and catch across a call: both answered completed value=100000 (number) printed=0#e3b0c44298fc fuel=3500022; bytecode 970 ms, native 1162 ms
ok   native/baseline/two-forms-agree-over-the-wide-manifest/a generator's return() through two finallys: both answered completed value=inner;outer;42:true (string) printed=0#e3b0c44298fc fuel=97; bytecode 1 ms, native 1 ms
ok   native/baseline/two-forms-agree-over-the-wide-manifest/an uncaught TypeError: both answered uncaught value= () threw TypeError: TypeError: Cannot read properties of null (reading 'property') printed=0#e3b0c44298fc fuel=8; bytecode 0 ms, native 34 ms
ok   native/baseline/two-forms-agree-over-the-wide-manifest/an eval of a function that is called later: both answered completed value=42 (number) printed=0#e3b0c44298fc; bytecode 3 ms, native 57 ms; fuel reported and not compared: bytecode 69, native 69
ok   native/baseline/the-smallest-completing-allowance-is-one-figure/an object literal and a property read: bytecode completes at 21 and not at 20 (5 attempts; consumption at completion 21); native completes at 21 and not at 20 (5 attempts; consumption at completion 21)
ok   native/baseline/the-smallest-completing-allowance-is-one-figure/a generator resumed by return() and throw() past a leaf of the tree: bytecode completes at 157 and not at 156 (8 attempts; consumption at completion 157); native completes at 157 and not at 156 (8 attempts; consumption at completion 157)
ok   native/baseline/the-smallest-completing-allowance-is-one-figure/an async generator with for await and yield* into an async iterator: bytecode completes at 341 and not at 340 (9 attempts; consumption at completion 341); native completes at 341 and not at 340 (9 attempts; consumption at completion 341)
SKIP not-run/native/baseline/entry-points-survive/x86-64-sysv: this machine uses x86-64-win64, so a unit emitted for x86-64-sysv was not entered; its bytes are held by the baseline closure, golden and cross-convention rows on every machine
SKIP not-run/native/baseline/a-misaligned-reservation-is-caught/x86-64-sysv: this machine uses x86-64-win64, so a unit emitted for x86-64-sysv was not entered; its bytes are held by the baseline closure, golden and cross-convention rows on every machine
ok   native/baseline/entry-points-survive/x86-64-win64: 2 units, each entered 1000 times: unit 0 entered at pc 0 reached its handler at 0xaf0bdfcb58; unit 1 entered at pc 29 reached its handler at 0xaf0bdfcb58
ok   native/baseline/a-misaligned-reservation-is-caught/x86-64-win64: unit 0 widened by eight reached its handler at 0xaf0bdfcb50; unit 1 widened by eight reached its handler at 0xaf0bdfcb50
ok   native/baseline/a-short-reservation-loses-a-saved-register/x86-64-win64: unit 0 shortened by sixteen came back with R14 changed and its stack aligned; unit 1 shortened by sixteen came back with R14 changed and its stack aligned
ok   native/baseline/a-swapped-handler-is-a-defect: the call at 57 moved from slot 1 to slot 2: the unswapped control answered completed value=3 (number) printed=0#e3b0c44298fc; the swapped payload answered invocation ProfileFault/ProfileContractViolation value= () printed=0#e3b0c44298fc
ok   native/baseline/frequent-collections/printing at every level of a 3000-deep recursion: both answered completed value=4501500 (number) printed=3001#9993d1cd7ffa fuel=123046; bytecode 139 ms, native 98 ms; collections forced: bytecode 3, native 3
ok   native/baseline/frequent-collections/printing from a generator between yields and in its finally: both answered completed value=2001000 (number) printed=2002#04431fabe032 fuel=120127; bytecode 13 ms, native 18 ms; collections forced: bytecode 2, native 2
ok   native/baseline/frequent-collections/printing from awaited continuations drained as jobs: both answered completed value=[object Promise] (object) printed=2501#019d03b77194 fuel=247570; bytecode 18 ms, native 28 ms; collections forced: bytecode 2, native 2
ok   native/baseline/frequent-collections/printing from catches of throws across a call: both answered completed value=3123750 (number) printed=2500#d5217e28ce7d fuel=137522; bytecode 18 ms, native 54 ms; collections forced: bytecode 2, native 2
ok   native/baseline/frequent-collections/printing from a function an eval defined: both answered completed value=6247500 (number) printed=2500#d9b1626371fb; bytecode 8 ms, native 32 ms; fuel reported and not compared: bytecode 117588, native 117588; collections forced: bytecode 2, native 2
ok   native/baseline/frequent-collections/printing while closures and strings accumulate: both answered completed value=13890 (number) printed=3000#a7823306255f fuel=243032; bytecode 22 ms, native 49 ms; collections forced: bytecode 3, native 3
ok   the encoder writes `stp x29, x30, [sp, #-64]!`: 0xA9BC7BFD, little-endian FD7BBCA9
ok   the encoder writes `stp x19, x20, [sp, #16]`: 0xA90153F3, little-endian F35301A9
ok   the encoder writes `ldp x21, x22, [sp, #32]`: 0xA9425BF5, little-endian F55B42A9
ok   the encoder writes `ldp x29, x30, [sp], #64`: 0xA8C47BFD, little-endian FD7BC4A8
ok   the encoder writes `ret`: 0xD65F03C0, little-endian C0035FD6
ok   the encoder writes `mov x22, x0`: 0xAA0003F6, little-endian F60300AA
ok   the encoder writes `mov x29, sp`: 0x910003FD, little-endian FD030091
ok   the encoder writes `movz x9, #0x7FF8, lsl #48`: 0xD2EFFF09, little-endian 09FFEFD2
ok   the encoder writes `movz w0, #3`: 0x52800060, little-endian 60008052
ok   the encoder writes `movk w9, #1, lsl #16`: 0x72A00029, little-endian 2900A072
ok   the encoder writes `fmov d0, x9`: 0x9E670120, little-endian 2001679E
ok   the encoder writes `scvtf d0, x9`: 0x9E620120, little-endian 2001629E
ok   the encoder writes `cset x9, mi`: 0x9A9F57E9, little-endian E9579F9A
ok   the encoder writes `cset x10, vs`: 0x9A9F77EA, little-endian EA779F9A
ok   the encoder writes `subs x9, x9, #8`: 0xF1002129, little-endian 292100F1
ok   the encoder writes `orr x9, x9, x10`: 0xAA0A0129, little-endian 29010AAA
ok   the encoder writes `ldr x19, [x22, #0]`: 0xF94002D3, little-endian D30240F9
ok   the encoder writes `ldr x23, [x22, #40]`: 0xF94016D7, little-endian D71640F9
ok   the encoder writes `str x23, [sp, #48]`: 0xF9001BF7, little-endian F71B00F9
ok   the encoder writes `str w9, [x22, #48]`: 0xB90032C9, little-endian C93200B9
ok   the encoder writes `ldr d0, [x21, #8]`: 0xFD4006A0, little-endian A00640FD
ok   the encoder writes `str d0, [x19, #16]`: 0xFD000A60, little-endian 600A00FD
ok   the encoder writes `fadd d0, d0, d1`: 0x1E612800, little-endian 0028611E
ok   the encoder writes `fsub d0, d0, d1`: 0x1E613800, little-endian 0038611E
ok   the encoder writes `fmul d0, d0, d1`: 0x1E610800, little-endian 0008611E
ok   the encoder writes `fdiv d0, d0, d1`: 0x1E611800, little-endian 0018611E
ok   the encoder writes `fneg d0, d0`: 0x1E614000, little-endian 0040611E
ok   the encoder writes `fcmp d0, d1`: 0x1E612000, little-endian 0020611E
ok   the encoder writes `fcmp d0, #0.0`: 0x1E602008, little-endian 0820601E
ok   the encoder writes `b .+8`: 0x14000002
ok   the encoder writes `b.ge .+20`: 0x540000AA
ok   arm64 emits the retained bytes for straight-line arithmetic: 180 bytes, 1 symbols, alignment 4 - a record of what the encoder wrote and not of what a processor would do
ok   arm64 emits the retained bytes for a block scope and repeated local reads: 260 bytes, 1 symbols, alignment 4 - a record of what the encoder wrote and not of what a processor would do
ok   arm64 emits the retained bytes for a forward branch and a join: 460 bytes, 1 symbols, alignment 4 - a record of what the encoder wrote and not of what a processor would do
ok   arm64 emits the retained bytes for a backward branch and a loop: 500 bytes, 1 symbols, alignment 4 - a record of what the encoder wrote and not of what a processor would do
ok   a remainder is refused: no A64 instruction has its semantics: unit 0 at bytecode offset 22: the instruction `Remainder` has no A64 instruction: its JavaScript semantics are a library routine, and an emitted unit of this backend calls nothing
ok   an exponentiation is refused: no A64 instruction has its semantics: unit 0 at bytecode offset 22: the instruction `Exponent` has no A64 instruction: its JavaScript semantics are a library routine, and an emitted unit of this backend calls nothing
ok   a bitwise or is refused: ToInt32 is not what fcvtzs does: unit 0 at bytecode offset 22: the instruction `BitwiseOr` converts its operands with ToInt32, which truncates modulo two to the thirty-second, and A64's `fcvtzs` SATURATES for operands of magnitude two to the sixty-third or more instead; a template built on it would be right for small operands and silently wrong for large ones, which is the defect class a golden byte cannot see
ok   a shift is refused: ToInt32 is not what fcvtzs does: unit 0 at bytecode offset 22: the instruction `ShiftLeft` converts its operands with ToInt32, which truncates modulo two to the thirty-second, and A64's `fcvtzs` SATURATES for operands of magnitude two to the sixty-third or more instead; a template built on it would be right for small operands and silently wrong for large ones, which is the defect class a golden byte cannot see
ok   a strict equality is refused: a slab of doubles cannot tell undefined from NaN: unit 0 at bytecode offset 22: the instruction `StrictEquals` is the one family of operator that can tell `undefined` from a NaN, and this backend represents `undefined` as a NaN because a slab of doubles has no other encoding for it; a template here would be right for numbers and silently wrong for the completion value every program body carries
ok   a loose equality is refused: a slab of doubles cannot tell undefined from NaN: unit 0 at bytecode offset 22: the instruction `LooseEquals` is the one family of operator that can tell `undefined` from a NaN, and this backend represents `undefined` as a NaN because a slab of doubles has no other encoding for it; a template here would be right for numbers and silently wrong for the completion value every program body carries
ok   a global lexical binding is refused: the realm is an object graph: unit 0 at bytecode offset 5: the instruction `DeclareGlobalLet` reaches the realm, which is an object graph, and the frame an emitted unit is handed carries pointers to slabs of doubles and no managed reference at all - which is how this profile answers the rooting question by construction rather than by a scheme
ok   a function declaration is refused: its program body reaches the realm: unit 0 at bytecode offset 5: the instruction `DeclareGlobal` reaches the realm, which is an object graph, and the frame an emitted unit is handed carries pointers to slabs of doubles and no managed reference at all - which is how this profile answers the rooting question by construction rather than by a scheme
ok   a conditional branch past its reach is refused: the branch at word 262145 is -262145 words from its target, which the 19-bit displacement field cannot carry; a truncated displacement is a branch to somewhere else and is refused rather than encoded
ok   a conditional branch at its reach is still encoded: 0x54800000
ok   the arm64 frame offsets tile the declared layout: seven fields at 0, 8, 16, 24, 32, 40 and 48, and a stack frame of 64 bytes
ok   everything `x86-64-win64` emits, the template scan accepts: 13 of 14 programs emitted and scanned, 11452 bytes in all, 1 refused by the backend before any byte was emitted
ok   everything `x86-64-sysv` emits, the template scan accepts: 13 of 14 programs emitted and scanned, 11452 bytes in all, 1 refused by the backend before any byte was emitted
ok   everything `arm64-aapcs64` emits, the template scan accepts: 9 of 14 programs emitted and scanned, 4048 bytes in all, 5 refused by the backend before any byte was emitted
ok   every template `x86-64-win64` has is reached by one of these programs: 47 of 48 templates instantiated, with 1 named out of reach of this manifest (movq xmm0, rax)
ok   every template `x86-64-sysv` has is reached by one of these programs: 47 of 48 templates instantiated, with 1 named out of reach of this manifest (movq xmm0, rax)
ok   every template `arm64-aapcs64` has is reached by one of these programs: 44 of 44 templates instantiated
ok   the template table's frame constants are the convention table's: both conventions agree about the frame size, the spill slot and the register the frame pointer arrives in
ok   the template scan refuses a-native-payload-of-four-zero-bytes: NoTemplate at offset 0: the bytes at 0 match no instruction template this build's backends emit for this architecture
ok   the template scan refuses an arm64 payload of four zero bytes: NoTemplate at offset 0: the bytes at 0 match no instruction template this build's backends emit for this architecture
ok   the template scan refuses an indirect call through a register: NoTemplate at offset 0: the bytes at 0 match no instruction template this build's backends emit for this architecture
ok   the template scan refuses a syscall instruction: NoTemplate at offset 0: the bytes at 0 match no instruction template this build's backends emit for this architecture
ok   the template scan refuses a frame displacement between two declared fields: OperandOutOfRange at offset 0: the `mov rax, [r11+field]` at 0 carries 33 where its FrameField field admits no such value, so it is an instruction this build can spell and no backend of it asks for
ok   the template scan refuses a slab displacement off the eight-byte grid: OperandOutOfRange at offset 0: the `mov rdx, [rbx+slab]` at 0 carries 4 where its SlabDisplacement field admits no such value, so it is an instruction this build can spell and no backend of it asks for
ok   the template scan refuses a materialised immediate no unit answers with: OperandOutOfRange at offset 0: the `mov rax, imm64` at 0 carries 1 where its MaterialisedValue field admits no such value, so it is an instruction this build can spell and no backend of it asks for
ok   the template scan refuses a unit that runs off its own end: UnitDoesNotEndInAReturn at offset 1: code unit 0 ends without a return, so control would run off its last instruction into whatever follows it
ok   the template scan refuses a byte hidden in a unit's alignment padding: PaddingNotAlignment at offset 2: code unit 0 is followed by a byte that is neither an instruction of this unit nor the one-byte no-op an entry point is aligned with
ok   the template scan refuses a branch that leaves the unit: BranchLeavesUnit at offset 0: the `jmp rel32` at 0 targets 21, which is outside the emitted range of code unit 0
ok   the template scan refuses a branch into the middle of an instruction: BranchIntoInstruction at offset 0: the `jmp rel32` at 0 targets 6, which is inside an instruction rather than the first byte of one
ok   the template scan refuses an image emitted for the other calling convention: the same 393 bytes: accepted as System V, and as Windows NoTemplate at offset 1
ok   the unmutated image is accepted: 798 bytes emitted for one code unit
ok   the template scan refuses an image with its last return removed: UnitDoesNotEndInAReturn at offset 796: code unit 0 ends without a return, so control would run off its last instruction into whatever follows it
ok   the template scan refuses an image with one branch displacement moved: BranchIntoInstruction at offset 594: the `jmp rel32` at 594 targets 240, which is inside an instruction rather than the first byte of one
ok   an x86-64 payload of four zero bytes is refused at verification: InvalidArtifact/InconsistentStructure code 1625
ok   an arm64 payload of four zero bytes is refused at verification: InvalidArtifact/InconsistentStructure code 1625
ok   a payload that is one instruction still verifies: verified, and NOTHING INSTANTIATED IT: the row is about the verifier's answer, and the architecture it names is one no host of this build arms
ok   everything `x86-64-win64` emits for the wide manifest, the baseline scan accepts: all 14 programs emitted and scanned: 36 code units, 24486 bytes
ok   everything `x86-64-sysv` emits for the wide manifest, the baseline scan accepts: all 14 programs emitted and scanned: 36 code units, 24486 bytes
ok   every baseline template `x86-64-win64` has is reached by one of the wide programs: 21 of 21 templates instantiated, none out of reach
ok   every baseline template `x86-64-sysv` has is reached by one of the wide programs: 21 of 21 templates instantiated, none out of reach
ok   the baseline tables write no memory and transfer indirectly only through the handler table: 42 templates judged by their bytes: one handler-table call per table (FF 93 with a helper-slot disp32), no memory destination, no other transfer through memory or a register, no direct call, no unit-entry branch; 11 of 11 misnamed byte controls refused
ok   the baseline reservation and argument registers are the convention table's: both conventions agree about the reservation, the frame register and the program-counter register
ok   `x86-64-win64` emits the retained baseline bytes for a property read, a branch and a throw: 730 bytes, 2 symbols
ok   `x86-64-sysv` emits the retained baseline bytes for a property read, a branch and a throw: 730 bytes, 2 symbols
ok   the two conventions' baseline emissions are one template sequence: 5072 instantiations compared across 14 programs
ok   every wide baseline artifact `x86-64-win64` writes re-emits byte for byte at verification: 14 artifacts verified with re-emission
ok   every wide baseline artifact `x86-64-sysv` writes re-emits byte for byte at verification: 14 artifacts verified with re-emission
ok   a re-emitting verifier refuses a baseline payload whose handler call was swapped: the call at 57 swapped: without an emitter verified; with one refused, InvalidArtifact/InconsistentStructure code 1624
ok   the arm64 backend refuses the wide manifest's native form by name: 2104:ConstructOutsideManifest at 0:0: the arm64 backend emits only for the numeric manifest; the baseline form over `broiler.javascript.wide` has no arm64 emitter in this build
ok   the Baseline scan refuses `call rax` in a baseline unit: NoTemplate at offset 15: the bytes at 15 match no instruction template this build's backends emit for this architecture
ok   the Baseline scan refuses a handler call through the slot of undefined byte 0x0B: OperandOutOfRange at offset 23: the `call [rbx+slot]` at 23 carries 88 where its HelperSlot field admits no such value, so it is an instruction this build can spell and no backend of it asks for
ok   the Baseline scan refuses a handler call between two slots: OperandOutOfRange at offset 23: the `call [rbx+slot]` at 23 carries 132 where its HelperSlot field admits no such value, so it is an instruction this build can spell and no backend of it asks for
ok   the Baseline scan refuses `mov eax, 2`, a status no unit materialises: OperandOutOfRange at offset 15: the `mov eax, status` at 15 carries 2 where its BaselineStatusValue field admits no such value, so it is an instruction this build can spell and no backend of it asks for
ok   the Baseline scan refuses a baseline unit with no prologue: FrameSequenceMalformed at offset 0: instruction 0 of code unit 0 is not the prologue's instruction 0, so the unit does not open with the one sequence that saves what it writes and loads the handler table
ok   the Baseline scan refuses `push rbx` in the middle of a baseline unit: FrameSequenceMalformed at offset 15: instruction 6 of code unit 0 is a prologue or epilogue instruction outside the unit's one prologue and one epilogue, so the stack pointer or a saved register is written somewhere the scan cannot pair
ok   the Baseline scan refuses a second `ret` in a baseline unit: FrameSequenceMalformed at offset 15: instruction 6 of code unit 0 is a prologue or epilogue instruction outside the unit's one prologue and one epilogue, so the stack pointer or a saved register is written somewhere the scan cannot pair
ok   the Baseline scan refuses a `jmp` to the epilogue's `pop rbx`: BranchIntoFrameSequence at offset 15: the `jmp rel32` at 15 targets 26, which is inside code unit 0's prologue or past the first instruction of its epilogue
ok   the Baseline scan refuses a `jmp` back into the prologue: BranchIntoFrameSequence at offset 15: the `jmp rel32` at 15 targets 3, which is inside code unit 0's prologue or past the first instruction of its epilogue
ok   the baseline scan accepts a `jmp` to the epilogue's first instruction: accepted
ok   the template scan refuses a numeric emission judged as baseline: NoTemplate at offset 1: the bytes at 1 match no instruction template this build's backends emit for this architecture
ok   the template scan refuses a baseline emission judged as numeric: NoTemplate at offset 1: the bytes at 1 match no instruction template this build's backends emit for this architecture
ok   unchanged: an x86-64 payload of four zero bytes under the wide manifest is no template at its first byte: NoTemplate at offset 0
ok   unchanged: an arm64 payload of four zero bytes under the wide manifest is no template: NoTemplate at offset 0
ok   unchanged: a one-instruction arm64 payload under the wide manifest is accepted: accepted against the arm64 table
broiler-js-slice-compiler: 196 checks passed, 2 not run on this machine and claimed by nothing


[slicecompiler/trimmed] publish exit 0
dotnet publish src\compositions\Broiler.VM.Composition.JavaScript.SliceCompiler\Broiler.VM.Composition.JavaScript.SliceCompiler.csproj -c Release --nologo -p:TreatWarningsAsErrors=true -o D:\Broiler.VM\artifacts\js-publish\slicecompiler\trimmed -r win-x64 --self-contained true
  Wiederherzustellende Projekte werden ermittelt...
  "D:\Broiler.VM\src\Broiler.VM.Abstractions\Broiler.VM.Abstractions.csproj" wiederhergestellt (in 224 ms.).
  "D:\Broiler.VM\src\Broiler.VM.Runtime\Broiler.VM.Runtime.csproj" wiederhergestellt (in 232 ms.).
  "D:\Broiler.VM\src\Broiler.VM.Profile.JavaScript.Format\Broiler.VM.Profile.JavaScript.Format.csproj" wiederhergestellt (in 224 ms.).
  "D:\Broiler.VM\src\Broiler.VM.Profile.JavaScript.Compiler\Broiler.VM.Profile.JavaScript.Compiler.csproj" wiederhergestellt (in 232 ms.).
  "D:\Broiler.VM\src\Broiler.VM.Profile.JavaScript\Broiler.VM.Profile.JavaScript.csproj" wiederhergestellt (in 232 ms.).
  "D:\Broiler.VM\src\Broiler.VM.Binary\Broiler.VM.Binary.csproj" wiederhergestellt (in 224 ms.).
  "D:\Broiler.VM\src\compositions\Broiler.VM.Composition.JavaScript.SliceCompiler\Broiler.VM.Composition.JavaScript.SliceCompiler.csproj" wiederhergestellt (in 234 ms.).
  Broiler.VM.Profile.JavaScript.Format -> D:\Broiler.VM\src\Broiler.VM.Profile.JavaScript.Format\bin\Release\net10.0\Broiler.VM.Profile.JavaScript.Format.dll
  Broiler.VM.Binary -> D:\Broiler.VM\src\Broiler.VM.Binary\bin\Release\net10.0\Broiler.VM.Binary.dll
  Broiler.VM.Abstractions -> D:\Broiler.VM\src\Broiler.VM.Abstractions\bin\Release\net10.0\Broiler.VM.Abstractions.dll
  Broiler.VM.Profile.JavaScript -> D:\Broiler.VM\src\Broiler.VM.Profile.JavaScript\bin\Release\net10.0\Broiler.VM.Profile.JavaScript.dll
  Broiler.VM.Runtime -> D:\Broiler.VM\src\Broiler.VM.Runtime\bin\Release\net10.0\Broiler.VM.Runtime.dll
  Broiler.VM.Profile.JavaScript.Compiler -> D:\Broiler.VM\src\Broiler.VM.Profile.JavaScript.Compiler\bin\Release\net10.0\Broiler.VM.Profile.JavaScript.Compiler.dll
  Broiler.VM.Composition.JavaScript.SliceCompiler -> D:\Broiler.VM\src\compositions\Broiler.VM.Composition.JavaScript.SliceCompiler\bin\Release\net10.0\win-x64\Broiler.VM.Composition.JavaScript.SliceCompiler.dll
  Assemblys werden für die Größe optimiert. Dieser Vorgang kann eine Weile dauern.
  Broiler.VM.Composition.JavaScript.SliceCompiler -> D:\Broiler.VM\artifacts\js-publish\slicecompiler\trimmed\


[slicecompiler/trimmed] --closure exit 0
# broiler-vm-composition core-contract-version=1
composition Broiler.VM.Composition.JavaScript.SliceCompiler
label narrow-runtime-compiler-shaped
carries-lowering yes
profiles 1
profile broiler.javascript Broiler.VM.Profile.JavaScript 1 4


[slicecompiler/trimmed/checks] run exit 0
ok   a-neighbours-maximum-does-not-reach-this-profile: the neighbour caps section count at 1 and this profile's artifact still verified
ok   a-neighbours-adopted-default-does-reach-this-profile: adopting defaults beside a neighbour declaring 1 refused this artifact, naming SectionCount
ok   a-foreign-payload-is-not-projected: the neighbour's payload completed and projected as neither of this profile's
ok   registration-order-does-not-change-the-catalog-identity: both encodings are 637 bytes and equal
ok   descriptor-admitted-and-its-refusals-named: admitted, and four named negative cases were each refused
ok   every source the manifest admits compiles: 25 sources compiled
ok   every source the manifest excludes is refused by name: 32 sources refused with the recorded code
ok   every module-goal early error is refused with its own code: 5 sources, each refused by name
ok   the lowering is deterministic: 25 sources compiled twice to identical bytes
ok   two goals in one process do not reach each other: 200 concurrent script-and-module pairs, each answered by its own goal
ok   deep nesting is refused rather than survived: 20 levels compiled; 100,000 levels refused as NestingTooDeep, with no stack overflow
ok   an early error never produces bytes: 32 refusals, none carrying an artifact
ok   the source fuzz guidance loop keeps a new answer and refuses a repeat: 1 of 3 offers kept, baseline 1
ok   a declining composition refuses at verification: InvalidArtifact/UnsupportedFeatureManifest/1608
ok   an admitting composition with no provider refuses at run time: EvalError
ok   a typeof declares no surface and is answered rather than refused: undefined
ok   an admitting composition runs what the declining one refused: 44
ok   two runtimes mint one name and observe nothing of each other: the first answered 100/101/number/undefined and the second 200/201/undefined/number; each read back its own value under the same key text and neither could see the name the other alone minted
ok   one shareable handle is instantiated by two runtimes: the verifying runtime answered 1 and a second runtime instantiating the same handle answered 1; each counted from zero, so neither realm was the other's
ok   two runtimes read one handle concurrently with no synchronisation: 64 reads on each of two threads, every one answering 496, with no lock between them and no reader taken from the other's runtime
ok   a handle carries nothing the runs that used it changed: three runtimes over one handle answered 256, 256, 256; each built its own store from nothing. This is behavioural and not the structural scan the gate names: a per-instance structure these programs never observe would not be caught here, and what bounds that is the construction rather than this check
ok   a signature mismatch is refused when the runtime is created: creation answered HostFailure/CapabilitySignatureMismatch; the handler was never invoked, because there was no runtime to invoke it from
ok   a kind mismatch is refused when the runtime is created: creation answered HostFailure/CapabilitySignatureMismatch
ok   a version mismatch leaves an optional import unbound: the program completed with done and the handler registered at version 2 was reached 0 times; the import declares version 1 and matching is by identity and version together, so this is the unbound branch rather than a refusal
ok   the unbound branch of an optional import is exercised: with no capability registered the program printed and completed with done; what it printed reached nowhere, which is the composition's answer and not a fault
ok   a capability cancelling with the operation's own token is a cancellation: the invocation answered Cancellation/Cancelled
ok   an exhausted meter at the host call is a resource exhaustion: the invocation answered ResourceExhaustion/AllowanceExhausted and the handler was reached 0 times; the charge that failed is this profile's own, taken before the boundary
ok   any other capability failure is a host failure naming the capability: the invocation answered HostFailure/HostCapabilityFaulted naming `broiler.javascript.write`
ok   string concatenation is charged proportionally to its input: declared n characters appended, one unit each, granularity 1; measured against its own control at n=32:64, n=64:128, n=128:256, n=256:512
ok   string comparison is charged proportionally to its input: declared 8 comparisons over min(|a|,|b|) = n characters, granularity 1; measured against its own control at n=32:280, n=64:536, n=128:1048, n=256:2072
ok   string equality is charged proportionally to its input: declared 8 comparisons over min(|a|,|b|) = n characters, granularity 1; measured against its own control at n=32:280, n=64:536, n=128:1048, n=256:2072
ok   array copy is charged proportionally to its input: declared n elements copied, one unit each, granularity 1; measured against its own control at n=32:40, n=64:72, n=128:136, n=256:264
ok   array sort is charged proportionally to its input: declared n elements ordered, at least one unit each, granularity 1; measured against its own control at n=32:175, n=64:380, n=128:867, n=256:1746
ok   property enumeration is charged proportionally to its input: declared n own keys listed, one unit each, granularity 1; measured against its own control at n=32:42, n=64:74, n=128:138, n=256:266
ok   regular-expression matching is charged proportionally to its input: declared 4 matches over a subject of n characters, granularity 1; measured against its own control at n=32:1048, n=64:1944, n=128:3736, n=256:7320
ok   numeric conversion of large values is charged proportionally to its input: declared 8 conversions over a numeral of n digits, granularity 1; measured against its own control at n=32:320, n=64:576, n=128:1088, n=256:2112
ok   a step parks and resumes across two suspensions: 2 pauses, each resumed, and the jobs ran once each in order: a,b,c. Every turn runs on a guest thread of its own, so no resume was on the thread that suspended
ok   a host asking this profile to pause is told it is not declared: the composition enabled external suspension and the request answered Unsupported/ExternalSuspensionNotDeclared, while the step itself parked as a guest suspension (Suspension/GuestSuspended)
ok   a continuation resumed twice is refused the second time: the first resume answered Suspension/GuestSuspended and the second InvalidState/ResumeTokenConsumed
ok   a parked operation is abandoned and runs none of what it queued: the parked operation was disposed unresumed and the queue was dropped rather than run; a fresh instance that never stepped reports `` for what ran, which is nothing
ok   the live-suspension bound is a named refusal: with one live suspension granted, a second park answered InvalidState/SuspendedOperationLimitReached
ok   a return runs the finally it leaves through: expected `enter,finally,1` and the program recorded `enter,finally,1`
ok   a break runs the finally it leaves through: expected `enter,finally,after` and the program recorded `enter,finally,after`
ok   a continue runs the finally it leaves through: expected `0,f0,1,f1,done` and the program recorded `0,f0,1,f1,done`
ok   a throw runs the finally it leaves through: expected `enter,finally,caught` and the program recorded `enter,finally,caught`
ok   a finally that returns replaces the return: expected `outer` and the program recorded `outer`
ok   a finally that returns replaces the throw: expected `replaced` and the program recorded `replaced`
ok   nested handlers unwind innermost first: expected `inner,outer,caught` and the program recorded `inner,outer,caught`
ok   an uncaught throw is a typed payload behind a fault: the invocation answered ProfileFault/ProfileFaultUnspecified carrying a TypeError: TypeError: from the guest
ok   a host failure crosses the profile's frames and names the capability: the handler was reached 1 time(s) and the invocation answered HostFailure/HostCapabilityFaulted naming `broiler.javascript.write`
ok   native/abi/stack-pointer-unchanged: before 0xead3d7df90, after 0xead3d7df90
ok   native/abi/caller-pops-injection-is-caught: a callee that removed eight bytes moved the stack pointer by 8
ok   native/abi/callee-saved-unchanged: every register this convention makes callee-saved came back as it went in
ok   native/abi/clobber-injection-is-caught: the clobbered register was reported as R12
ok   native/abi/frame-pointer-register: the frame pointer arrives in Rcx under x86-64-win64, and the callee read 0xead3d7e1e0
ok   native/abi/wrong-frame-pointer-register-is-caught: reading the argument from Rdi under x86-64-win64 answered 0xbad0bad0bad0bad
ok   native/abi/stack-aligned-at-the-call: the stack pointer at the call was 0xead3d7dfa0, which is 0 modulo sixteen
ok   native/abi/misalignment-is-caught: a caller that reserved eight bytes more called with a stack pointer 8 modulo sixteen
ok   native/abi/shadow-space-reserved: x86-64-win64 reserves 32 bytes of shadow space, and an emitted prologue claims 48 bytes with its own spill at 32
ok   native/abi/the-two-conventions-disagree: RDI and RSI are callee-saved under Windows x64 and volatile under System V, the frame pointer arrives in RCX and RDI respectively, and only Windows x64 asks a caller for shadow space
ok   native/abi/frame-offsets-match-the-runtime: the offsets an encoder computes with are the offsets the runtime gives the structures they describe
ok   native/abi/emitted-entry-points-survive: 2 emitted entry points, each called 1000000 times, each leaving the stack pointer and every callee-saved register as it found them
ok   native/differential/the-two-forms-agree: 4 programs, each lowered by one front end into both forms and run through the whole core lifecycle, answering the same value
ok   native/backend/re-emission-is-byte-identical: 1075 bytes, emitted twice, identical
ok   native/baseline/two-forms-agree-over-the-wide-manifest/an object literal and a property read: both answered completed value=3 (number) printed=0#e3b0c44298fc fuel=21; bytecode 4 ms, native 450 ms
ok   native/baseline/two-forms-agree-over-the-wide-manifest/string concatenation: both answered completed value=a012! (string) printed=0#e3b0c44298fc fuel=81; bytecode 1 ms, native 161 ms
ok   native/baseline/two-forms-agree-over-the-wide-manifest/a closure counter: both answered completed value=2 (number) printed=0#e3b0c44298fc fuel=57; bytecode 1 ms, native 71 ms
ok   native/baseline/two-forms-agree-over-the-wide-manifest/a class with super and private members: both answered completed value=6 (number) printed=0#e3b0c44298fc fuel=152; bytecode 4 ms, native 473 ms
ok   native/baseline/two-forms-agree-over-the-wide-manifest/try, catch and finally with a break through the finally: both answered completed value=e0fgfg (string) printed=0#e3b0c44298fc fuel=110; bytecode 1 ms, native 65 ms
ok   native/baseline/two-forms-agree-over-the-wide-manifest/a generator resumed by return() and throw() past a leaf of the tree: both answered completed value=true (boolean) printed=0#e3b0c44298fc fuel=157; bytecode 3 ms, native 21 ms
ok   native/baseline/two-forms-agree-over-the-wide-manifest/yield* over a generator and over an array: both answered completed value=10 (number) printed=0#e3b0c44298fc fuel=252; bytecode 4 ms, native 129 ms
ok   native/baseline/two-forms-agree-over-the-wide-manifest/async and await with a rejected await: both answered completed value=undefined (undefined) printed=0#e3b0c44298fc fuel=134; bytecode 2 ms, native 27 ms
ok   native/baseline/two-forms-agree-over-the-wide-manifest/an async generator with for await and yield* into an async iterator: both answered completed value=[object Promise] (object) printed=0#e3b0c44298fc fuel=341; bytecode 4 ms, native 60 ms
ok   native/baseline/two-forms-agree-over-the-wide-manifest/for-in: both answered completed value=ab (string) printed=0#e3b0c44298fc fuel=49; bytecode 2 ms, native 46 ms
ok   native/baseline/two-forms-agree-over-the-wide-manifest/for-of with an early exit: both answered completed value=3 (number) printed=0#e3b0c44298fc fuel=97; bytecode 1 ms, native 66 ms
ok   native/baseline/two-forms-agree-over-the-wide-manifest/destructuring parameters with defaults: both answered completed value=15 (number) printed=0#e3b0c44298fc fuel=181; bytecode 1 ms, native 88 ms
ok   native/baseline/two-forms-agree-over-the-wide-manifest/a module with an import: both answered completed value=undefined (undefined) printed=0#e3b0c44298fc fuel=15; bytecode 8 ms, native 1 ms
ok   native/baseline/two-forms-agree-over-the-wide-manifest/a switch, a labelled continue and with: both answered completed value=116 (number) printed=0#e3b0c44298fc fuel=262; bytecode 1 ms, native 45 ms
ok   native/baseline/two-forms-agree-over-the-wide-manifest/recursion to RangeError at the engine's maximum call depth: both answered completed value=RangeError at depth 6000 (string) printed=0#e3b0c44298fc fuel=78037; bytecode 73 ms, native 115 ms
ok   native/baseline/two-forms-agree-over-the-wide-manifest/a throw from depth 5000 caught at the top: both answered completed value=from the bottom (string) printed=0#e3b0c44298fc fuel=70066; bytecode 49 ms, native 84 ms
ok   native/baseline/two-forms-agree-over-the-wide-manifest/a 100000-iteration throw and catch across a call: both answered completed value=100000 (number) printed=0#e3b0c44298fc fuel=3500022; bytecode 899 ms, native 978 ms
ok   native/baseline/two-forms-agree-over-the-wide-manifest/a generator's return() through two finallys: both answered completed value=inner;outer;42:true (string) printed=0#e3b0c44298fc fuel=97; bytecode 1 ms, native 1 ms
ok   native/baseline/two-forms-agree-over-the-wide-manifest/an uncaught TypeError: both answered uncaught value= () threw TypeError: TypeError: Cannot read properties of null (reading 'property') printed=0#e3b0c44298fc fuel=8; bytecode 0 ms, native 21 ms
ok   native/baseline/two-forms-agree-over-the-wide-manifest/an eval of a function that is called later: both answered completed value=42 (number) printed=0#e3b0c44298fc; bytecode 3 ms, native 44 ms; fuel reported and not compared: bytecode 69, native 69
ok   native/baseline/the-smallest-completing-allowance-is-one-figure/an object literal and a property read: bytecode completes at 21 and not at 20 (5 attempts; consumption at completion 21); native completes at 21 and not at 20 (5 attempts; consumption at completion 21)
ok   native/baseline/the-smallest-completing-allowance-is-one-figure/a generator resumed by return() and throw() past a leaf of the tree: bytecode completes at 157 and not at 156 (8 attempts; consumption at completion 157); native completes at 157 and not at 156 (8 attempts; consumption at completion 157)
ok   native/baseline/the-smallest-completing-allowance-is-one-figure/an async generator with for await and yield* into an async iterator: bytecode completes at 341 and not at 340 (9 attempts; consumption at completion 341); native completes at 341 and not at 340 (9 attempts; consumption at completion 341)
SKIP not-run/native/baseline/entry-points-survive/x86-64-sysv: this machine uses x86-64-win64, so a unit emitted for x86-64-sysv was not entered; its bytes are held by the baseline closure, golden and cross-convention rows on every machine
SKIP not-run/native/baseline/a-misaligned-reservation-is-caught/x86-64-sysv: this machine uses x86-64-win64, so a unit emitted for x86-64-sysv was not entered; its bytes are held by the baseline closure, golden and cross-convention rows on every machine
ok   native/baseline/entry-points-survive/x86-64-win64: 2 units, each entered 1000 times: unit 0 entered at pc 0 reached its handler at 0xead3d7d088; unit 1 entered at pc 29 reached its handler at 0xead3d7d088
ok   native/baseline/a-misaligned-reservation-is-caught/x86-64-win64: unit 0 widened by eight reached its handler at 0xead3d7d080; unit 1 widened by eight reached its handler at 0xead3d7d080
ok   native/baseline/a-short-reservation-loses-a-saved-register/x86-64-win64: unit 0 shortened by sixteen came back with R14 changed and its stack aligned; unit 1 shortened by sixteen came back with R14 changed and its stack aligned
ok   native/baseline/a-swapped-handler-is-a-defect: the call at 57 moved from slot 1 to slot 2: the unswapped control answered completed value=3 (number) printed=0#e3b0c44298fc; the swapped payload answered invocation ProfileFault/ProfileContractViolation value= () printed=0#e3b0c44298fc
ok   native/baseline/frequent-collections/printing at every level of a 3000-deep recursion: both answered completed value=4501500 (number) printed=3001#9993d1cd7ffa fuel=123046; bytecode 144 ms, native 84 ms; collections forced: bytecode 3, native 3
ok   native/baseline/frequent-collections/printing from a generator between yields and in its finally: both answered completed value=2001000 (number) printed=2002#04431fabe032 fuel=120127; bytecode 13 ms, native 19 ms; collections forced: bytecode 2, native 2
ok   native/baseline/frequent-collections/printing from awaited continuations drained as jobs: both answered completed value=[object Promise] (object) printed=2501#019d03b77194 fuel=247570; bytecode 17 ms, native 45 ms; collections forced: bytecode 2, native 2
ok   native/baseline/frequent-collections/printing from catches of throws across a call: both answered completed value=3123750 (number) printed=2500#d5217e28ce7d fuel=137522; bytecode 28 ms, native 43 ms; collections forced: bytecode 2, native 2
ok   native/baseline/frequent-collections/printing from a function an eval defined: both answered completed value=6247500 (number) printed=2500#d9b1626371fb; bytecode 8 ms, native 48 ms; fuel reported and not compared: bytecode 117588, native 117588; collections forced: bytecode 2, native 2
ok   native/baseline/frequent-collections/printing while closures and strings accumulate: both answered completed value=13890 (number) printed=3000#a7823306255f fuel=243032; bytecode 38 ms, native 27 ms; collections forced: bytecode 3, native 3
ok   the encoder writes `stp x29, x30, [sp, #-64]!`: 0xA9BC7BFD, little-endian FD7BBCA9
ok   the encoder writes `stp x19, x20, [sp, #16]`: 0xA90153F3, little-endian F35301A9
ok   the encoder writes `ldp x21, x22, [sp, #32]`: 0xA9425BF5, little-endian F55B42A9
ok   the encoder writes `ldp x29, x30, [sp], #64`: 0xA8C47BFD, little-endian FD7BC4A8
ok   the encoder writes `ret`: 0xD65F03C0, little-endian C0035FD6
ok   the encoder writes `mov x22, x0`: 0xAA0003F6, little-endian F60300AA
ok   the encoder writes `mov x29, sp`: 0x910003FD, little-endian FD030091
ok   the encoder writes `movz x9, #0x7FF8, lsl #48`: 0xD2EFFF09, little-endian 09FFEFD2
ok   the encoder writes `movz w0, #3`: 0x52800060, little-endian 60008052
ok   the encoder writes `movk w9, #1, lsl #16`: 0x72A00029, little-endian 2900A072
ok   the encoder writes `fmov d0, x9`: 0x9E670120, little-endian 2001679E
ok   the encoder writes `scvtf d0, x9`: 0x9E620120, little-endian 2001629E
ok   the encoder writes `cset x9, mi`: 0x9A9F57E9, little-endian E9579F9A
ok   the encoder writes `cset x10, vs`: 0x9A9F77EA, little-endian EA779F9A
ok   the encoder writes `subs x9, x9, #8`: 0xF1002129, little-endian 292100F1
ok   the encoder writes `orr x9, x9, x10`: 0xAA0A0129, little-endian 29010AAA
ok   the encoder writes `ldr x19, [x22, #0]`: 0xF94002D3, little-endian D30240F9
ok   the encoder writes `ldr x23, [x22, #40]`: 0xF94016D7, little-endian D71640F9
ok   the encoder writes `str x23, [sp, #48]`: 0xF9001BF7, little-endian F71B00F9
ok   the encoder writes `str w9, [x22, #48]`: 0xB90032C9, little-endian C93200B9
ok   the encoder writes `ldr d0, [x21, #8]`: 0xFD4006A0, little-endian A00640FD
ok   the encoder writes `str d0, [x19, #16]`: 0xFD000A60, little-endian 600A00FD
ok   the encoder writes `fadd d0, d0, d1`: 0x1E612800, little-endian 0028611E
ok   the encoder writes `fsub d0, d0, d1`: 0x1E613800, little-endian 0038611E
ok   the encoder writes `fmul d0, d0, d1`: 0x1E610800, little-endian 0008611E
ok   the encoder writes `fdiv d0, d0, d1`: 0x1E611800, little-endian 0018611E
ok   the encoder writes `fneg d0, d0`: 0x1E614000, little-endian 0040611E
ok   the encoder writes `fcmp d0, d1`: 0x1E612000, little-endian 0020611E
ok   the encoder writes `fcmp d0, #0.0`: 0x1E602008, little-endian 0820601E
ok   the encoder writes `b .+8`: 0x14000002
ok   the encoder writes `b.ge .+20`: 0x540000AA
ok   arm64 emits the retained bytes for straight-line arithmetic: 180 bytes, 1 symbols, alignment 4 - a record of what the encoder wrote and not of what a processor would do
ok   arm64 emits the retained bytes for a block scope and repeated local reads: 260 bytes, 1 symbols, alignment 4 - a record of what the encoder wrote and not of what a processor would do
ok   arm64 emits the retained bytes for a forward branch and a join: 460 bytes, 1 symbols, alignment 4 - a record of what the encoder wrote and not of what a processor would do
ok   arm64 emits the retained bytes for a backward branch and a loop: 500 bytes, 1 symbols, alignment 4 - a record of what the encoder wrote and not of what a processor would do
ok   a remainder is refused: no A64 instruction has its semantics: unit 0 at bytecode offset 22: the instruction `Remainder` has no A64 instruction: its JavaScript semantics are a library routine, and an emitted unit of this backend calls nothing
ok   an exponentiation is refused: no A64 instruction has its semantics: unit 0 at bytecode offset 22: the instruction `Exponent` has no A64 instruction: its JavaScript semantics are a library routine, and an emitted unit of this backend calls nothing
ok   a bitwise or is refused: ToInt32 is not what fcvtzs does: unit 0 at bytecode offset 22: the instruction `BitwiseOr` converts its operands with ToInt32, which truncates modulo two to the thirty-second, and A64's `fcvtzs` SATURATES for operands of magnitude two to the sixty-third or more instead; a template built on it would be right for small operands and silently wrong for large ones, which is the defect class a golden byte cannot see
ok   a shift is refused: ToInt32 is not what fcvtzs does: unit 0 at bytecode offset 22: the instruction `ShiftLeft` converts its operands with ToInt32, which truncates modulo two to the thirty-second, and A64's `fcvtzs` SATURATES for operands of magnitude two to the sixty-third or more instead; a template built on it would be right for small operands and silently wrong for large ones, which is the defect class a golden byte cannot see
ok   a strict equality is refused: a slab of doubles cannot tell undefined from NaN: unit 0 at bytecode offset 22: the instruction `StrictEquals` is the one family of operator that can tell `undefined` from a NaN, and this backend represents `undefined` as a NaN because a slab of doubles has no other encoding for it; a template here would be right for numbers and silently wrong for the completion value every program body carries
ok   a loose equality is refused: a slab of doubles cannot tell undefined from NaN: unit 0 at bytecode offset 22: the instruction `LooseEquals` is the one family of operator that can tell `undefined` from a NaN, and this backend represents `undefined` as a NaN because a slab of doubles has no other encoding for it; a template here would be right for numbers and silently wrong for the completion value every program body carries
ok   a global lexical binding is refused: the realm is an object graph: unit 0 at bytecode offset 5: the instruction `DeclareGlobalLet` reaches the realm, which is an object graph, and the frame an emitted unit is handed carries pointers to slabs of doubles and no managed reference at all - which is how this profile answers the rooting question by construction rather than by a scheme
ok   a function declaration is refused: its program body reaches the realm: unit 0 at bytecode offset 5: the instruction `DeclareGlobal` reaches the realm, which is an object graph, and the frame an emitted unit is handed carries pointers to slabs of doubles and no managed reference at all - which is how this profile answers the rooting question by construction rather than by a scheme
ok   a conditional branch past its reach is refused: the branch at word 262145 is -262145 words from its target, which the 19-bit displacement field cannot carry; a truncated displacement is a branch to somewhere else and is refused rather than encoded
ok   a conditional branch at its reach is still encoded: 0x54800000
ok   the arm64 frame offsets tile the declared layout: seven fields at 0, 8, 16, 24, 32, 40 and 48, and a stack frame of 64 bytes
ok   everything `x86-64-win64` emits, the template scan accepts: 13 of 14 programs emitted and scanned, 11452 bytes in all, 1 refused by the backend before any byte was emitted
ok   everything `x86-64-sysv` emits, the template scan accepts: 13 of 14 programs emitted and scanned, 11452 bytes in all, 1 refused by the backend before any byte was emitted
ok   everything `arm64-aapcs64` emits, the template scan accepts: 9 of 14 programs emitted and scanned, 4048 bytes in all, 5 refused by the backend before any byte was emitted
ok   every template `x86-64-win64` has is reached by one of these programs: 47 of 48 templates instantiated, with 1 named out of reach of this manifest (movq xmm0, rax)
ok   every template `x86-64-sysv` has is reached by one of these programs: 47 of 48 templates instantiated, with 1 named out of reach of this manifest (movq xmm0, rax)
ok   every template `arm64-aapcs64` has is reached by one of these programs: 44 of 44 templates instantiated
ok   the template table's frame constants are the convention table's: both conventions agree about the frame size, the spill slot and the register the frame pointer arrives in
ok   the template scan refuses a-native-payload-of-four-zero-bytes: NoTemplate at offset 0: the bytes at 0 match no instruction template this build's backends emit for this architecture
ok   the template scan refuses an arm64 payload of four zero bytes: NoTemplate at offset 0: the bytes at 0 match no instruction template this build's backends emit for this architecture
ok   the template scan refuses an indirect call through a register: NoTemplate at offset 0: the bytes at 0 match no instruction template this build's backends emit for this architecture
ok   the template scan refuses a syscall instruction: NoTemplate at offset 0: the bytes at 0 match no instruction template this build's backends emit for this architecture
ok   the template scan refuses a frame displacement between two declared fields: OperandOutOfRange at offset 0: the `mov rax, [r11+field]` at 0 carries 33 where its FrameField field admits no such value, so it is an instruction this build can spell and no backend of it asks for
ok   the template scan refuses a slab displacement off the eight-byte grid: OperandOutOfRange at offset 0: the `mov rdx, [rbx+slab]` at 0 carries 4 where its SlabDisplacement field admits no such value, so it is an instruction this build can spell and no backend of it asks for
ok   the template scan refuses a materialised immediate no unit answers with: OperandOutOfRange at offset 0: the `mov rax, imm64` at 0 carries 1 where its MaterialisedValue field admits no such value, so it is an instruction this build can spell and no backend of it asks for
ok   the template scan refuses a unit that runs off its own end: UnitDoesNotEndInAReturn at offset 1: code unit 0 ends without a return, so control would run off its last instruction into whatever follows it
ok   the template scan refuses a byte hidden in a unit's alignment padding: PaddingNotAlignment at offset 2: code unit 0 is followed by a byte that is neither an instruction of this unit nor the one-byte no-op an entry point is aligned with
ok   the template scan refuses a branch that leaves the unit: BranchLeavesUnit at offset 0: the `jmp rel32` at 0 targets 21, which is outside the emitted range of code unit 0
ok   the template scan refuses a branch into the middle of an instruction: BranchIntoInstruction at offset 0: the `jmp rel32` at 0 targets 6, which is inside an instruction rather than the first byte of one
ok   the template scan refuses an image emitted for the other calling convention: the same 393 bytes: accepted as System V, and as Windows NoTemplate at offset 1
ok   the unmutated image is accepted: 798 bytes emitted for one code unit
ok   the template scan refuses an image with its last return removed: UnitDoesNotEndInAReturn at offset 796: code unit 0 ends without a return, so control would run off its last instruction into whatever follows it
ok   the template scan refuses an image with one branch displacement moved: BranchIntoInstruction at offset 594: the `jmp rel32` at 594 targets 240, which is inside an instruction rather than the first byte of one
ok   an x86-64 payload of four zero bytes is refused at verification: InvalidArtifact/InconsistentStructure code 1625
ok   an arm64 payload of four zero bytes is refused at verification: InvalidArtifact/InconsistentStructure code 1625
ok   a payload that is one instruction still verifies: verified, and NOTHING INSTANTIATED IT: the row is about the verifier's answer, and the architecture it names is one no host of this build arms
ok   everything `x86-64-win64` emits for the wide manifest, the baseline scan accepts: all 14 programs emitted and scanned: 36 code units, 24486 bytes
ok   everything `x86-64-sysv` emits for the wide manifest, the baseline scan accepts: all 14 programs emitted and scanned: 36 code units, 24486 bytes
ok   every baseline template `x86-64-win64` has is reached by one of the wide programs: 21 of 21 templates instantiated, none out of reach
ok   every baseline template `x86-64-sysv` has is reached by one of the wide programs: 21 of 21 templates instantiated, none out of reach
ok   the baseline tables write no memory and transfer indirectly only through the handler table: 42 templates judged by their bytes: one handler-table call per table (FF 93 with a helper-slot disp32), no memory destination, no other transfer through memory or a register, no direct call, no unit-entry branch; 11 of 11 misnamed byte controls refused
ok   the baseline reservation and argument registers are the convention table's: both conventions agree about the reservation, the frame register and the program-counter register
ok   `x86-64-win64` emits the retained baseline bytes for a property read, a branch and a throw: 730 bytes, 2 symbols
ok   `x86-64-sysv` emits the retained baseline bytes for a property read, a branch and a throw: 730 bytes, 2 symbols
ok   the two conventions' baseline emissions are one template sequence: 5072 instantiations compared across 14 programs
ok   every wide baseline artifact `x86-64-win64` writes re-emits byte for byte at verification: 14 artifacts verified with re-emission
ok   every wide baseline artifact `x86-64-sysv` writes re-emits byte for byte at verification: 14 artifacts verified with re-emission
ok   a re-emitting verifier refuses a baseline payload whose handler call was swapped: the call at 57 swapped: without an emitter verified; with one refused, InvalidArtifact/InconsistentStructure code 1624
ok   the arm64 backend refuses the wide manifest's native form by name: 2104:ConstructOutsideManifest at 0:0: the arm64 backend emits only for the numeric manifest; the baseline form over `broiler.javascript.wide` has no arm64 emitter in this build
ok   the Baseline scan refuses `call rax` in a baseline unit: NoTemplate at offset 15: the bytes at 15 match no instruction template this build's backends emit for this architecture
ok   the Baseline scan refuses a handler call through the slot of undefined byte 0x0B: OperandOutOfRange at offset 23: the `call [rbx+slot]` at 23 carries 88 where its HelperSlot field admits no such value, so it is an instruction this build can spell and no backend of it asks for
ok   the Baseline scan refuses a handler call between two slots: OperandOutOfRange at offset 23: the `call [rbx+slot]` at 23 carries 132 where its HelperSlot field admits no such value, so it is an instruction this build can spell and no backend of it asks for
ok   the Baseline scan refuses `mov eax, 2`, a status no unit materialises: OperandOutOfRange at offset 15: the `mov eax, status` at 15 carries 2 where its BaselineStatusValue field admits no such value, so it is an instruction this build can spell and no backend of it asks for
ok   the Baseline scan refuses a baseline unit with no prologue: FrameSequenceMalformed at offset 0: instruction 0 of code unit 0 is not the prologue's instruction 0, so the unit does not open with the one sequence that saves what it writes and loads the handler table
ok   the Baseline scan refuses `push rbx` in the middle of a baseline unit: FrameSequenceMalformed at offset 15: instruction 6 of code unit 0 is a prologue or epilogue instruction outside the unit's one prologue and one epilogue, so the stack pointer or a saved register is written somewhere the scan cannot pair
ok   the Baseline scan refuses a second `ret` in a baseline unit: FrameSequenceMalformed at offset 15: instruction 6 of code unit 0 is a prologue or epilogue instruction outside the unit's one prologue and one epilogue, so the stack pointer or a saved register is written somewhere the scan cannot pair
ok   the Baseline scan refuses a `jmp` to the epilogue's `pop rbx`: BranchIntoFrameSequence at offset 15: the `jmp rel32` at 15 targets 26, which is inside code unit 0's prologue or past the first instruction of its epilogue
ok   the Baseline scan refuses a `jmp` back into the prologue: BranchIntoFrameSequence at offset 15: the `jmp rel32` at 15 targets 3, which is inside code unit 0's prologue or past the first instruction of its epilogue
ok   the baseline scan accepts a `jmp` to the epilogue's first instruction: accepted
ok   the template scan refuses a numeric emission judged as baseline: NoTemplate at offset 1: the bytes at 1 match no instruction template this build's backends emit for this architecture
ok   the template scan refuses a baseline emission judged as numeric: NoTemplate at offset 1: the bytes at 1 match no instruction template this build's backends emit for this architecture
ok   unchanged: an x86-64 payload of four zero bytes under the wide manifest is no template at its first byte: NoTemplate at offset 0
ok   unchanged: an arm64 payload of four zero bytes under the wide manifest is no template: NoTemplate at offset 0
ok   unchanged: a one-instruction arm64 payload under the wide manifest is accepted: accepted against the arm64 table
broiler-js-slice-compiler: 196 checks passed, 2 not run on this machine and claimed by nothing


[slicecompiler/aot] publish exit 0
dotnet publish src\compositions\Broiler.VM.Composition.JavaScript.SliceCompiler\Broiler.VM.Composition.JavaScript.SliceCompiler.csproj -c Release --nologo -p:TreatWarningsAsErrors=true -o D:\Broiler.VM\artifacts\js-publish\slicecompiler\aot -r win-x64 -p:PublishAot=true
  Wiederherzustellende Projekte werden ermittelt...
  "D:\Broiler.VM\src\Broiler.VM.Profile.JavaScript.Compiler\Broiler.VM.Profile.JavaScript.Compiler.csproj" wiederhergestellt (in 272 ms.).
  "D:\Broiler.VM\src\Broiler.VM.Binary\Broiler.VM.Binary.csproj" wiederhergestellt (in 272 ms.).
  "D:\Broiler.VM\src\compositions\Broiler.VM.Composition.JavaScript.SliceCompiler\Broiler.VM.Composition.JavaScript.SliceCompiler.csproj" wiederhergestellt (in 272 ms.).
  "D:\Broiler.VM\src\Broiler.VM.Profile.JavaScript\Broiler.VM.Profile.JavaScript.csproj" wiederhergestellt (in 272 ms.).
  "D:\Broiler.VM\src\Broiler.VM.Profile.JavaScript.Format\Broiler.VM.Profile.JavaScript.Format.csproj" wiederhergestellt (in 272 ms.).
  "D:\Broiler.VM\src\Broiler.VM.Runtime\Broiler.VM.Runtime.csproj" wiederhergestellt (in 272 ms.).
  "D:\Broiler.VM\src\Broiler.VM.Abstractions\Broiler.VM.Abstractions.csproj" wiederhergestellt (in 272 ms.).
  Broiler.VM.Binary -> D:\Broiler.VM\src\Broiler.VM.Binary\bin\Release\net10.0\Broiler.VM.Binary.dll
  Broiler.VM.Abstractions -> D:\Broiler.VM\src\Broiler.VM.Abstractions\bin\Release\net10.0\Broiler.VM.Abstractions.dll
  Broiler.VM.Profile.JavaScript.Format -> D:\Broiler.VM\src\Broiler.VM.Profile.JavaScript.Format\bin\Release\net10.0\Broiler.VM.Profile.JavaScript.Format.dll
  Broiler.VM.Runtime -> D:\Broiler.VM\src\Broiler.VM.Runtime\bin\Release\net10.0\Broiler.VM.Runtime.dll
  Broiler.VM.Profile.JavaScript.Compiler -> D:\Broiler.VM\src\Broiler.VM.Profile.JavaScript.Compiler\bin\Release\net10.0\Broiler.VM.Profile.JavaScript.Compiler.dll
  Broiler.VM.Profile.JavaScript -> D:\Broiler.VM\src\Broiler.VM.Profile.JavaScript\bin\Release\net10.0\Broiler.VM.Profile.JavaScript.dll
  Broiler.VM.Composition.JavaScript.SliceCompiler -> D:\Broiler.VM\src\compositions\Broiler.VM.Composition.JavaScript.SliceCompiler\bin\Release\net10.0\win-x64\Broiler.VM.Composition.JavaScript.SliceCompiler.dll
  Generating native code
  Broiler.VM.Composition.JavaScript.SliceCompiler -> D:\Broiler.VM\artifacts\js-publish\slicecompiler\aot\


[slicecompiler/aot] --closure exit 0
# broiler-vm-composition core-contract-version=1
composition Broiler.VM.Composition.JavaScript.SliceCompiler
label narrow-runtime-compiler-shaped
carries-lowering yes
profiles 1
profile broiler.javascript Broiler.VM.Profile.JavaScript 1 4


[slicecompiler/aot/checks] run exit 0
ok   a-neighbours-maximum-does-not-reach-this-profile: the neighbour caps section count at 1 and this profile's artifact still verified
ok   a-neighbours-adopted-default-does-reach-this-profile: adopting defaults beside a neighbour declaring 1 refused this artifact, naming SectionCount
ok   a-foreign-payload-is-not-projected: the neighbour's payload completed and projected as neither of this profile's
ok   registration-order-does-not-change-the-catalog-identity: both encodings are 637 bytes and equal
ok   descriptor-admitted-and-its-refusals-named: admitted, and four named negative cases were each refused
ok   every source the manifest admits compiles: 25 sources compiled
ok   every source the manifest excludes is refused by name: 32 sources refused with the recorded code
ok   every module-goal early error is refused with its own code: 5 sources, each refused by name
ok   the lowering is deterministic: 25 sources compiled twice to identical bytes
ok   two goals in one process do not reach each other: 200 concurrent script-and-module pairs, each answered by its own goal
ok   deep nesting is refused rather than survived: 20 levels compiled; 100,000 levels refused as NestingTooDeep, with no stack overflow
ok   an early error never produces bytes: 32 refusals, none carrying an artifact
ok   the source fuzz guidance loop keeps a new answer and refuses a repeat: 1 of 3 offers kept, baseline 1
ok   a declining composition refuses at verification: InvalidArtifact/UnsupportedFeatureManifest/1608
ok   an admitting composition with no provider refuses at run time: EvalError
ok   a typeof declares no surface and is answered rather than refused: undefined
ok   an admitting composition runs what the declining one refused: 44
ok   two runtimes mint one name and observe nothing of each other: the first answered 100/101/number/undefined and the second 200/201/undefined/number; each read back its own value under the same key text and neither could see the name the other alone minted
ok   one shareable handle is instantiated by two runtimes: the verifying runtime answered 1 and a second runtime instantiating the same handle answered 1; each counted from zero, so neither realm was the other's
ok   two runtimes read one handle concurrently with no synchronisation: 64 reads on each of two threads, every one answering 496, with no lock between them and no reader taken from the other's runtime
ok   a handle carries nothing the runs that used it changed: three runtimes over one handle answered 256, 256, 256; each built its own store from nothing. This is behavioural and not the structural scan the gate names: a per-instance structure these programs never observe would not be caught here, and what bounds that is the construction rather than this check
ok   a signature mismatch is refused when the runtime is created: creation answered HostFailure/CapabilitySignatureMismatch; the handler was never invoked, because there was no runtime to invoke it from
ok   a kind mismatch is refused when the runtime is created: creation answered HostFailure/CapabilitySignatureMismatch
ok   a version mismatch leaves an optional import unbound: the program completed with done and the handler registered at version 2 was reached 0 times; the import declares version 1 and matching is by identity and version together, so this is the unbound branch rather than a refusal
ok   the unbound branch of an optional import is exercised: with no capability registered the program printed and completed with done; what it printed reached nowhere, which is the composition's answer and not a fault
ok   a capability cancelling with the operation's own token is a cancellation: the invocation answered Cancellation/Cancelled
ok   an exhausted meter at the host call is a resource exhaustion: the invocation answered ResourceExhaustion/AllowanceExhausted and the handler was reached 0 times; the charge that failed is this profile's own, taken before the boundary
ok   any other capability failure is a host failure naming the capability: the invocation answered HostFailure/HostCapabilityFaulted naming `broiler.javascript.write`
ok   string concatenation is charged proportionally to its input: declared n characters appended, one unit each, granularity 1; measured against its own control at n=32:64, n=64:128, n=128:256, n=256:512
ok   string comparison is charged proportionally to its input: declared 8 comparisons over min(|a|,|b|) = n characters, granularity 1; measured against its own control at n=32:280, n=64:536, n=128:1048, n=256:2072
ok   string equality is charged proportionally to its input: declared 8 comparisons over min(|a|,|b|) = n characters, granularity 1; measured against its own control at n=32:280, n=64:536, n=128:1048, n=256:2072
ok   array copy is charged proportionally to its input: declared n elements copied, one unit each, granularity 1; measured against its own control at n=32:40, n=64:72, n=128:136, n=256:264
ok   array sort is charged proportionally to its input: declared n elements ordered, at least one unit each, granularity 1; measured against its own control at n=32:175, n=64:380, n=128:867, n=256:1746
ok   property enumeration is charged proportionally to its input: declared n own keys listed, one unit each, granularity 1; measured against its own control at n=32:42, n=64:74, n=128:138, n=256:266
ok   regular-expression matching is charged proportionally to its input: declared 4 matches over a subject of n characters, granularity 1; measured against its own control at n=32:1048, n=64:1944, n=128:3736, n=256:7320
ok   numeric conversion of large values is charged proportionally to its input: declared 8 conversions over a numeral of n digits, granularity 1; measured against its own control at n=32:320, n=64:576, n=128:1088, n=256:2112
ok   a step parks and resumes across two suspensions: 2 pauses, each resumed, and the jobs ran once each in order: a,b,c. Every turn runs on a guest thread of its own, so no resume was on the thread that suspended
ok   a host asking this profile to pause is told it is not declared: the composition enabled external suspension and the request answered Unsupported/ExternalSuspensionNotDeclared, while the step itself parked as a guest suspension (Suspension/GuestSuspended)
ok   a continuation resumed twice is refused the second time: the first resume answered Suspension/GuestSuspended and the second InvalidState/ResumeTokenConsumed
ok   a parked operation is abandoned and runs none of what it queued: the parked operation was disposed unresumed and the queue was dropped rather than run; a fresh instance that never stepped reports `` for what ran, which is nothing
ok   the live-suspension bound is a named refusal: with one live suspension granted, a second park answered InvalidState/SuspendedOperationLimitReached
ok   a return runs the finally it leaves through: expected `enter,finally,1` and the program recorded `enter,finally,1`
ok   a break runs the finally it leaves through: expected `enter,finally,after` and the program recorded `enter,finally,after`
ok   a continue runs the finally it leaves through: expected `0,f0,1,f1,done` and the program recorded `0,f0,1,f1,done`
ok   a throw runs the finally it leaves through: expected `enter,finally,caught` and the program recorded `enter,finally,caught`
ok   a finally that returns replaces the return: expected `outer` and the program recorded `outer`
ok   a finally that returns replaces the throw: expected `replaced` and the program recorded `replaced`
ok   nested handlers unwind innermost first: expected `inner,outer,caught` and the program recorded `inner,outer,caught`
ok   an uncaught throw is a typed payload behind a fault: the invocation answered ProfileFault/ProfileFaultUnspecified carrying a TypeError: TypeError: from the guest
ok   a host failure crosses the profile's frames and names the capability: the handler was reached 1 time(s) and the invocation answered HostFailure/HostCapabilityFaulted naming `broiler.javascript.write`
ok   native/abi/stack-pointer-unchanged: before 0x4232f7f680, after 0x4232f7f680
ok   native/abi/caller-pops-injection-is-caught: a callee that removed eight bytes moved the stack pointer by 8
ok   native/abi/callee-saved-unchanged: every register this convention makes callee-saved came back as it went in
ok   native/abi/clobber-injection-is-caught: the clobbered register was reported as R12
ok   native/abi/frame-pointer-register: the frame pointer arrives in Rcx under x86-64-win64, and the callee read 0x4232f7f770
ok   native/abi/wrong-frame-pointer-register-is-caught: reading the argument from Rdi under x86-64-win64 answered 0xbad0bad0bad0bad
ok   native/abi/stack-aligned-at-the-call: the stack pointer at the call was 0x4232f7f680, which is 0 modulo sixteen
ok   native/abi/misalignment-is-caught: a caller that reserved eight bytes more called with a stack pointer 8 modulo sixteen
ok   native/abi/shadow-space-reserved: x86-64-win64 reserves 32 bytes of shadow space, and an emitted prologue claims 48 bytes with its own spill at 32
ok   native/abi/the-two-conventions-disagree: RDI and RSI are callee-saved under Windows x64 and volatile under System V, the frame pointer arrives in RCX and RDI respectively, and only Windows x64 asks a caller for shadow space
ok   native/abi/frame-offsets-match-the-runtime: the offsets an encoder computes with are the offsets the runtime gives the structures they describe
ok   native/abi/emitted-entry-points-survive: 2 emitted entry points, each called 1000000 times, each leaving the stack pointer and every callee-saved register as it found them
ok   native/differential/the-two-forms-agree: 4 programs, each lowered by one front end into both forms and run through the whole core lifecycle, answering the same value
ok   native/backend/re-emission-is-byte-identical: 1075 bytes, emitted twice, identical
ok   native/baseline/two-forms-agree-over-the-wide-manifest/an object literal and a property read: both answered completed value=3 (number) printed=0#e3b0c44298fc fuel=21; bytecode 0 ms, native 0 ms
ok   native/baseline/two-forms-agree-over-the-wide-manifest/string concatenation: both answered completed value=a012! (string) printed=0#e3b0c44298fc fuel=81; bytecode 0 ms, native 0 ms
ok   native/baseline/two-forms-agree-over-the-wide-manifest/a closure counter: both answered completed value=2 (number) printed=0#e3b0c44298fc fuel=57; bytecode 0 ms, native 0 ms
ok   native/baseline/two-forms-agree-over-the-wide-manifest/a class with super and private members: both answered completed value=6 (number) printed=0#e3b0c44298fc fuel=152; bytecode 0 ms, native 0 ms
ok   native/baseline/two-forms-agree-over-the-wide-manifest/try, catch and finally with a break through the finally: both answered completed value=e0fgfg (string) printed=0#e3b0c44298fc fuel=110; bytecode 0 ms, native 0 ms
ok   native/baseline/two-forms-agree-over-the-wide-manifest/a generator resumed by return() and throw() past a leaf of the tree: both answered completed value=true (boolean) printed=0#e3b0c44298fc fuel=157; bytecode 0 ms, native 0 ms
ok   native/baseline/two-forms-agree-over-the-wide-manifest/yield* over a generator and over an array: both answered completed value=10 (number) printed=0#e3b0c44298fc fuel=252; bytecode 0 ms, native 0 ms
ok   native/baseline/two-forms-agree-over-the-wide-manifest/async and await with a rejected await: both answered completed value=undefined (undefined) printed=0#e3b0c44298fc fuel=134; bytecode 0 ms, native 0 ms
ok   native/baseline/two-forms-agree-over-the-wide-manifest/an async generator with for await and yield* into an async iterator: both answered completed value=[object Promise] (object) printed=0#e3b0c44298fc fuel=341; bytecode 0 ms, native 0 ms
ok   native/baseline/two-forms-agree-over-the-wide-manifest/for-in: both answered completed value=ab (string) printed=0#e3b0c44298fc fuel=49; bytecode 0 ms, native 0 ms
ok   native/baseline/two-forms-agree-over-the-wide-manifest/for-of with an early exit: both answered completed value=3 (number) printed=0#e3b0c44298fc fuel=97; bytecode 0 ms, native 0 ms
ok   native/baseline/two-forms-agree-over-the-wide-manifest/destructuring parameters with defaults: both answered completed value=15 (number) printed=0#e3b0c44298fc fuel=181; bytecode 0 ms, native 0 ms
ok   native/baseline/two-forms-agree-over-the-wide-manifest/a module with an import: both answered completed value=undefined (undefined) printed=0#e3b0c44298fc fuel=15; bytecode 0 ms, native 0 ms
ok   native/baseline/two-forms-agree-over-the-wide-manifest/a switch, a labelled continue and with: both answered completed value=116 (number) printed=0#e3b0c44298fc fuel=262; bytecode 0 ms, native 0 ms
ok   native/baseline/two-forms-agree-over-the-wide-manifest/recursion to RangeError at the engine's maximum call depth: both answered completed value=RangeError at depth 6000 (string) printed=0#e3b0c44298fc fuel=78037; bytecode 40 ms, native 21 ms
ok   native/baseline/two-forms-agree-over-the-wide-manifest/a throw from depth 5000 caught at the top: both answered completed value=from the bottom (string) printed=0#e3b0c44298fc fuel=70066; bytecode 37 ms, native 36 ms
ok   native/baseline/two-forms-agree-over-the-wide-manifest/a 100000-iteration throw and catch across a call: both answered completed value=100000 (number) printed=0#e3b0c44298fc fuel=3500022; bytecode 506 ms, native 799 ms
ok   native/baseline/two-forms-agree-over-the-wide-manifest/a generator's return() through two finallys: both answered completed value=inner;outer;42:true (string) printed=0#e3b0c44298fc fuel=97; bytecode 1 ms, native 0 ms
ok   native/baseline/two-forms-agree-over-the-wide-manifest/an uncaught TypeError: both answered uncaught value= () threw TypeError: TypeError: Cannot read properties of null (reading 'property') printed=0#e3b0c44298fc fuel=8; bytecode 0 ms, native 0 ms
ok   native/baseline/two-forms-agree-over-the-wide-manifest/an eval of a function that is called later: both answered completed value=42 (number) printed=0#e3b0c44298fc; bytecode 1 ms, native 0 ms; fuel reported and not compared: bytecode 69, native 69
ok   native/baseline/the-smallest-completing-allowance-is-one-figure/an object literal and a property read: bytecode completes at 21 and not at 20 (5 attempts; consumption at completion 21); native completes at 21 and not at 20 (5 attempts; consumption at completion 21)
ok   native/baseline/the-smallest-completing-allowance-is-one-figure/a generator resumed by return() and throw() past a leaf of the tree: bytecode completes at 157 and not at 156 (8 attempts; consumption at completion 157); native completes at 157 and not at 156 (8 attempts; consumption at completion 157)
ok   native/baseline/the-smallest-completing-allowance-is-one-figure/an async generator with for await and yield* into an async iterator: bytecode completes at 341 and not at 340 (9 attempts; consumption at completion 341); native completes at 341 and not at 340 (9 attempts; consumption at completion 341)
SKIP not-run/native/baseline/entry-points-survive/x86-64-sysv: this machine uses x86-64-win64, so a unit emitted for x86-64-sysv was not entered; its bytes are held by the baseline closure, golden and cross-convention rows on every machine
SKIP not-run/native/baseline/a-misaligned-reservation-is-caught/x86-64-sysv: this machine uses x86-64-win64, so a unit emitted for x86-64-sysv was not entered; its bytes are held by the baseline closure, golden and cross-convention rows on every machine
ok   native/baseline/entry-points-survive/x86-64-win64: 2 units, each entered 1000 times: unit 0 entered at pc 0 reached its handler at 0x4232f7ec98; unit 1 entered at pc 29 reached its handler at 0x4232f7ec98
ok   native/baseline/a-misaligned-reservation-is-caught/x86-64-win64: unit 0 widened by eight reached its handler at 0x4232f7ec90; unit 1 widened by eight reached its handler at 0x4232f7ec90
ok   native/baseline/a-short-reservation-loses-a-saved-register/x86-64-win64: unit 0 shortened by sixteen came back with R14 changed and its stack aligned; unit 1 shortened by sixteen came back with R14 changed and its stack aligned
ok   native/baseline/a-swapped-handler-is-a-defect: the call at 57 moved from slot 1 to slot 2: the unswapped control answered completed value=3 (number) printed=0#e3b0c44298fc; the swapped payload answered invocation ProfileFault/ProfileContractViolation value= () printed=0#e3b0c44298fc
ok   native/baseline/frequent-collections/printing at every level of a 3000-deep recursion: both answered completed value=4501500 (number) printed=3001#9993d1cd7ffa fuel=123046; bytecode 135 ms, native 78 ms; collections forced: bytecode 3, native 3
ok   native/baseline/frequent-collections/printing from a generator between yields and in its finally: both answered completed value=2001000 (number) printed=2002#04431fabe032 fuel=120127; bytecode 11 ms, native 10 ms; collections forced: bytecode 2, native 2
ok   native/baseline/frequent-collections/printing from awaited continuations drained as jobs: both answered completed value=[object Promise] (object) printed=2501#019d03b77194 fuel=247570; bytecode 16 ms, native 18 ms; collections forced: bytecode 2, native 2
ok   native/baseline/frequent-collections/printing from catches of throws across a call: both answered completed value=3123750 (number) printed=2500#d5217e28ce7d fuel=137522; bytecode 25 ms, native 17 ms; collections forced: bytecode 2, native 2
ok   native/baseline/frequent-collections/printing from a function an eval defined: both answered completed value=6247500 (number) printed=2500#d9b1626371fb; bytecode 11 ms, native 18 ms; fuel reported and not compared: bytecode 117588, native 117588; collections forced: bytecode 2, native 2
ok   native/baseline/frequent-collections/printing while closures and strings accumulate: both answered completed value=13890 (number) printed=3000#a7823306255f fuel=243032; bytecode 26 ms, native 43 ms; collections forced: bytecode 3, native 3
ok   the encoder writes `stp x29, x30, [sp, #-64]!`: 0xA9BC7BFD, little-endian FD7BBCA9
ok   the encoder writes `stp x19, x20, [sp, #16]`: 0xA90153F3, little-endian F35301A9
ok   the encoder writes `ldp x21, x22, [sp, #32]`: 0xA9425BF5, little-endian F55B42A9
ok   the encoder writes `ldp x29, x30, [sp], #64`: 0xA8C47BFD, little-endian FD7BC4A8
ok   the encoder writes `ret`: 0xD65F03C0, little-endian C0035FD6
ok   the encoder writes `mov x22, x0`: 0xAA0003F6, little-endian F60300AA
ok   the encoder writes `mov x29, sp`: 0x910003FD, little-endian FD030091
ok   the encoder writes `movz x9, #0x7FF8, lsl #48`: 0xD2EFFF09, little-endian 09FFEFD2
ok   the encoder writes `movz w0, #3`: 0x52800060, little-endian 60008052
ok   the encoder writes `movk w9, #1, lsl #16`: 0x72A00029, little-endian 2900A072
ok   the encoder writes `fmov d0, x9`: 0x9E670120, little-endian 2001679E
ok   the encoder writes `scvtf d0, x9`: 0x9E620120, little-endian 2001629E
ok   the encoder writes `cset x9, mi`: 0x9A9F57E9, little-endian E9579F9A
ok   the encoder writes `cset x10, vs`: 0x9A9F77EA, little-endian EA779F9A
ok   the encoder writes `subs x9, x9, #8`: 0xF1002129, little-endian 292100F1
ok   the encoder writes `orr x9, x9, x10`: 0xAA0A0129, little-endian 29010AAA
ok   the encoder writes `ldr x19, [x22, #0]`: 0xF94002D3, little-endian D30240F9
ok   the encoder writes `ldr x23, [x22, #40]`: 0xF94016D7, little-endian D71640F9
ok   the encoder writes `str x23, [sp, #48]`: 0xF9001BF7, little-endian F71B00F9
ok   the encoder writes `str w9, [x22, #48]`: 0xB90032C9, little-endian C93200B9
ok   the encoder writes `ldr d0, [x21, #8]`: 0xFD4006A0, little-endian A00640FD
ok   the encoder writes `str d0, [x19, #16]`: 0xFD000A60, little-endian 600A00FD
ok   the encoder writes `fadd d0, d0, d1`: 0x1E612800, little-endian 0028611E
ok   the encoder writes `fsub d0, d0, d1`: 0x1E613800, little-endian 0038611E
ok   the encoder writes `fmul d0, d0, d1`: 0x1E610800, little-endian 0008611E
ok   the encoder writes `fdiv d0, d0, d1`: 0x1E611800, little-endian 0018611E
ok   the encoder writes `fneg d0, d0`: 0x1E614000, little-endian 0040611E
ok   the encoder writes `fcmp d0, d1`: 0x1E612000, little-endian 0020611E
ok   the encoder writes `fcmp d0, #0.0`: 0x1E602008, little-endian 0820601E
ok   the encoder writes `b .+8`: 0x14000002
ok   the encoder writes `b.ge .+20`: 0x540000AA
ok   arm64 emits the retained bytes for straight-line arithmetic: 180 bytes, 1 symbols, alignment 4 - a record of what the encoder wrote and not of what a processor would do
ok   arm64 emits the retained bytes for a block scope and repeated local reads: 260 bytes, 1 symbols, alignment 4 - a record of what the encoder wrote and not of what a processor would do
ok   arm64 emits the retained bytes for a forward branch and a join: 460 bytes, 1 symbols, alignment 4 - a record of what the encoder wrote and not of what a processor would do
ok   arm64 emits the retained bytes for a backward branch and a loop: 500 bytes, 1 symbols, alignment 4 - a record of what the encoder wrote and not of what a processor would do
ok   a remainder is refused: no A64 instruction has its semantics: unit 0 at bytecode offset 22: the instruction `Remainder` has no A64 instruction: its JavaScript semantics are a library routine, and an emitted unit of this backend calls nothing
ok   an exponentiation is refused: no A64 instruction has its semantics: unit 0 at bytecode offset 22: the instruction `Exponent` has no A64 instruction: its JavaScript semantics are a library routine, and an emitted unit of this backend calls nothing
ok   a bitwise or is refused: ToInt32 is not what fcvtzs does: unit 0 at bytecode offset 22: the instruction `BitwiseOr` converts its operands with ToInt32, which truncates modulo two to the thirty-second, and A64's `fcvtzs` SATURATES for operands of magnitude two to the sixty-third or more instead; a template built on it would be right for small operands and silently wrong for large ones, which is the defect class a golden byte cannot see
ok   a shift is refused: ToInt32 is not what fcvtzs does: unit 0 at bytecode offset 22: the instruction `ShiftLeft` converts its operands with ToInt32, which truncates modulo two to the thirty-second, and A64's `fcvtzs` SATURATES for operands of magnitude two to the sixty-third or more instead; a template built on it would be right for small operands and silently wrong for large ones, which is the defect class a golden byte cannot see
ok   a strict equality is refused: a slab of doubles cannot tell undefined from NaN: unit 0 at bytecode offset 22: the instruction `StrictEquals` is the one family of operator that can tell `undefined` from a NaN, and this backend represents `undefined` as a NaN because a slab of doubles has no other encoding for it; a template here would be right for numbers and silently wrong for the completion value every program body carries
ok   a loose equality is refused: a slab of doubles cannot tell undefined from NaN: unit 0 at bytecode offset 22: the instruction `LooseEquals` is the one family of operator that can tell `undefined` from a NaN, and this backend represents `undefined` as a NaN because a slab of doubles has no other encoding for it; a template here would be right for numbers and silently wrong for the completion value every program body carries
ok   a global lexical binding is refused: the realm is an object graph: unit 0 at bytecode offset 5: the instruction `DeclareGlobalLet` reaches the realm, which is an object graph, and the frame an emitted unit is handed carries pointers to slabs of doubles and no managed reference at all - which is how this profile answers the rooting question by construction rather than by a scheme
ok   a function declaration is refused: its program body reaches the realm: unit 0 at bytecode offset 5: the instruction `DeclareGlobal` reaches the realm, which is an object graph, and the frame an emitted unit is handed carries pointers to slabs of doubles and no managed reference at all - which is how this profile answers the rooting question by construction rather than by a scheme
ok   a conditional branch past its reach is refused: the branch at word 262145 is -262145 words from its target, which the 19-bit displacement field cannot carry; a truncated displacement is a branch to somewhere else and is refused rather than encoded
ok   a conditional branch at its reach is still encoded: 0x54800000
ok   the arm64 frame offsets tile the declared layout: seven fields at 0, 8, 16, 24, 32, 40 and 48, and a stack frame of 64 bytes
ok   everything `x86-64-win64` emits, the template scan accepts: 13 of 14 programs emitted and scanned, 11452 bytes in all, 1 refused by the backend before any byte was emitted
ok   everything `x86-64-sysv` emits, the template scan accepts: 13 of 14 programs emitted and scanned, 11452 bytes in all, 1 refused by the backend before any byte was emitted
ok   everything `arm64-aapcs64` emits, the template scan accepts: 9 of 14 programs emitted and scanned, 4048 bytes in all, 5 refused by the backend before any byte was emitted
ok   every template `x86-64-win64` has is reached by one of these programs: 47 of 48 templates instantiated, with 1 named out of reach of this manifest (movq xmm0, rax)
ok   every template `x86-64-sysv` has is reached by one of these programs: 47 of 48 templates instantiated, with 1 named out of reach of this manifest (movq xmm0, rax)
ok   every template `arm64-aapcs64` has is reached by one of these programs: 44 of 44 templates instantiated
ok   the template table's frame constants are the convention table's: both conventions agree about the frame size, the spill slot and the register the frame pointer arrives in
ok   the template scan refuses a-native-payload-of-four-zero-bytes: NoTemplate at offset 0: the bytes at 0 match no instruction template this build's backends emit for this architecture
ok   the template scan refuses an arm64 payload of four zero bytes: NoTemplate at offset 0: the bytes at 0 match no instruction template this build's backends emit for this architecture
ok   the template scan refuses an indirect call through a register: NoTemplate at offset 0: the bytes at 0 match no instruction template this build's backends emit for this architecture
ok   the template scan refuses a syscall instruction: NoTemplate at offset 0: the bytes at 0 match no instruction template this build's backends emit for this architecture
ok   the template scan refuses a frame displacement between two declared fields: OperandOutOfRange at offset 0: the `mov rax, [r11+field]` at 0 carries 33 where its FrameField field admits no such value, so it is an instruction this build can spell and no backend of it asks for
ok   the template scan refuses a slab displacement off the eight-byte grid: OperandOutOfRange at offset 0: the `mov rdx, [rbx+slab]` at 0 carries 4 where its SlabDisplacement field admits no such value, so it is an instruction this build can spell and no backend of it asks for
ok   the template scan refuses a materialised immediate no unit answers with: OperandOutOfRange at offset 0: the `mov rax, imm64` at 0 carries 1 where its MaterialisedValue field admits no such value, so it is an instruction this build can spell and no backend of it asks for
ok   the template scan refuses a unit that runs off its own end: UnitDoesNotEndInAReturn at offset 1: code unit 0 ends without a return, so control would run off its last instruction into whatever follows it
ok   the template scan refuses a byte hidden in a unit's alignment padding: PaddingNotAlignment at offset 2: code unit 0 is followed by a byte that is neither an instruction of this unit nor the one-byte no-op an entry point is aligned with
ok   the template scan refuses a branch that leaves the unit: BranchLeavesUnit at offset 0: the `jmp rel32` at 0 targets 21, which is outside the emitted range of code unit 0
ok   the template scan refuses a branch into the middle of an instruction: BranchIntoInstruction at offset 0: the `jmp rel32` at 0 targets 6, which is inside an instruction rather than the first byte of one
ok   the template scan refuses an image emitted for the other calling convention: the same 393 bytes: accepted as System V, and as Windows NoTemplate at offset 1
ok   the unmutated image is accepted: 798 bytes emitted for one code unit
ok   the template scan refuses an image with its last return removed: UnitDoesNotEndInAReturn at offset 796: code unit 0 ends without a return, so control would run off its last instruction into whatever follows it
ok   the template scan refuses an image with one branch displacement moved: BranchIntoInstruction at offset 594: the `jmp rel32` at 594 targets 240, which is inside an instruction rather than the first byte of one
ok   an x86-64 payload of four zero bytes is refused at verification: InvalidArtifact/InconsistentStructure code 1625
ok   an arm64 payload of four zero bytes is refused at verification: InvalidArtifact/InconsistentStructure code 1625
ok   a payload that is one instruction still verifies: verified, and NOTHING INSTANTIATED IT: the row is about the verifier's answer, and the architecture it names is one no host of this build arms
ok   everything `x86-64-win64` emits for the wide manifest, the baseline scan accepts: all 14 programs emitted and scanned: 36 code units, 24486 bytes
ok   everything `x86-64-sysv` emits for the wide manifest, the baseline scan accepts: all 14 programs emitted and scanned: 36 code units, 24486 bytes
ok   every baseline template `x86-64-win64` has is reached by one of the wide programs: 21 of 21 templates instantiated, none out of reach
ok   every baseline template `x86-64-sysv` has is reached by one of the wide programs: 21 of 21 templates instantiated, none out of reach
ok   the baseline tables write no memory and transfer indirectly only through the handler table: 42 templates judged by their bytes: one handler-table call per table (FF 93 with a helper-slot disp32), no memory destination, no other transfer through memory or a register, no direct call, no unit-entry branch; 11 of 11 misnamed byte controls refused
ok   the baseline reservation and argument registers are the convention table's: both conventions agree about the reservation, the frame register and the program-counter register
ok   `x86-64-win64` emits the retained baseline bytes for a property read, a branch and a throw: 730 bytes, 2 symbols
ok   `x86-64-sysv` emits the retained baseline bytes for a property read, a branch and a throw: 730 bytes, 2 symbols
ok   the two conventions' baseline emissions are one template sequence: 5072 instantiations compared across 14 programs
ok   every wide baseline artifact `x86-64-win64` writes re-emits byte for byte at verification: 14 artifacts verified with re-emission
ok   every wide baseline artifact `x86-64-sysv` writes re-emits byte for byte at verification: 14 artifacts verified with re-emission
ok   a re-emitting verifier refuses a baseline payload whose handler call was swapped: the call at 57 swapped: without an emitter verified; with one refused, InvalidArtifact/InconsistentStructure code 1624
ok   the arm64 backend refuses the wide manifest's native form by name: 2104:ConstructOutsideManifest at 0:0: the arm64 backend emits only for the numeric manifest; the baseline form over `broiler.javascript.wide` has no arm64 emitter in this build
ok   the Baseline scan refuses `call rax` in a baseline unit: NoTemplate at offset 15: the bytes at 15 match no instruction template this build's backends emit for this architecture
ok   the Baseline scan refuses a handler call through the slot of undefined byte 0x0B: OperandOutOfRange at offset 23: the `call [rbx+slot]` at 23 carries 88 where its HelperSlot field admits no such value, so it is an instruction this build can spell and no backend of it asks for
ok   the Baseline scan refuses a handler call between two slots: OperandOutOfRange at offset 23: the `call [rbx+slot]` at 23 carries 132 where its HelperSlot field admits no such value, so it is an instruction this build can spell and no backend of it asks for
ok   the Baseline scan refuses `mov eax, 2`, a status no unit materialises: OperandOutOfRange at offset 15: the `mov eax, status` at 15 carries 2 where its BaselineStatusValue field admits no such value, so it is an instruction this build can spell and no backend of it asks for
ok   the Baseline scan refuses a baseline unit with no prologue: FrameSequenceMalformed at offset 0: instruction 0 of code unit 0 is not the prologue's instruction 0, so the unit does not open with the one sequence that saves what it writes and loads the handler table
ok   the Baseline scan refuses `push rbx` in the middle of a baseline unit: FrameSequenceMalformed at offset 15: instruction 6 of code unit 0 is a prologue or epilogue instruction outside the unit's one prologue and one epilogue, so the stack pointer or a saved register is written somewhere the scan cannot pair
ok   the Baseline scan refuses a second `ret` in a baseline unit: FrameSequenceMalformed at offset 15: instruction 6 of code unit 0 is a prologue or epilogue instruction outside the unit's one prologue and one epilogue, so the stack pointer or a saved register is written somewhere the scan cannot pair
ok   the Baseline scan refuses a `jmp` to the epilogue's `pop rbx`: BranchIntoFrameSequence at offset 15: the `jmp rel32` at 15 targets 26, which is inside code unit 0's prologue or past the first instruction of its epilogue
ok   the Baseline scan refuses a `jmp` back into the prologue: BranchIntoFrameSequence at offset 15: the `jmp rel32` at 15 targets 3, which is inside code unit 0's prologue or past the first instruction of its epilogue
ok   the baseline scan accepts a `jmp` to the epilogue's first instruction: accepted
ok   the template scan refuses a numeric emission judged as baseline: NoTemplate at offset 1: the bytes at 1 match no instruction template this build's backends emit for this architecture
ok   the template scan refuses a baseline emission judged as numeric: NoTemplate at offset 1: the bytes at 1 match no instruction template this build's backends emit for this architecture
ok   unchanged: an x86-64 payload of four zero bytes under the wide manifest is no template at its first byte: NoTemplate at offset 0
ok   unchanged: an arm64 payload of four zero bytes under the wide manifest is no template: NoTemplate at offset 0
ok   unchanged: a one-instruction arm64 payload under the wide manifest is accepted: accepted against the arm64 table
broiler-js-slice-compiler: 196 checks passed, 2 not run on this machine and claimed by nothing


[slicecompiler] catalog tables identical across modes: True

[conformance/jit] publish exit 0
dotnet publish src\compositions\Broiler.VM.Composition.JavaScript.Conformance\Broiler.VM.Composition.JavaScript.Conformance.csproj -c Release --nologo -p:TreatWarningsAsErrors=true -o D:\Broiler.VM\artifacts\js-publish\conformance\jit -r win-x64 --self-contained false -p:PublishTrimmed=false
  Wiederherzustellende Projekte werden ermittelt...
  "D:\Broiler.VM\src\Broiler.VM.Binary\Broiler.VM.Binary.csproj" wiederhergestellt (in 125 ms.).
  "D:\Broiler.VM\src\Broiler.VM.Profile.JavaScript.Format\Broiler.VM.Profile.JavaScript.Format.csproj" wiederhergestellt (in 125 ms.).
  "D:\Broiler.VM\src\Broiler.VM.Profile.JavaScript.Compiler\Broiler.VM.Profile.JavaScript.Compiler.csproj" wiederhergestellt (in 135 ms.).
  "D:\Broiler.VM\src\Broiler.VM.Abstractions\Broiler.VM.Abstractions.csproj" wiederhergestellt (in 125 ms.).
  "D:\Broiler.VM\src\Broiler.VM.Runtime\Broiler.VM.Runtime.csproj" wiederhergestellt (in 135 ms.).
  "D:\Broiler.VM\src\Broiler.VM.Profile.JavaScript\Broiler.VM.Profile.JavaScript.csproj" wiederhergestellt (in 135 ms.).
  "D:\Broiler.VM\src\compositions\Broiler.VM.Composition.JavaScript.Conformance\Broiler.VM.Composition.JavaScript.Conformance.csproj" wiederhergestellt (in 227 ms.).
  Broiler.VM.Binary -> D:\Broiler.VM\src\Broiler.VM.Binary\bin\Release\net10.0\Broiler.VM.Binary.dll
  Broiler.VM.Abstractions -> D:\Broiler.VM\src\Broiler.VM.Abstractions\bin\Release\net10.0\Broiler.VM.Abstractions.dll
  Broiler.VM.Profile.JavaScript.Format -> D:\Broiler.VM\src\Broiler.VM.Profile.JavaScript.Format\bin\Release\net10.0\Broiler.VM.Profile.JavaScript.Format.dll
  Broiler.VM.Runtime -> D:\Broiler.VM\src\Broiler.VM.Runtime\bin\Release\net10.0\Broiler.VM.Runtime.dll
  Broiler.VM.Profile.JavaScript.Compiler -> D:\Broiler.VM\src\Broiler.VM.Profile.JavaScript.Compiler\bin\Release\net10.0\Broiler.VM.Profile.JavaScript.Compiler.dll
  Broiler.VM.Profile.JavaScript -> D:\Broiler.VM\src\Broiler.VM.Profile.JavaScript\bin\Release\net10.0\Broiler.VM.Profile.JavaScript.dll
  Broiler.VM.Composition.JavaScript.Conformance -> D:\Broiler.VM\src\compositions\Broiler.VM.Composition.JavaScript.Conformance\bin\Release\net10.0\win-x64\Broiler.VM.Composition.JavaScript.Conformance.dll
  Broiler.VM.Composition.JavaScript.Conformance -> D:\Broiler.VM\artifacts\js-publish\conformance\jit\


[conformance/jit] --closure exit 0
# broiler-vm-composition core-contract-version=1
composition Broiler.VM.Composition.JavaScript.Conformance
label narrow-runtime-compiler-shaped
carries-lowering yes
profiles 1
profile broiler.javascript Broiler.VM.Profile.JavaScript 1 4
manifest broiler.javascript.slice broiler.javascript.wide broiler.javascript.numeric
format-versions 1 2


[conformance/jit/js-3a] run exit 0
ok   sharding-is-stable-and-normalizes-the-path: three spellings of one path answer shard 2 of 4
ok   sharding-does-not-move-when-the-selection-grows: 0 of 20 paths changed shard after five were added
ok   sharding-partitions-rather-than-samples: seven shards covered 200 of 200 paths, each exactly once
ok   sharding-refuses-a-shard-index-its-count-does-not-have: zero shards, an index equal to the count and an index below -1 are all refused
ok   the-selection-pipeline-is-a-partition: 4 candidates split into 1 selected and 3 excluded, and the stages add back up
ok   an-exclusion-is-counted-at-the-first-stage-that-removes-it: knownIncorrect=1, outOfScope=0
ok   an-empty-scope-runs-everything-and-a-stated-one-does-not: no pattern matches all; a bare prefix, a directory prefix and a star all match; a miss does not
ok   negative-metadata-tests-are-opt-in: without the opt-in 1 of 2 are selected, with it 2
ok   a-known-incorrect-entry-without-a-reason-is-refused: 1 entry admitted, 1 refused for naming no reason
ok   the-completion-protocol-tells-the-four-kinds-apart: 6 recorded sequences classified, and a reported failure carries its own text
ok   an-exception-escaping-the-engine-is-a-failed-case-and-not-a-dead-run: answer `escaped InvalidOperationException`, which groups by type rather than by message
ok   a-file-that-declares-no-verdict-is-refused-rather-than-defaulted: a missing block, a missing expectation and a missing description are each named
ok   the-raw-flag-is-required-exactly-where-bytes-exist: a source file declaring raw and an artifact not declaring it are both refused
ok   every-expectation-kind-round-trips-and-a-fifth-is-refused: 4 kinds render and parse back; an unknown kind names the four that exist
ok   a-report-renders-and-reads-back-to-the-same-report: 2 results and 0 findings survived the trip
ok   a-report-names-the-edition-it-was-scored-against: edition|ECMA-262|ES2026|tc39/ecma262|0248456c758431e4bb8e5d26333ff1865123c9cd|spec.html|ce7bc30174061fd8d212270b81cf6511661180c1e174f6911d10ced0581527b0|archived
ok   a-report-scored-against-another-edition-is-refused: C:\Users\proof\AppData\Local\Temp\broiler-js-conformance-other-edition.txt was scored against ECMA-262 ES2026 at 0000000000000000000000000000000000000000 and this build is pinned to ECMA-262 ES2026 at 0248456c758431e4bb8e5d26333ff1865123c9cd
ok   a-retained-pin-reads-back-what-it-declares: a-suite someone/a-suite@abc123 content sha256 def456 over 7 files - archived at somewhere/a-suite.tar.gz
ok   a-retained-pin-missing-anything-is-refused-rather-than-defaulted: 6 of 6 malformed pins were refused: a missing key, an unknown key, no header, an archived field that is neither yes nor no, an archive with no path, and a path with no archive
ok   a-suite-that-is-not-the-pinned-one-is-refused-on-every-count-it-can-be: the pinned content raises 0 complaints, different content raises 2 - digest and file count - and different bytes at the same count raise 1; a run under the pin reports it as the revision
ok   a-detail-carrying-a-separator-cannot-write-a-row-nobody-wrote: one result written from one result, with the separator removed rather than escaped
ok   a-mode-total-accounts-for-every-case-it-selected: selected 4, executed 3, skipped 1
ok   removing-a-shard-report-produces-incomplete-coverage: two shards merge clean; one alone reports 2 finding(s) rather than a total of one
ok   shards-that-read-different-revisions-are-not-one-run: a merge of two revisions is refused rather than added
ok   a-test-two-shards-both-scored-is-refused: one path scored by two shards is a configuration failure, not two results
ok   a-merged-report-handed-to-a-merge-is-refused-as-a-shard: a report covering every shard is named as what it is rather than counted as one
ok   every-named-configuration-failure-can-actually-be-produced: all 6 members reached by an input
ok   a-floor-holds-on-the-run-that-set-it-and-refuses-one-pass-fewer: two passes set the floor; one pass is reported as a regression naming the figure
ok   a-suite-revision-change-re-bases-the-floor-and-retains-the-old-one: a run on a new revision re-bases rather than regressing, and the old floor stays in the file
ok   a-floor-may-not-be-set-from-a-run-that-covered-less-than-it-claimed: a run with a finding and a single shard's run are both inadmissible
ok   every-source-refusal-has-a-declared-language-class: 29 codes, each with a class
ok   only-an-early-error-may-score-and-every-class-is-populated: EarlyError=21, OutsideManifest=1, Divergence=3, ImplementationLimit=4
ok   a-refusal-the-manifest-made-is-not-a-pass-on-a-negative-test: declared a SyntaxError, was refused as ConstructOutsideManifest, scored Skipped
ok   the-same-refusal-scores-for-a-native-fixture-and-not-for-an-ingested-one: native fixture Passed, ingested test Skipped
ok   an-unearned-refusal-is-unscorable-and-an-earned-one-passes: positive=Skipped, divergence=Skipped, limit=Skipped, early error=Passed
ok   a-refusal-that-names-no-code-is-reported-as-a-failure: an unnamed refusal scored Failed
ok   a-nested-negative-and-a-folded-description-are-read-and-a-block-scalar-is-not-metadata: description `A description folded over two lines.`, flags 0
ok   the-two-list-spellings-read-to-the-same-list: [onlyStrict, module] both ways
ok   the-dialect-reader-refuses-metadata-it-cannot-honour: 8 malformed blocks, each refused
ok   a-key-this-harness-has-no-use-for-is-skipped-and-a-flag-is-not: read past 4 unknown keys to `a file carrying keys this harness has no use for`
ok   the-dialect-reader-reads-lf-crlf-and-a-lone-carriage-return-alike: three line-terminator spellings read to one frontmatter
ok   a-block-indented-as-a-unit-reads-the-same-as-one-at-the-margin: both read `folded over two lines` and 1 flag(s)
ok   the-suites-raw-flag-is-source-and-not-artifact-bytes: 1 case in Script mode carrying source
ok   a-file-declaring-no-strictness-becomes-two-cases-and-only-one-carries-the-prologue: 2 cases: a.js#strict, a.js#sloppy
ok   a-file-declaring-its-strictness-or-its-goal-becomes-one-case: onlyStrict, noStrict, module and raw each give one case
ok   a-parse-negative-naming-harness-files-is-selectable-and-a-positive-one-is-not: 2 selectable negative case(s), 1 declined positive
ok   a-file-this-harness-cannot-run-is-counted-and-named-rather-than-dropped: 6 declines, each a counted candidate carrying a reason
ok   a-suite-file-carrying-no-metadata-block-is-declined-and-not-refused: declined: a source file carrying no metadata block, which is a harness or fixture file rather than a test
ok   the-two-ingested-expectation-spellings-parse-back-to-themselves: `refused-as-early-error SyntaxError`, `completes`
ok   a-comment-written-with-two-hashes-does-not-end-a-section: 3 of 3 proposals survived two `##` comments; 1 standard, 1 test-harness, 0 complaint(s)
ok   a-feature-list-that-cannot-be-read-is-refused-rather-than-emptied: 4 of 4 malformed lists were refused - a missing heading, an empty section, one name under two headings, a name under none - and the refused one handed back 0 proposals rather than the one it had already read
ok   a-trailing-comment-is-not-part-of-a-feature-name: `a-proposal  # .` declares `a-proposal`
ok   a-test-claiming-a-proposal-is-not-scored-and-one-claiming-the-language-is: excluded 2 of 4 - a test claiming a proposal alongside a published construct is still about the proposal - and kept [about-the-language.js, about-nothing.js]
ok   an-empty-exclusion-set-excludes-nothing: with nothing declared a proposal, 2 of 2 tests are selected and 0 excluded
ok   the-feature-filter-cannot-opt-back-into-an-excluded-test: asking for `a-proposal` by name selected 0 tests, and a test the scope filter would also have removed is counted at the exclusion (1) rather than at the filter (0)
ok   the-test262-partition-is-exhaustive-and-disjoint: 500 files, each in exactly one shard at 1, 2, 3, 4, 7, 16 and 64 shards
ok   a-shard-argument-is-read-or-refused-and-never-defaulted: `3/8` reads; no --shard is the whole selection; `3`, `a/b`, `4/4` and `-1/4` are refused
ok   a-merge-of-every-shard-equals-an-unsharded-run-over-the-same-list: four shards of 120 files merge to test262 120 files, 240 variants: pass 160, fail 13, unsupported 34, exhausted 22, skipped 11, with 3 families and 2 dimensions identical to the unsharded run
ok   removing-a-test262-shard-report-produces-incomplete-coverage: three of four shards report incomplete coverage and a coverage field that says partial, not a whole run of a smaller suite
ok   shards-taken-under-two-manifests-or-two-admitted-sets-are-not-one-run: a merge of two manifests and a merge of two declined sets are both refused rather than added
ok   the-family-table-names-a-family-the-run-met-and-omits-one-it-did-not: 3 families, most-met first: a class declaration, a call with more than 255 arguments, a generator function
ok   an-exhaustion-is-counted-apart-from-a-failure-and-names-its-dimension: one failure and one exhaustion, and the exhausted variant is named with `WallClock`
ok   a-sharded-limited-or-narrowed-run-says-so-where-a-rule-can-see-it: 3 of 3 partial runs render `coverage|partial`, and the whole one renders `coverage|whole`
ok   a-test262-report-round-trips-and-a-forged-coverage-claim-is-refused: 6 results survived the trip; a report edited to claim it was whole is refused rather than believed
ok   a-test262-report-of-an-earlier-format-is-recognised-as-one-and-then-refused: a version-1 report is recognised as this kind and refused by version: C:\Users\proof\AppData\Local\Temp\broiler-js-conformance-test262-earlier.txt was written by `# broiler-js-conformance test262 report 1` and this build reads `# broiler-js-conformance test262 report 2`; a report of an earlier version is refused rather than read under the current one
ok   the-failure-classification-files-every-failing-variant-exactly-once: 4 kind and 4 area taggings over 4 failures, 2 areas, and a verdict naming no kind is filed under `(no kind was named)` rather than dropped
ok   a-declared-feature-is-a-tag-and-not-a-partition-of-the-failures: three failures declare three taggings over two of them, so the feature column does not sum to the failed total and the report states how many variants it covers
ok   the-json-report-parses-and-its-members-are-the-schema-s-in-order: 18 members rendered, 18 promised by the schema, and 2 failure record(s) against a failed total of 2
ok   a-whole-run-floor-holds-and-catches-a-fall-in-passes-and-a-rise-in-failures: the run that set the floor holds it; fewer passes and more failures each regress
ok   a-whole-run-floor-re-bases-across-a-revision-or-a-manifest-and-retains-the-old-rows: a moved revision and a changed manifest both re-base rather than compare, the retired rows stay in the file, and the file round-trips
ok   a-run-taken-without-a-retained-pin-may-not-be-retained-and-may-not-set-a-floor: an unpinned run and a single shard are both refused a floor, and the JSON document says `retainable: false` with the reason
ok   a-native-run-naming-no-manifest-is-taken-under-the-wide-manifest-with-the-harness-loaded: --form native with no --manifest reads as: manifest broiler.javascript.wide at format version 2; harness loaded; admitted surfaces broiler.javascript.binary, broiler.javascript.dynamic, broiler.javascript.modules, broiler.javascript.native; declined (none); form native (x86-64-sysv)
ok   a-native-run-naming-the-slice-manifest-is-refused-before-it-scores-anything: refused: the native output form is admitted by broiler.javascript.wide and broiler.javascript.numeric, and this run names `broiler.javascript.slice`
ok   a-test262-report-of-the-native-form-round-trips-its-form-row: a native report writes and reads back `form|native|x86-64-sysv`, and a bytecode report writes no form row
ok   a-whole-run-floor-re-bases-across-an-output-form-and-holds-within-one: a bytecode floor re-bases onto a native run and back, a native floor re-bases onto another backend and holds its own run, and the form line round-trips
ok   a-control-in-module-mode.js: expected Passed/Completed, got Passed/Completed
ok   a-control-that-passes.js: expected Passed/Completed, got Passed/Completed
ok   a-declared-refusal-that-does-not-happen.js: expected Failed/Completed, got Failed/Completed - declared `refused-by-source UnexpectedToken` and answered `completion 3`
ok   a-declared-refusal-that-is-right.js: expected Passed/NeverSettled, got Passed/NeverSettled
ok   a-declared-refusal-with-the-wrong-code.js: expected Failed/NeverSettled, got Failed/NeverSettled - declared `refused-by-source UnexpectedToken` and answered `refused-by-source ConstructOutsideManifest`: 2104:ConstructOutsideManifest at 5:1: a function is not admitted by the declared feature manifest
ok   a-declared-value-for-a-source-that-is-refused.js: expected Failed/NeverSettled, got Failed/NeverSettled - declared `completion 1` and answered `refused-by-source ConstructOutsideManifest`: 2104:ConstructOutsideManifest at 5:1: a function is not admitted by the declared feature manifest
ok   a-declared-value-that-is-wrong.js: expected Failed/Completed, got Failed/Completed - declared `completion 4` and answered `completion 3`
ok   a-program-that-does-not-terminate.js: expected TimedOut/NeverSettled, got TimedOut/NeverSettled - `a-program-that-does-not-terminate.js` spent the 2000000-unit allowance without settling
ok   a-program-that-runs-after-one-that-did-not-terminate.js: expected Passed/Completed, got Passed/Completed
broiler-js-conformance: 9 self-check fixtures reported the verdict they declared
ok   module/a-module-runs-to-its-completion-value.js: completion 3
ok   module/a-module-scopes-a-let-in-a-block.js: completion 1
ok   negative/a-break-outside-a-loop-is-refused.js: refused-by-source IllegalBreak
ok   negative/a-const-without-an-initialiser-is-refused.js: refused-by-source ConstWithoutInitialiser
ok   negative/a-duplicate-lexical-declaration-is-refused.js: refused-by-source DuplicateLexicalDeclaration
ok   negative/a-function-is-outside-the-manifest.js: refused-by-source ConstructOutsideManifest
ok   negative/a-module-is-strict-so-a-legacy-octal-is-refused.js: refused-by-source LegacyOctalInStrictCode
ok   negative/an-assignment-to-a-constant-is-refused.js: refused-by-source AssignmentToConstant
ok   negative/an-object-literal-is-outside-the-manifest.js: refused-by-source ConstructOutsideManifest
ok   negative/an-unresolvable-name-is-refused.js: refused-by-source UnresolvableIdentifier
ok   raw/an-artifact-that-runs.bjsb: completion 3
ok   raw/an-artifact-that-stops-early.bjsb: refused-by-verifier Truncated
ok   raw/an-artifact-whose-magic-is-wrong.bjsb: refused-by-verifier WrongMagic
ok   script/a-block-scopes-a-let.js: completion 1
ok   script/a-comparison-produces-a-boolean.js: completion true
ok   script/a-conditional-expression-chooses.js: completion 10
ok   script/a-counting-for-loop-sums.js: completion 55
ok   script/a-declaration-without-an-initialiser-is-undefined.js: completion undefined
ok   script/a-directive-prologue-is-not-the-completion-value.js: completion 2
ok   script/a-do-while-runs-once.js: completion 1
ok   script/a-left-shift-goes-through-int32.js: completion -2147483648
ok   script/a-legacy-octal-is-base-eight-in-sloppy-code.js: completion 8
ok   script/a-semicolon-is-inserted.js: completion 3
ok   script/a-var-is-function-scoped.js: completion 2
ok   script/addition-of-two-numbers.js: completion 3
ok   script/an-assignment-answers-the-value-assigned.js: completion 2
ok   script/an-unsigned-shift-goes-through-uint32.js: completion 4294967295
ok   script/an-untaken-else.js: completion 2
ok   script/an-untaken-if-completes-as-undefined.js: completion undefined
ok   script/assignment-is-right-associative.js: completion 14
ok   script/break-leaves-the-loop.js: completion 3
ok   script/continue-reaches-the-update.js: completion 8
ok   script/dividing-by-negative-zero.js: completion -Infinity
ok   script/division-by-zero-is-infinity.js: completion Infinity
ok   script/logical-and-answers-its-operand.js: completion 0
ok   script/logical-and-does-not-evaluate-the-right-side.js: completion 0
ok   script/logical-or-answers-its-operand.js: completion 5
ok   script/multiplication-binds-tighter-than-addition.js: completion 7
ok   script/parentheses-regroup.js: completion 9
ok   script/remainder-takes-the-dividends-sign.js: completion -2
ok   script/strict-equality-compares-kinds.js: completion false
ok   script/subtraction-is-left-associative.js: completion 5
ok   script/unary-plus-is-to-number.js: completion 1
ok   script/zero-over-zero-is-not-a-number.js: completion NaN
edition ECMA-262 ES2026 (tc39/ecma262@0248456c758431e4bb8e5d26333ff1865123c9cd, spec.html sha256 ce7bc30174061fd8d212270b81cf6511661180c1e174f6911d10ced0581527b0) - archived at src/Broiler.VM.Profile.JavaScript/docs/specification/ecma-262-es2026-spec.html
suite broiler.javascript.slice.js-3a@268f3a8d702a2fbdecd61d637284d2ce9ea51c8033b9a3eac934ff59a31eae12; shard all of 1
selection candidates=44 knownIncorrect=0 outOfScope=0 featureExcluded=0 featureFiltered=0 negativeWithheld=0 unselectable=0 selected=44 sharded=44
mode Script: selected=38 executed=38 passed=38 failed=0 skipped=0 timedOut=0
mode Module: selected=3 executed=3 passed=3 failed=0 skipped=0 timedOut=0
mode Raw: selected=3 executed=3 passed=3 failed=0 skipped=0 timedOut=0


[conformance/jit/ingest-shape] run exit 0
ok   sharding-is-stable-and-normalizes-the-path: three spellings of one path answer shard 2 of 4
ok   sharding-does-not-move-when-the-selection-grows: 0 of 20 paths changed shard after five were added
ok   sharding-partitions-rather-than-samples: seven shards covered 200 of 200 paths, each exactly once
ok   sharding-refuses-a-shard-index-its-count-does-not-have: zero shards, an index equal to the count and an index below -1 are all refused
ok   the-selection-pipeline-is-a-partition: 4 candidates split into 1 selected and 3 excluded, and the stages add back up
ok   an-exclusion-is-counted-at-the-first-stage-that-removes-it: knownIncorrect=1, outOfScope=0
ok   an-empty-scope-runs-everything-and-a-stated-one-does-not: no pattern matches all; a bare prefix, a directory prefix and a star all match; a miss does not
ok   negative-metadata-tests-are-opt-in: without the opt-in 1 of 2 are selected, with it 2
ok   a-known-incorrect-entry-without-a-reason-is-refused: 1 entry admitted, 1 refused for naming no reason
ok   the-completion-protocol-tells-the-four-kinds-apart: 6 recorded sequences classified, and a reported failure carries its own text
ok   an-exception-escaping-the-engine-is-a-failed-case-and-not-a-dead-run: answer `escaped InvalidOperationException`, which groups by type rather than by message
ok   a-file-that-declares-no-verdict-is-refused-rather-than-defaulted: a missing block, a missing expectation and a missing description are each named
ok   the-raw-flag-is-required-exactly-where-bytes-exist: a source file declaring raw and an artifact not declaring it are both refused
ok   every-expectation-kind-round-trips-and-a-fifth-is-refused: 4 kinds render and parse back; an unknown kind names the four that exist
ok   a-report-renders-and-reads-back-to-the-same-report: 2 results and 0 findings survived the trip
ok   a-report-names-the-edition-it-was-scored-against: edition|ECMA-262|ES2026|tc39/ecma262|0248456c758431e4bb8e5d26333ff1865123c9cd|spec.html|ce7bc30174061fd8d212270b81cf6511661180c1e174f6911d10ced0581527b0|archived
ok   a-report-scored-against-another-edition-is-refused: C:\Users\proof\AppData\Local\Temp\broiler-js-conformance-other-edition.txt was scored against ECMA-262 ES2026 at 0000000000000000000000000000000000000000 and this build is pinned to ECMA-262 ES2026 at 0248456c758431e4bb8e5d26333ff1865123c9cd
ok   a-retained-pin-reads-back-what-it-declares: a-suite someone/a-suite@abc123 content sha256 def456 over 7 files - archived at somewhere/a-suite.tar.gz
ok   a-retained-pin-missing-anything-is-refused-rather-than-defaulted: 6 of 6 malformed pins were refused: a missing key, an unknown key, no header, an archived field that is neither yes nor no, an archive with no path, and a path with no archive
ok   a-suite-that-is-not-the-pinned-one-is-refused-on-every-count-it-can-be: the pinned content raises 0 complaints, different content raises 2 - digest and file count - and different bytes at the same count raise 1; a run under the pin reports it as the revision
ok   a-detail-carrying-a-separator-cannot-write-a-row-nobody-wrote: one result written from one result, with the separator removed rather than escaped
ok   a-mode-total-accounts-for-every-case-it-selected: selected 4, executed 3, skipped 1
ok   removing-a-shard-report-produces-incomplete-coverage: two shards merge clean; one alone reports 2 finding(s) rather than a total of one
ok   shards-that-read-different-revisions-are-not-one-run: a merge of two revisions is refused rather than added
ok   a-test-two-shards-both-scored-is-refused: one path scored by two shards is a configuration failure, not two results
ok   a-merged-report-handed-to-a-merge-is-refused-as-a-shard: a report covering every shard is named as what it is rather than counted as one
ok   every-named-configuration-failure-can-actually-be-produced: all 6 members reached by an input
ok   a-floor-holds-on-the-run-that-set-it-and-refuses-one-pass-fewer: two passes set the floor; one pass is reported as a regression naming the figure
ok   a-suite-revision-change-re-bases-the-floor-and-retains-the-old-one: a run on a new revision re-bases rather than regressing, and the old floor stays in the file
ok   a-floor-may-not-be-set-from-a-run-that-covered-less-than-it-claimed: a run with a finding and a single shard's run are both inadmissible
ok   every-source-refusal-has-a-declared-language-class: 29 codes, each with a class
ok   only-an-early-error-may-score-and-every-class-is-populated: EarlyError=21, OutsideManifest=1, Divergence=3, ImplementationLimit=4
ok   a-refusal-the-manifest-made-is-not-a-pass-on-a-negative-test: declared a SyntaxError, was refused as ConstructOutsideManifest, scored Skipped
ok   the-same-refusal-scores-for-a-native-fixture-and-not-for-an-ingested-one: native fixture Passed, ingested test Skipped
ok   an-unearned-refusal-is-unscorable-and-an-earned-one-passes: positive=Skipped, divergence=Skipped, limit=Skipped, early error=Passed
ok   a-refusal-that-names-no-code-is-reported-as-a-failure: an unnamed refusal scored Failed
ok   a-nested-negative-and-a-folded-description-are-read-and-a-block-scalar-is-not-metadata: description `A description folded over two lines.`, flags 0
ok   the-two-list-spellings-read-to-the-same-list: [onlyStrict, module] both ways
ok   the-dialect-reader-refuses-metadata-it-cannot-honour: 8 malformed blocks, each refused
ok   a-key-this-harness-has-no-use-for-is-skipped-and-a-flag-is-not: read past 4 unknown keys to `a file carrying keys this harness has no use for`
ok   the-dialect-reader-reads-lf-crlf-and-a-lone-carriage-return-alike: three line-terminator spellings read to one frontmatter
ok   a-block-indented-as-a-unit-reads-the-same-as-one-at-the-margin: both read `folded over two lines` and 1 flag(s)
ok   the-suites-raw-flag-is-source-and-not-artifact-bytes: 1 case in Script mode carrying source
ok   a-file-declaring-no-strictness-becomes-two-cases-and-only-one-carries-the-prologue: 2 cases: a.js#strict, a.js#sloppy
ok   a-file-declaring-its-strictness-or-its-goal-becomes-one-case: onlyStrict, noStrict, module and raw each give one case
ok   a-parse-negative-naming-harness-files-is-selectable-and-a-positive-one-is-not: 2 selectable negative case(s), 1 declined positive
ok   a-file-this-harness-cannot-run-is-counted-and-named-rather-than-dropped: 6 declines, each a counted candidate carrying a reason
ok   a-suite-file-carrying-no-metadata-block-is-declined-and-not-refused: declined: a source file carrying no metadata block, which is a harness or fixture file rather than a test
ok   the-two-ingested-expectation-spellings-parse-back-to-themselves: `refused-as-early-error SyntaxError`, `completes`
ok   a-comment-written-with-two-hashes-does-not-end-a-section: 3 of 3 proposals survived two `##` comments; 1 standard, 1 test-harness, 0 complaint(s)
ok   a-feature-list-that-cannot-be-read-is-refused-rather-than-emptied: 4 of 4 malformed lists were refused - a missing heading, an empty section, one name under two headings, a name under none - and the refused one handed back 0 proposals rather than the one it had already read
ok   a-trailing-comment-is-not-part-of-a-feature-name: `a-proposal  # .` declares `a-proposal`
ok   a-test-claiming-a-proposal-is-not-scored-and-one-claiming-the-language-is: excluded 2 of 4 - a test claiming a proposal alongside a published construct is still about the proposal - and kept [about-the-language.js, about-nothing.js]
ok   an-empty-exclusion-set-excludes-nothing: with nothing declared a proposal, 2 of 2 tests are selected and 0 excluded
ok   the-feature-filter-cannot-opt-back-into-an-excluded-test: asking for `a-proposal` by name selected 0 tests, and a test the scope filter would also have removed is counted at the exclusion (1) rather than at the filter (0)
ok   the-test262-partition-is-exhaustive-and-disjoint: 500 files, each in exactly one shard at 1, 2, 3, 4, 7, 16 and 64 shards
ok   a-shard-argument-is-read-or-refused-and-never-defaulted: `3/8` reads; no --shard is the whole selection; `3`, `a/b`, `4/4` and `-1/4` are refused
ok   a-merge-of-every-shard-equals-an-unsharded-run-over-the-same-list: four shards of 120 files merge to test262 120 files, 240 variants: pass 160, fail 13, unsupported 34, exhausted 22, skipped 11, with 3 families and 2 dimensions identical to the unsharded run
ok   removing-a-test262-shard-report-produces-incomplete-coverage: three of four shards report incomplete coverage and a coverage field that says partial, not a whole run of a smaller suite
ok   shards-taken-under-two-manifests-or-two-admitted-sets-are-not-one-run: a merge of two manifests and a merge of two declined sets are both refused rather than added
ok   the-family-table-names-a-family-the-run-met-and-omits-one-it-did-not: 3 families, most-met first: a class declaration, a call with more than 255 arguments, a generator function
ok   an-exhaustion-is-counted-apart-from-a-failure-and-names-its-dimension: one failure and one exhaustion, and the exhausted variant is named with `WallClock`
ok   a-sharded-limited-or-narrowed-run-says-so-where-a-rule-can-see-it: 3 of 3 partial runs render `coverage|partial`, and the whole one renders `coverage|whole`
ok   a-test262-report-round-trips-and-a-forged-coverage-claim-is-refused: 6 results survived the trip; a report edited to claim it was whole is refused rather than believed
ok   a-test262-report-of-an-earlier-format-is-recognised-as-one-and-then-refused: a version-1 report is recognised as this kind and refused by version: C:\Users\proof\AppData\Local\Temp\broiler-js-conformance-test262-earlier.txt was written by `# broiler-js-conformance test262 report 1` and this build reads `# broiler-js-conformance test262 report 2`; a report of an earlier version is refused rather than read under the current one
ok   the-failure-classification-files-every-failing-variant-exactly-once: 4 kind and 4 area taggings over 4 failures, 2 areas, and a verdict naming no kind is filed under `(no kind was named)` rather than dropped
ok   a-declared-feature-is-a-tag-and-not-a-partition-of-the-failures: three failures declare three taggings over two of them, so the feature column does not sum to the failed total and the report states how many variants it covers
ok   the-json-report-parses-and-its-members-are-the-schema-s-in-order: 18 members rendered, 18 promised by the schema, and 2 failure record(s) against a failed total of 2
ok   a-whole-run-floor-holds-and-catches-a-fall-in-passes-and-a-rise-in-failures: the run that set the floor holds it; fewer passes and more failures each regress
ok   a-whole-run-floor-re-bases-across-a-revision-or-a-manifest-and-retains-the-old-rows: a moved revision and a changed manifest both re-base rather than compare, the retired rows stay in the file, and the file round-trips
ok   a-run-taken-without-a-retained-pin-may-not-be-retained-and-may-not-set-a-floor: an unpinned run and a single shard are both refused a floor, and the JSON document says `retainable: false` with the reason
ok   a-native-run-naming-no-manifest-is-taken-under-the-wide-manifest-with-the-harness-loaded: --form native with no --manifest reads as: manifest broiler.javascript.wide at format version 2; harness loaded; admitted surfaces broiler.javascript.binary, broiler.javascript.dynamic, broiler.javascript.modules, broiler.javascript.native; declined (none); form native (x86-64-sysv)
ok   a-native-run-naming-the-slice-manifest-is-refused-before-it-scores-anything: refused: the native output form is admitted by broiler.javascript.wide and broiler.javascript.numeric, and this run names `broiler.javascript.slice`
ok   a-test262-report-of-the-native-form-round-trips-its-form-row: a native report writes and reads back `form|native|x86-64-sysv`, and a bytecode report writes no form row
ok   a-whole-run-floor-re-bases-across-an-output-form-and-holds-within-one: a bytecode floor re-bases onto a native run and back, a native floor re-bases onto another backend and holds its own run, and the form line round-trips
ok   a-control-that-refuses-as-the-language-does.js#strict: expected Passed/NeverSettled, got Passed/NeverSettled
ok   a-control-that-runs-and-does-not-throw.js: expected Passed/Completed, got Passed/Completed
ok   a-declared-refusal-that-does-not-happen.js#strict: expected Failed/Completed, got Failed/Completed - declared `refused-as-early-error SyntaxError` and answered `completion 3`
ok   a-file-whose-two-strictness-readings-disagree.js#sloppy: expected Failed/Completed, got Failed/Completed - declared `refused-as-early-error SyntaxError` and answered `completion undefined`
ok   a-file-whose-two-strictness-readings-disagree.js#strict: expected Passed/NeverSettled, got Passed/NeverSettled
ok   a-positive-whose-body-the-manifest-declines.js: expected Skipped/NeverSettled, got Skipped/NeverSettled - not scored - ConstructOutsideManifest: the source is JavaScript and this manifest declines the construct, so the refusal answers a different question from the one the test asked
ok   a-refusal-the-manifest-made-and-not-the-language.js#strict: expected Skipped/NeverSettled, got Skipped/NeverSettled - not scored - ConstructOutsideManifest: the source is JavaScript and this manifest declines the construct, so the refusal answers a different question from the one the test asked
ok   a-refusal-this-profile-makes-earlier-than-the-language.js#sloppy: expected Skipped/NeverSettled, got Skipped/NeverSettled - not scored - UnresolvableIdentifier: this profile answers where the language answers differently or later, which is a recorded divergence and not a conformance answer
broiler-js-conformance: 8 self-check fixtures reported the verdict they declared
broiler-js-conformance: features.txt declares 3 proposed, 3 standard and 1 test-harness features; a test claiming a proposed one is not scored
ok   scored/a-body-inside-the-manifest.js: completion 42
ok   scored/a-standard-feature-is-scored-like-any-other.js: completion 6
ok   scored/an-early-error-in-both-strictnesses.js#strict: refused-by-source IllegalBreak
ok   scored/an-early-error-in-both-strictnesses.js#sloppy: refused-by-source IllegalBreak
ok   scored/an-early-error-in-module-goal.js: refused-by-source DuplicateLexicalDeclaration
edition ECMA-262 ES2026 (tc39/ecma262@0248456c758431e4bb8e5d26333ff1865123c9cd, spec.html sha256 ce7bc30174061fd8d212270b81cf6511661180c1e174f6911d10ced0581527b0) - archived at src/Broiler.VM.Profile.JavaScript/docs/specification/ecma-262-es2026-spec.html
suite broiler.javascript.slice.ingest-shape@56c9c2dd92ac87be4bb31fec670c886e31b7e5483b4a4db71b65fd04275ecc61; shard all of 1
selection candidates=17 knownIncorrect=0 outOfScope=0 featureExcluded=4 featureFiltered=0 negativeWithheld=0 unselectable=8 selected=5 sharded=5
mode Script: selected=4 executed=4 passed=4 failed=0 skipped=0 timedOut=0
mode Module: selected=1 executed=1 passed=1 failed=0 skipped=0 timedOut=0
mode Raw: selected=0 executed=0 passed=0 failed=0 skipped=0 timedOut=0


[conformance/trimmed] publish exit 0
dotnet publish src\compositions\Broiler.VM.Composition.JavaScript.Conformance\Broiler.VM.Composition.JavaScript.Conformance.csproj -c Release --nologo -p:TreatWarningsAsErrors=true -o D:\Broiler.VM\artifacts\js-publish\conformance\trimmed -r win-x64 --self-contained true
  Wiederherzustellende Projekte werden ermittelt...
  "D:\Broiler.VM\src\Broiler.VM.Profile.JavaScript.Compiler\Broiler.VM.Profile.JavaScript.Compiler.csproj" wiederhergestellt (in 215 ms.).
  "D:\Broiler.VM\src\Broiler.VM.Profile.JavaScript.Format\Broiler.VM.Profile.JavaScript.Format.csproj" wiederhergestellt (in 208 ms.).
  "D:\Broiler.VM\src\Broiler.VM.Runtime\Broiler.VM.Runtime.csproj" wiederhergestellt (in 215 ms.).
  "D:\Broiler.VM\src\Broiler.VM.Abstractions\Broiler.VM.Abstractions.csproj" wiederhergestellt (in 208 ms.).
  "D:\Broiler.VM\src\Broiler.VM.Binary\Broiler.VM.Binary.csproj" wiederhergestellt (in 208 ms.).
  "D:\Broiler.VM\src\Broiler.VM.Profile.JavaScript\Broiler.VM.Profile.JavaScript.csproj" wiederhergestellt (in 215 ms.).
  "D:\Broiler.VM\src\compositions\Broiler.VM.Composition.JavaScript.Conformance\Broiler.VM.Composition.JavaScript.Conformance.csproj" wiederhergestellt (in 216 ms.).
  Broiler.VM.Profile.JavaScript.Format -> D:\Broiler.VM\src\Broiler.VM.Profile.JavaScript.Format\bin\Release\net10.0\Broiler.VM.Profile.JavaScript.Format.dll
  Broiler.VM.Abstractions -> D:\Broiler.VM\src\Broiler.VM.Abstractions\bin\Release\net10.0\Broiler.VM.Abstractions.dll
  Broiler.VM.Binary -> D:\Broiler.VM\src\Broiler.VM.Binary\bin\Release\net10.0\Broiler.VM.Binary.dll
  Broiler.VM.Runtime -> D:\Broiler.VM\src\Broiler.VM.Runtime\bin\Release\net10.0\Broiler.VM.Runtime.dll
  Broiler.VM.Profile.JavaScript -> D:\Broiler.VM\src\Broiler.VM.Profile.JavaScript\bin\Release\net10.0\Broiler.VM.Profile.JavaScript.dll
  Broiler.VM.Profile.JavaScript.Compiler -> D:\Broiler.VM\src\Broiler.VM.Profile.JavaScript.Compiler\bin\Release\net10.0\Broiler.VM.Profile.JavaScript.Compiler.dll
  Broiler.VM.Composition.JavaScript.Conformance -> D:\Broiler.VM\src\compositions\Broiler.VM.Composition.JavaScript.Conformance\bin\Release\net10.0\win-x64\Broiler.VM.Composition.JavaScript.Conformance.dll
  Assemblys werden für die Größe optimiert. Dieser Vorgang kann eine Weile dauern.
  Broiler.VM.Composition.JavaScript.Conformance -> D:\Broiler.VM\artifacts\js-publish\conformance\trimmed\


[conformance/trimmed] --closure exit 0
# broiler-vm-composition core-contract-version=1
composition Broiler.VM.Composition.JavaScript.Conformance
label narrow-runtime-compiler-shaped
carries-lowering yes
profiles 1
profile broiler.javascript Broiler.VM.Profile.JavaScript 1 4
manifest broiler.javascript.slice broiler.javascript.wide broiler.javascript.numeric
format-versions 1 2


[conformance/trimmed/js-3a] run exit 0
ok   sharding-is-stable-and-normalizes-the-path: three spellings of one path answer shard 2 of 4
ok   sharding-does-not-move-when-the-selection-grows: 0 of 20 paths changed shard after five were added
ok   sharding-partitions-rather-than-samples: seven shards covered 200 of 200 paths, each exactly once
ok   sharding-refuses-a-shard-index-its-count-does-not-have: zero shards, an index equal to the count and an index below -1 are all refused
ok   the-selection-pipeline-is-a-partition: 4 candidates split into 1 selected and 3 excluded, and the stages add back up
ok   an-exclusion-is-counted-at-the-first-stage-that-removes-it: knownIncorrect=1, outOfScope=0
ok   an-empty-scope-runs-everything-and-a-stated-one-does-not: no pattern matches all; a bare prefix, a directory prefix and a star all match; a miss does not
ok   negative-metadata-tests-are-opt-in: without the opt-in 1 of 2 are selected, with it 2
ok   a-known-incorrect-entry-without-a-reason-is-refused: 1 entry admitted, 1 refused for naming no reason
ok   the-completion-protocol-tells-the-four-kinds-apart: 6 recorded sequences classified, and a reported failure carries its own text
ok   an-exception-escaping-the-engine-is-a-failed-case-and-not-a-dead-run: answer `escaped InvalidOperationException`, which groups by type rather than by message
ok   a-file-that-declares-no-verdict-is-refused-rather-than-defaulted: a missing block, a missing expectation and a missing description are each named
ok   the-raw-flag-is-required-exactly-where-bytes-exist: a source file declaring raw and an artifact not declaring it are both refused
ok   every-expectation-kind-round-trips-and-a-fifth-is-refused: 4 kinds render and parse back; an unknown kind names the four that exist
ok   a-report-renders-and-reads-back-to-the-same-report: 2 results and 0 findings survived the trip
ok   a-report-names-the-edition-it-was-scored-against: edition|ECMA-262|ES2026|tc39/ecma262|0248456c758431e4bb8e5d26333ff1865123c9cd|spec.html|ce7bc30174061fd8d212270b81cf6511661180c1e174f6911d10ced0581527b0|archived
ok   a-report-scored-against-another-edition-is-refused: C:\Users\proof\AppData\Local\Temp\broiler-js-conformance-other-edition.txt was scored against ECMA-262 ES2026 at 0000000000000000000000000000000000000000 and this build is pinned to ECMA-262 ES2026 at 0248456c758431e4bb8e5d26333ff1865123c9cd
ok   a-retained-pin-reads-back-what-it-declares: a-suite someone/a-suite@abc123 content sha256 def456 over 7 files - archived at somewhere/a-suite.tar.gz
ok   a-retained-pin-missing-anything-is-refused-rather-than-defaulted: 6 of 6 malformed pins were refused: a missing key, an unknown key, no header, an archived field that is neither yes nor no, an archive with no path, and a path with no archive
ok   a-suite-that-is-not-the-pinned-one-is-refused-on-every-count-it-can-be: the pinned content raises 0 complaints, different content raises 2 - digest and file count - and different bytes at the same count raise 1; a run under the pin reports it as the revision
ok   a-detail-carrying-a-separator-cannot-write-a-row-nobody-wrote: one result written from one result, with the separator removed rather than escaped
ok   a-mode-total-accounts-for-every-case-it-selected: selected 4, executed 3, skipped 1
ok   removing-a-shard-report-produces-incomplete-coverage: two shards merge clean; one alone reports 2 finding(s) rather than a total of one
ok   shards-that-read-different-revisions-are-not-one-run: a merge of two revisions is refused rather than added
ok   a-test-two-shards-both-scored-is-refused: one path scored by two shards is a configuration failure, not two results
ok   a-merged-report-handed-to-a-merge-is-refused-as-a-shard: a report covering every shard is named as what it is rather than counted as one
ok   every-named-configuration-failure-can-actually-be-produced: all 6 members reached by an input
ok   a-floor-holds-on-the-run-that-set-it-and-refuses-one-pass-fewer: two passes set the floor; one pass is reported as a regression naming the figure
ok   a-suite-revision-change-re-bases-the-floor-and-retains-the-old-one: a run on a new revision re-bases rather than regressing, and the old floor stays in the file
ok   a-floor-may-not-be-set-from-a-run-that-covered-less-than-it-claimed: a run with a finding and a single shard's run are both inadmissible
ok   every-source-refusal-has-a-declared-language-class: 29 codes, each with a class
ok   only-an-early-error-may-score-and-every-class-is-populated: EarlyError=21, OutsideManifest=1, Divergence=3, ImplementationLimit=4
ok   a-refusal-the-manifest-made-is-not-a-pass-on-a-negative-test: declared a SyntaxError, was refused as ConstructOutsideManifest, scored Skipped
ok   the-same-refusal-scores-for-a-native-fixture-and-not-for-an-ingested-one: native fixture Passed, ingested test Skipped
ok   an-unearned-refusal-is-unscorable-and-an-earned-one-passes: positive=Skipped, divergence=Skipped, limit=Skipped, early error=Passed
ok   a-refusal-that-names-no-code-is-reported-as-a-failure: an unnamed refusal scored Failed
ok   a-nested-negative-and-a-folded-description-are-read-and-a-block-scalar-is-not-metadata: description `A description folded over two lines.`, flags 0
ok   the-two-list-spellings-read-to-the-same-list: [onlyStrict, module] both ways
ok   the-dialect-reader-refuses-metadata-it-cannot-honour: 8 malformed blocks, each refused
ok   a-key-this-harness-has-no-use-for-is-skipped-and-a-flag-is-not: read past 4 unknown keys to `a file carrying keys this harness has no use for`
ok   the-dialect-reader-reads-lf-crlf-and-a-lone-carriage-return-alike: three line-terminator spellings read to one frontmatter
ok   a-block-indented-as-a-unit-reads-the-same-as-one-at-the-margin: both read `folded over two lines` and 1 flag(s)
ok   the-suites-raw-flag-is-source-and-not-artifact-bytes: 1 case in Script mode carrying source
ok   a-file-declaring-no-strictness-becomes-two-cases-and-only-one-carries-the-prologue: 2 cases: a.js#strict, a.js#sloppy
ok   a-file-declaring-its-strictness-or-its-goal-becomes-one-case: onlyStrict, noStrict, module and raw each give one case
ok   a-parse-negative-naming-harness-files-is-selectable-and-a-positive-one-is-not: 2 selectable negative case(s), 1 declined positive
ok   a-file-this-harness-cannot-run-is-counted-and-named-rather-than-dropped: 6 declines, each a counted candidate carrying a reason
ok   a-suite-file-carrying-no-metadata-block-is-declined-and-not-refused: declined: a source file carrying no metadata block, which is a harness or fixture file rather than a test
ok   the-two-ingested-expectation-spellings-parse-back-to-themselves: `refused-as-early-error SyntaxError`, `completes`
ok   a-comment-written-with-two-hashes-does-not-end-a-section: 3 of 3 proposals survived two `##` comments; 1 standard, 1 test-harness, 0 complaint(s)
ok   a-feature-list-that-cannot-be-read-is-refused-rather-than-emptied: 4 of 4 malformed lists were refused - a missing heading, an empty section, one name under two headings, a name under none - and the refused one handed back 0 proposals rather than the one it had already read
ok   a-trailing-comment-is-not-part-of-a-feature-name: `a-proposal  # .` declares `a-proposal`
ok   a-test-claiming-a-proposal-is-not-scored-and-one-claiming-the-language-is: excluded 2 of 4 - a test claiming a proposal alongside a published construct is still about the proposal - and kept [about-the-language.js, about-nothing.js]
ok   an-empty-exclusion-set-excludes-nothing: with nothing declared a proposal, 2 of 2 tests are selected and 0 excluded
ok   the-feature-filter-cannot-opt-back-into-an-excluded-test: asking for `a-proposal` by name selected 0 tests, and a test the scope filter would also have removed is counted at the exclusion (1) rather than at the filter (0)
ok   the-test262-partition-is-exhaustive-and-disjoint: 500 files, each in exactly one shard at 1, 2, 3, 4, 7, 16 and 64 shards
ok   a-shard-argument-is-read-or-refused-and-never-defaulted: `3/8` reads; no --shard is the whole selection; `3`, `a/b`, `4/4` and `-1/4` are refused
ok   a-merge-of-every-shard-equals-an-unsharded-run-over-the-same-list: four shards of 120 files merge to test262 120 files, 240 variants: pass 160, fail 13, unsupported 34, exhausted 22, skipped 11, with 3 families and 2 dimensions identical to the unsharded run
ok   removing-a-test262-shard-report-produces-incomplete-coverage: three of four shards report incomplete coverage and a coverage field that says partial, not a whole run of a smaller suite
ok   shards-taken-under-two-manifests-or-two-admitted-sets-are-not-one-run: a merge of two manifests and a merge of two declined sets are both refused rather than added
ok   the-family-table-names-a-family-the-run-met-and-omits-one-it-did-not: 3 families, most-met first: a class declaration, a call with more than 255 arguments, a generator function
ok   an-exhaustion-is-counted-apart-from-a-failure-and-names-its-dimension: one failure and one exhaustion, and the exhausted variant is named with `WallClock`
ok   a-sharded-limited-or-narrowed-run-says-so-where-a-rule-can-see-it: 3 of 3 partial runs render `coverage|partial`, and the whole one renders `coverage|whole`
ok   a-test262-report-round-trips-and-a-forged-coverage-claim-is-refused: 6 results survived the trip; a report edited to claim it was whole is refused rather than believed
ok   a-test262-report-of-an-earlier-format-is-recognised-as-one-and-then-refused: a version-1 report is recognised as this kind and refused by version: C:\Users\proof\AppData\Local\Temp\broiler-js-conformance-test262-earlier.txt was written by `# broiler-js-conformance test262 report 1` and this build reads `# broiler-js-conformance test262 report 2`; a report of an earlier version is refused rather than read under the current one
ok   the-failure-classification-files-every-failing-variant-exactly-once: 4 kind and 4 area taggings over 4 failures, 2 areas, and a verdict naming no kind is filed under `(no kind was named)` rather than dropped
ok   a-declared-feature-is-a-tag-and-not-a-partition-of-the-failures: three failures declare three taggings over two of them, so the feature column does not sum to the failed total and the report states how many variants it covers
ok   the-json-report-parses-and-its-members-are-the-schema-s-in-order: 18 members rendered, 18 promised by the schema, and 2 failure record(s) against a failed total of 2
ok   a-whole-run-floor-holds-and-catches-a-fall-in-passes-and-a-rise-in-failures: the run that set the floor holds it; fewer passes and more failures each regress
ok   a-whole-run-floor-re-bases-across-a-revision-or-a-manifest-and-retains-the-old-rows: a moved revision and a changed manifest both re-base rather than compare, the retired rows stay in the file, and the file round-trips
ok   a-run-taken-without-a-retained-pin-may-not-be-retained-and-may-not-set-a-floor: an unpinned run and a single shard are both refused a floor, and the JSON document says `retainable: false` with the reason
ok   a-native-run-naming-no-manifest-is-taken-under-the-wide-manifest-with-the-harness-loaded: --form native with no --manifest reads as: manifest broiler.javascript.wide at format version 2; harness loaded; admitted surfaces broiler.javascript.binary, broiler.javascript.dynamic, broiler.javascript.modules, broiler.javascript.native; declined (none); form native (x86-64-sysv)
ok   a-native-run-naming-the-slice-manifest-is-refused-before-it-scores-anything: refused: the native output form is admitted by broiler.javascript.wide and broiler.javascript.numeric, and this run names `broiler.javascript.slice`
ok   a-test262-report-of-the-native-form-round-trips-its-form-row: a native report writes and reads back `form|native|x86-64-sysv`, and a bytecode report writes no form row
ok   a-whole-run-floor-re-bases-across-an-output-form-and-holds-within-one: a bytecode floor re-bases onto a native run and back, a native floor re-bases onto another backend and holds its own run, and the form line round-trips
ok   a-control-in-module-mode.js: expected Passed/Completed, got Passed/Completed
ok   a-control-that-passes.js: expected Passed/Completed, got Passed/Completed
ok   a-declared-refusal-that-does-not-happen.js: expected Failed/Completed, got Failed/Completed - declared `refused-by-source UnexpectedToken` and answered `completion 3`
ok   a-declared-refusal-that-is-right.js: expected Passed/NeverSettled, got Passed/NeverSettled
ok   a-declared-refusal-with-the-wrong-code.js: expected Failed/NeverSettled, got Failed/NeverSettled - declared `refused-by-source UnexpectedToken` and answered `refused-by-source ConstructOutsideManifest`: 2104:ConstructOutsideManifest at 5:1: a function is not admitted by the declared feature manifest
ok   a-declared-value-for-a-source-that-is-refused.js: expected Failed/NeverSettled, got Failed/NeverSettled - declared `completion 1` and answered `refused-by-source ConstructOutsideManifest`: 2104:ConstructOutsideManifest at 5:1: a function is not admitted by the declared feature manifest
ok   a-declared-value-that-is-wrong.js: expected Failed/Completed, got Failed/Completed - declared `completion 4` and answered `completion 3`
ok   a-program-that-does-not-terminate.js: expected TimedOut/NeverSettled, got TimedOut/NeverSettled - `a-program-that-does-not-terminate.js` spent the 2000000-unit allowance without settling
ok   a-program-that-runs-after-one-that-did-not-terminate.js: expected Passed/Completed, got Passed/Completed
broiler-js-conformance: 9 self-check fixtures reported the verdict they declared
ok   module/a-module-runs-to-its-completion-value.js: completion 3
ok   module/a-module-scopes-a-let-in-a-block.js: completion 1
ok   negative/a-break-outside-a-loop-is-refused.js: refused-by-source IllegalBreak
ok   negative/a-const-without-an-initialiser-is-refused.js: refused-by-source ConstWithoutInitialiser
ok   negative/a-duplicate-lexical-declaration-is-refused.js: refused-by-source DuplicateLexicalDeclaration
ok   negative/a-function-is-outside-the-manifest.js: refused-by-source ConstructOutsideManifest
ok   negative/a-module-is-strict-so-a-legacy-octal-is-refused.js: refused-by-source LegacyOctalInStrictCode
ok   negative/an-assignment-to-a-constant-is-refused.js: refused-by-source AssignmentToConstant
ok   negative/an-object-literal-is-outside-the-manifest.js: refused-by-source ConstructOutsideManifest
ok   negative/an-unresolvable-name-is-refused.js: refused-by-source UnresolvableIdentifier
ok   raw/an-artifact-that-runs.bjsb: completion 3
ok   raw/an-artifact-that-stops-early.bjsb: refused-by-verifier Truncated
ok   raw/an-artifact-whose-magic-is-wrong.bjsb: refused-by-verifier WrongMagic
ok   script/a-block-scopes-a-let.js: completion 1
ok   script/a-comparison-produces-a-boolean.js: completion true
ok   script/a-conditional-expression-chooses.js: completion 10
ok   script/a-counting-for-loop-sums.js: completion 55
ok   script/a-declaration-without-an-initialiser-is-undefined.js: completion undefined
ok   script/a-directive-prologue-is-not-the-completion-value.js: completion 2
ok   script/a-do-while-runs-once.js: completion 1
ok   script/a-left-shift-goes-through-int32.js: completion -2147483648
ok   script/a-legacy-octal-is-base-eight-in-sloppy-code.js: completion 8
ok   script/a-semicolon-is-inserted.js: completion 3
ok   script/a-var-is-function-scoped.js: completion 2
ok   script/addition-of-two-numbers.js: completion 3
ok   script/an-assignment-answers-the-value-assigned.js: completion 2
ok   script/an-unsigned-shift-goes-through-uint32.js: completion 4294967295
ok   script/an-untaken-else.js: completion 2
ok   script/an-untaken-if-completes-as-undefined.js: completion undefined
ok   script/assignment-is-right-associative.js: completion 14
ok   script/break-leaves-the-loop.js: completion 3
ok   script/continue-reaches-the-update.js: completion 8
ok   script/dividing-by-negative-zero.js: completion -Infinity
ok   script/division-by-zero-is-infinity.js: completion Infinity
ok   script/logical-and-answers-its-operand.js: completion 0
ok   script/logical-and-does-not-evaluate-the-right-side.js: completion 0
ok   script/logical-or-answers-its-operand.js: completion 5
ok   script/multiplication-binds-tighter-than-addition.js: completion 7
ok   script/parentheses-regroup.js: completion 9
ok   script/remainder-takes-the-dividends-sign.js: completion -2
ok   script/strict-equality-compares-kinds.js: completion false
ok   script/subtraction-is-left-associative.js: completion 5
ok   script/unary-plus-is-to-number.js: completion 1
ok   script/zero-over-zero-is-not-a-number.js: completion NaN
edition ECMA-262 ES2026 (tc39/ecma262@0248456c758431e4bb8e5d26333ff1865123c9cd, spec.html sha256 ce7bc30174061fd8d212270b81cf6511661180c1e174f6911d10ced0581527b0) - archived at src/Broiler.VM.Profile.JavaScript/docs/specification/ecma-262-es2026-spec.html
suite broiler.javascript.slice.js-3a@268f3a8d702a2fbdecd61d637284d2ce9ea51c8033b9a3eac934ff59a31eae12; shard all of 1
selection candidates=44 knownIncorrect=0 outOfScope=0 featureExcluded=0 featureFiltered=0 negativeWithheld=0 unselectable=0 selected=44 sharded=44
mode Script: selected=38 executed=38 passed=38 failed=0 skipped=0 timedOut=0
mode Module: selected=3 executed=3 passed=3 failed=0 skipped=0 timedOut=0
mode Raw: selected=3 executed=3 passed=3 failed=0 skipped=0 timedOut=0


[conformance/trimmed/ingest-shape] run exit 0
ok   sharding-is-stable-and-normalizes-the-path: three spellings of one path answer shard 2 of 4
ok   sharding-does-not-move-when-the-selection-grows: 0 of 20 paths changed shard after five were added
ok   sharding-partitions-rather-than-samples: seven shards covered 200 of 200 paths, each exactly once
ok   sharding-refuses-a-shard-index-its-count-does-not-have: zero shards, an index equal to the count and an index below -1 are all refused
ok   the-selection-pipeline-is-a-partition: 4 candidates split into 1 selected and 3 excluded, and the stages add back up
ok   an-exclusion-is-counted-at-the-first-stage-that-removes-it: knownIncorrect=1, outOfScope=0
ok   an-empty-scope-runs-everything-and-a-stated-one-does-not: no pattern matches all; a bare prefix, a directory prefix and a star all match; a miss does not
ok   negative-metadata-tests-are-opt-in: without the opt-in 1 of 2 are selected, with it 2
ok   a-known-incorrect-entry-without-a-reason-is-refused: 1 entry admitted, 1 refused for naming no reason
ok   the-completion-protocol-tells-the-four-kinds-apart: 6 recorded sequences classified, and a reported failure carries its own text
ok   an-exception-escaping-the-engine-is-a-failed-case-and-not-a-dead-run: answer `escaped InvalidOperationException`, which groups by type rather than by message
ok   a-file-that-declares-no-verdict-is-refused-rather-than-defaulted: a missing block, a missing expectation and a missing description are each named
ok   the-raw-flag-is-required-exactly-where-bytes-exist: a source file declaring raw and an artifact not declaring it are both refused
ok   every-expectation-kind-round-trips-and-a-fifth-is-refused: 4 kinds render and parse back; an unknown kind names the four that exist
ok   a-report-renders-and-reads-back-to-the-same-report: 2 results and 0 findings survived the trip
ok   a-report-names-the-edition-it-was-scored-against: edition|ECMA-262|ES2026|tc39/ecma262|0248456c758431e4bb8e5d26333ff1865123c9cd|spec.html|ce7bc30174061fd8d212270b81cf6511661180c1e174f6911d10ced0581527b0|archived
ok   a-report-scored-against-another-edition-is-refused: C:\Users\proof\AppData\Local\Temp\broiler-js-conformance-other-edition.txt was scored against ECMA-262 ES2026 at 0000000000000000000000000000000000000000 and this build is pinned to ECMA-262 ES2026 at 0248456c758431e4bb8e5d26333ff1865123c9cd
ok   a-retained-pin-reads-back-what-it-declares: a-suite someone/a-suite@abc123 content sha256 def456 over 7 files - archived at somewhere/a-suite.tar.gz
ok   a-retained-pin-missing-anything-is-refused-rather-than-defaulted: 6 of 6 malformed pins were refused: a missing key, an unknown key, no header, an archived field that is neither yes nor no, an archive with no path, and a path with no archive
ok   a-suite-that-is-not-the-pinned-one-is-refused-on-every-count-it-can-be: the pinned content raises 0 complaints, different content raises 2 - digest and file count - and different bytes at the same count raise 1; a run under the pin reports it as the revision
ok   a-detail-carrying-a-separator-cannot-write-a-row-nobody-wrote: one result written from one result, with the separator removed rather than escaped
ok   a-mode-total-accounts-for-every-case-it-selected: selected 4, executed 3, skipped 1
ok   removing-a-shard-report-produces-incomplete-coverage: two shards merge clean; one alone reports 2 finding(s) rather than a total of one
ok   shards-that-read-different-revisions-are-not-one-run: a merge of two revisions is refused rather than added
ok   a-test-two-shards-both-scored-is-refused: one path scored by two shards is a configuration failure, not two results
ok   a-merged-report-handed-to-a-merge-is-refused-as-a-shard: a report covering every shard is named as what it is rather than counted as one
ok   every-named-configuration-failure-can-actually-be-produced: all 6 members reached by an input
ok   a-floor-holds-on-the-run-that-set-it-and-refuses-one-pass-fewer: two passes set the floor; one pass is reported as a regression naming the figure
ok   a-suite-revision-change-re-bases-the-floor-and-retains-the-old-one: a run on a new revision re-bases rather than regressing, and the old floor stays in the file
ok   a-floor-may-not-be-set-from-a-run-that-covered-less-than-it-claimed: a run with a finding and a single shard's run are both inadmissible
ok   every-source-refusal-has-a-declared-language-class: 29 codes, each with a class
ok   only-an-early-error-may-score-and-every-class-is-populated: EarlyError=21, OutsideManifest=1, Divergence=3, ImplementationLimit=4
ok   a-refusal-the-manifest-made-is-not-a-pass-on-a-negative-test: declared a SyntaxError, was refused as ConstructOutsideManifest, scored Skipped
ok   the-same-refusal-scores-for-a-native-fixture-and-not-for-an-ingested-one: native fixture Passed, ingested test Skipped
ok   an-unearned-refusal-is-unscorable-and-an-earned-one-passes: positive=Skipped, divergence=Skipped, limit=Skipped, early error=Passed
ok   a-refusal-that-names-no-code-is-reported-as-a-failure: an unnamed refusal scored Failed
ok   a-nested-negative-and-a-folded-description-are-read-and-a-block-scalar-is-not-metadata: description `A description folded over two lines.`, flags 0
ok   the-two-list-spellings-read-to-the-same-list: [onlyStrict, module] both ways
ok   the-dialect-reader-refuses-metadata-it-cannot-honour: 8 malformed blocks, each refused
ok   a-key-this-harness-has-no-use-for-is-skipped-and-a-flag-is-not: read past 4 unknown keys to `a file carrying keys this harness has no use for`
ok   the-dialect-reader-reads-lf-crlf-and-a-lone-carriage-return-alike: three line-terminator spellings read to one frontmatter
ok   a-block-indented-as-a-unit-reads-the-same-as-one-at-the-margin: both read `folded over two lines` and 1 flag(s)
ok   the-suites-raw-flag-is-source-and-not-artifact-bytes: 1 case in Script mode carrying source
ok   a-file-declaring-no-strictness-becomes-two-cases-and-only-one-carries-the-prologue: 2 cases: a.js#strict, a.js#sloppy
ok   a-file-declaring-its-strictness-or-its-goal-becomes-one-case: onlyStrict, noStrict, module and raw each give one case
ok   a-parse-negative-naming-harness-files-is-selectable-and-a-positive-one-is-not: 2 selectable negative case(s), 1 declined positive
ok   a-file-this-harness-cannot-run-is-counted-and-named-rather-than-dropped: 6 declines, each a counted candidate carrying a reason
ok   a-suite-file-carrying-no-metadata-block-is-declined-and-not-refused: declined: a source file carrying no metadata block, which is a harness or fixture file rather than a test
ok   the-two-ingested-expectation-spellings-parse-back-to-themselves: `refused-as-early-error SyntaxError`, `completes`
ok   a-comment-written-with-two-hashes-does-not-end-a-section: 3 of 3 proposals survived two `##` comments; 1 standard, 1 test-harness, 0 complaint(s)
ok   a-feature-list-that-cannot-be-read-is-refused-rather-than-emptied: 4 of 4 malformed lists were refused - a missing heading, an empty section, one name under two headings, a name under none - and the refused one handed back 0 proposals rather than the one it had already read
ok   a-trailing-comment-is-not-part-of-a-feature-name: `a-proposal  # .` declares `a-proposal`
ok   a-test-claiming-a-proposal-is-not-scored-and-one-claiming-the-language-is: excluded 2 of 4 - a test claiming a proposal alongside a published construct is still about the proposal - and kept [about-the-language.js, about-nothing.js]
ok   an-empty-exclusion-set-excludes-nothing: with nothing declared a proposal, 2 of 2 tests are selected and 0 excluded
ok   the-feature-filter-cannot-opt-back-into-an-excluded-test: asking for `a-proposal` by name selected 0 tests, and a test the scope filter would also have removed is counted at the exclusion (1) rather than at the filter (0)
ok   the-test262-partition-is-exhaustive-and-disjoint: 500 files, each in exactly one shard at 1, 2, 3, 4, 7, 16 and 64 shards
ok   a-shard-argument-is-read-or-refused-and-never-defaulted: `3/8` reads; no --shard is the whole selection; `3`, `a/b`, `4/4` and `-1/4` are refused
ok   a-merge-of-every-shard-equals-an-unsharded-run-over-the-same-list: four shards of 120 files merge to test262 120 files, 240 variants: pass 160, fail 13, unsupported 34, exhausted 22, skipped 11, with 3 families and 2 dimensions identical to the unsharded run
ok   removing-a-test262-shard-report-produces-incomplete-coverage: three of four shards report incomplete coverage and a coverage field that says partial, not a whole run of a smaller suite
ok   shards-taken-under-two-manifests-or-two-admitted-sets-are-not-one-run: a merge of two manifests and a merge of two declined sets are both refused rather than added
ok   the-family-table-names-a-family-the-run-met-and-omits-one-it-did-not: 3 families, most-met first: a class declaration, a call with more than 255 arguments, a generator function
ok   an-exhaustion-is-counted-apart-from-a-failure-and-names-its-dimension: one failure and one exhaustion, and the exhausted variant is named with `WallClock`
ok   a-sharded-limited-or-narrowed-run-says-so-where-a-rule-can-see-it: 3 of 3 partial runs render `coverage|partial`, and the whole one renders `coverage|whole`
ok   a-test262-report-round-trips-and-a-forged-coverage-claim-is-refused: 6 results survived the trip; a report edited to claim it was whole is refused rather than believed
ok   a-test262-report-of-an-earlier-format-is-recognised-as-one-and-then-refused: a version-1 report is recognised as this kind and refused by version: C:\Users\proof\AppData\Local\Temp\broiler-js-conformance-test262-earlier.txt was written by `# broiler-js-conformance test262 report 1` and this build reads `# broiler-js-conformance test262 report 2`; a report of an earlier version is refused rather than read under the current one
ok   the-failure-classification-files-every-failing-variant-exactly-once: 4 kind and 4 area taggings over 4 failures, 2 areas, and a verdict naming no kind is filed under `(no kind was named)` rather than dropped
ok   a-declared-feature-is-a-tag-and-not-a-partition-of-the-failures: three failures declare three taggings over two of them, so the feature column does not sum to the failed total and the report states how many variants it covers
ok   the-json-report-parses-and-its-members-are-the-schema-s-in-order: 18 members rendered, 18 promised by the schema, and 2 failure record(s) against a failed total of 2
ok   a-whole-run-floor-holds-and-catches-a-fall-in-passes-and-a-rise-in-failures: the run that set the floor holds it; fewer passes and more failures each regress
ok   a-whole-run-floor-re-bases-across-a-revision-or-a-manifest-and-retains-the-old-rows: a moved revision and a changed manifest both re-base rather than compare, the retired rows stay in the file, and the file round-trips
ok   a-run-taken-without-a-retained-pin-may-not-be-retained-and-may-not-set-a-floor: an unpinned run and a single shard are both refused a floor, and the JSON document says `retainable: false` with the reason
ok   a-native-run-naming-no-manifest-is-taken-under-the-wide-manifest-with-the-harness-loaded: --form native with no --manifest reads as: manifest broiler.javascript.wide at format version 2; harness loaded; admitted surfaces broiler.javascript.binary, broiler.javascript.dynamic, broiler.javascript.modules, broiler.javascript.native; declined (none); form native (x86-64-sysv)
ok   a-native-run-naming-the-slice-manifest-is-refused-before-it-scores-anything: refused: the native output form is admitted by broiler.javascript.wide and broiler.javascript.numeric, and this run names `broiler.javascript.slice`
ok   a-test262-report-of-the-native-form-round-trips-its-form-row: a native report writes and reads back `form|native|x86-64-sysv`, and a bytecode report writes no form row
ok   a-whole-run-floor-re-bases-across-an-output-form-and-holds-within-one: a bytecode floor re-bases onto a native run and back, a native floor re-bases onto another backend and holds its own run, and the form line round-trips
ok   a-control-that-refuses-as-the-language-does.js#strict: expected Passed/NeverSettled, got Passed/NeverSettled
ok   a-control-that-runs-and-does-not-throw.js: expected Passed/Completed, got Passed/Completed
ok   a-declared-refusal-that-does-not-happen.js#strict: expected Failed/Completed, got Failed/Completed - declared `refused-as-early-error SyntaxError` and answered `completion 3`
ok   a-file-whose-two-strictness-readings-disagree.js#sloppy: expected Failed/Completed, got Failed/Completed - declared `refused-as-early-error SyntaxError` and answered `completion undefined`
ok   a-file-whose-two-strictness-readings-disagree.js#strict: expected Passed/NeverSettled, got Passed/NeverSettled
ok   a-positive-whose-body-the-manifest-declines.js: expected Skipped/NeverSettled, got Skipped/NeverSettled - not scored - ConstructOutsideManifest: the source is JavaScript and this manifest declines the construct, so the refusal answers a different question from the one the test asked
ok   a-refusal-the-manifest-made-and-not-the-language.js#strict: expected Skipped/NeverSettled, got Skipped/NeverSettled - not scored - ConstructOutsideManifest: the source is JavaScript and this manifest declines the construct, so the refusal answers a different question from the one the test asked
ok   a-refusal-this-profile-makes-earlier-than-the-language.js#sloppy: expected Skipped/NeverSettled, got Skipped/NeverSettled - not scored - UnresolvableIdentifier: this profile answers where the language answers differently or later, which is a recorded divergence and not a conformance answer
broiler-js-conformance: 8 self-check fixtures reported the verdict they declared
broiler-js-conformance: features.txt declares 3 proposed, 3 standard and 1 test-harness features; a test claiming a proposed one is not scored
ok   scored/a-body-inside-the-manifest.js: completion 42
ok   scored/a-standard-feature-is-scored-like-any-other.js: completion 6
ok   scored/an-early-error-in-both-strictnesses.js#strict: refused-by-source IllegalBreak
ok   scored/an-early-error-in-both-strictnesses.js#sloppy: refused-by-source IllegalBreak
ok   scored/an-early-error-in-module-goal.js: refused-by-source DuplicateLexicalDeclaration
edition ECMA-262 ES2026 (tc39/ecma262@0248456c758431e4bb8e5d26333ff1865123c9cd, spec.html sha256 ce7bc30174061fd8d212270b81cf6511661180c1e174f6911d10ced0581527b0) - archived at src/Broiler.VM.Profile.JavaScript/docs/specification/ecma-262-es2026-spec.html
suite broiler.javascript.slice.ingest-shape@56c9c2dd92ac87be4bb31fec670c886e31b7e5483b4a4db71b65fd04275ecc61; shard all of 1
selection candidates=17 knownIncorrect=0 outOfScope=0 featureExcluded=4 featureFiltered=0 negativeWithheld=0 unselectable=8 selected=5 sharded=5
mode Script: selected=4 executed=4 passed=4 failed=0 skipped=0 timedOut=0
mode Module: selected=1 executed=1 passed=1 failed=0 skipped=0 timedOut=0
mode Raw: selected=0 executed=0 passed=0 failed=0 skipped=0 timedOut=0


[conformance/aot] publish exit 0
dotnet publish src\compositions\Broiler.VM.Composition.JavaScript.Conformance\Broiler.VM.Composition.JavaScript.Conformance.csproj -c Release --nologo -p:TreatWarningsAsErrors=true -o D:\Broiler.VM\artifacts\js-publish\conformance\aot -r win-x64 -p:PublishAot=true
  Wiederherzustellende Projekte werden ermittelt...
  "D:\Broiler.VM\src\Broiler.VM.Runtime\Broiler.VM.Runtime.csproj" wiederhergestellt (in 273 ms.).
  "D:\Broiler.VM\src\Broiler.VM.Abstractions\Broiler.VM.Abstractions.csproj" wiederhergestellt (in 273 ms.).
  "D:\Broiler.VM\src\Broiler.VM.Binary\Broiler.VM.Binary.csproj" wiederhergestellt (in 273 ms.).
  "D:\Broiler.VM\src\Broiler.VM.Profile.JavaScript.Format\Broiler.VM.Profile.JavaScript.Format.csproj" wiederhergestellt (in 273 ms.).
  "D:\Broiler.VM\src\Broiler.VM.Profile.JavaScript\Broiler.VM.Profile.JavaScript.csproj" wiederhergestellt (in 273 ms.).
  "D:\Broiler.VM\src\Broiler.VM.Profile.JavaScript.Compiler\Broiler.VM.Profile.JavaScript.Compiler.csproj" wiederhergestellt (in 273 ms.).
  "D:\Broiler.VM\src\compositions\Broiler.VM.Composition.JavaScript.Conformance\Broiler.VM.Composition.JavaScript.Conformance.csproj" wiederhergestellt (in 273 ms.).
  Broiler.VM.Binary -> D:\Broiler.VM\src\Broiler.VM.Binary\bin\Release\net10.0\Broiler.VM.Binary.dll
  Broiler.VM.Abstractions -> D:\Broiler.VM\src\Broiler.VM.Abstractions\bin\Release\net10.0\Broiler.VM.Abstractions.dll
  Broiler.VM.Profile.JavaScript.Format -> D:\Broiler.VM\src\Broiler.VM.Profile.JavaScript.Format\bin\Release\net10.0\Broiler.VM.Profile.JavaScript.Format.dll
  Broiler.VM.Runtime -> D:\Broiler.VM\src\Broiler.VM.Runtime\bin\Release\net10.0\Broiler.VM.Runtime.dll
  Broiler.VM.Profile.JavaScript.Compiler -> D:\Broiler.VM\src\Broiler.VM.Profile.JavaScript.Compiler\bin\Release\net10.0\Broiler.VM.Profile.JavaScript.Compiler.dll
  Broiler.VM.Profile.JavaScript -> D:\Broiler.VM\src\Broiler.VM.Profile.JavaScript\bin\Release\net10.0\Broiler.VM.Profile.JavaScript.dll
  Broiler.VM.Composition.JavaScript.Conformance -> D:\Broiler.VM\src\compositions\Broiler.VM.Composition.JavaScript.Conformance\bin\Release\net10.0\win-x64\Broiler.VM.Composition.JavaScript.Conformance.dll
  Generating native code
  Broiler.VM.Composition.JavaScript.Conformance -> D:\Broiler.VM\artifacts\js-publish\conformance\aot\


[conformance/aot] --closure exit 0
# broiler-vm-composition core-contract-version=1
composition Broiler.VM.Composition.JavaScript.Conformance
label narrow-runtime-compiler-shaped
carries-lowering yes
profiles 1
profile broiler.javascript Broiler.VM.Profile.JavaScript 1 4
manifest broiler.javascript.slice broiler.javascript.wide broiler.javascript.numeric
format-versions 1 2


[conformance/aot/js-3a] run exit 0
ok   sharding-is-stable-and-normalizes-the-path: three spellings of one path answer shard 2 of 4
ok   sharding-does-not-move-when-the-selection-grows: 0 of 20 paths changed shard after five were added
ok   sharding-partitions-rather-than-samples: seven shards covered 200 of 200 paths, each exactly once
ok   sharding-refuses-a-shard-index-its-count-does-not-have: zero shards, an index equal to the count and an index below -1 are all refused
ok   the-selection-pipeline-is-a-partition: 4 candidates split into 1 selected and 3 excluded, and the stages add back up
ok   an-exclusion-is-counted-at-the-first-stage-that-removes-it: knownIncorrect=1, outOfScope=0
ok   an-empty-scope-runs-everything-and-a-stated-one-does-not: no pattern matches all; a bare prefix, a directory prefix and a star all match; a miss does not
ok   negative-metadata-tests-are-opt-in: without the opt-in 1 of 2 are selected, with it 2
ok   a-known-incorrect-entry-without-a-reason-is-refused: 1 entry admitted, 1 refused for naming no reason
ok   the-completion-protocol-tells-the-four-kinds-apart: 6 recorded sequences classified, and a reported failure carries its own text
ok   an-exception-escaping-the-engine-is-a-failed-case-and-not-a-dead-run: answer `escaped InvalidOperationException`, which groups by type rather than by message
ok   a-file-that-declares-no-verdict-is-refused-rather-than-defaulted: a missing block, a missing expectation and a missing description are each named
ok   the-raw-flag-is-required-exactly-where-bytes-exist: a source file declaring raw and an artifact not declaring it are both refused
ok   every-expectation-kind-round-trips-and-a-fifth-is-refused: 4 kinds render and parse back; an unknown kind names the four that exist
ok   a-report-renders-and-reads-back-to-the-same-report: 2 results and 0 findings survived the trip
ok   a-report-names-the-edition-it-was-scored-against: edition|ECMA-262|ES2026|tc39/ecma262|0248456c758431e4bb8e5d26333ff1865123c9cd|spec.html|ce7bc30174061fd8d212270b81cf6511661180c1e174f6911d10ced0581527b0|archived
ok   a-report-scored-against-another-edition-is-refused: C:\Users\proof\AppData\Local\Temp\broiler-js-conformance-other-edition.txt was scored against ECMA-262 ES2026 at 0000000000000000000000000000000000000000 and this build is pinned to ECMA-262 ES2026 at 0248456c758431e4bb8e5d26333ff1865123c9cd
ok   a-retained-pin-reads-back-what-it-declares: a-suite someone/a-suite@abc123 content sha256 def456 over 7 files - archived at somewhere/a-suite.tar.gz
ok   a-retained-pin-missing-anything-is-refused-rather-than-defaulted: 6 of 6 malformed pins were refused: a missing key, an unknown key, no header, an archived field that is neither yes nor no, an archive with no path, and a path with no archive
ok   a-suite-that-is-not-the-pinned-one-is-refused-on-every-count-it-can-be: the pinned content raises 0 complaints, different content raises 2 - digest and file count - and different bytes at the same count raise 1; a run under the pin reports it as the revision
ok   a-detail-carrying-a-separator-cannot-write-a-row-nobody-wrote: one result written from one result, with the separator removed rather than escaped
ok   a-mode-total-accounts-for-every-case-it-selected: selected 4, executed 3, skipped 1
ok   removing-a-shard-report-produces-incomplete-coverage: two shards merge clean; one alone reports 2 finding(s) rather than a total of one
ok   shards-that-read-different-revisions-are-not-one-run: a merge of two revisions is refused rather than added
ok   a-test-two-shards-both-scored-is-refused: one path scored by two shards is a configuration failure, not two results
ok   a-merged-report-handed-to-a-merge-is-refused-as-a-shard: a report covering every shard is named as what it is rather than counted as one
ok   every-named-configuration-failure-can-actually-be-produced: all 6 members reached by an input
ok   a-floor-holds-on-the-run-that-set-it-and-refuses-one-pass-fewer: two passes set the floor; one pass is reported as a regression naming the figure
ok   a-suite-revision-change-re-bases-the-floor-and-retains-the-old-one: a run on a new revision re-bases rather than regressing, and the old floor stays in the file
ok   a-floor-may-not-be-set-from-a-run-that-covered-less-than-it-claimed: a run with a finding and a single shard's run are both inadmissible
ok   every-source-refusal-has-a-declared-language-class: 29 codes, each with a class
ok   only-an-early-error-may-score-and-every-class-is-populated: EarlyError=21, OutsideManifest=1, Divergence=3, ImplementationLimit=4
ok   a-refusal-the-manifest-made-is-not-a-pass-on-a-negative-test: declared a SyntaxError, was refused as ConstructOutsideManifest, scored Skipped
ok   the-same-refusal-scores-for-a-native-fixture-and-not-for-an-ingested-one: native fixture Passed, ingested test Skipped
ok   an-unearned-refusal-is-unscorable-and-an-earned-one-passes: positive=Skipped, divergence=Skipped, limit=Skipped, early error=Passed
ok   a-refusal-that-names-no-code-is-reported-as-a-failure: an unnamed refusal scored Failed
ok   a-nested-negative-and-a-folded-description-are-read-and-a-block-scalar-is-not-metadata: description `A description folded over two lines.`, flags 0
ok   the-two-list-spellings-read-to-the-same-list: [onlyStrict, module] both ways
ok   the-dialect-reader-refuses-metadata-it-cannot-honour: 8 malformed blocks, each refused
ok   a-key-this-harness-has-no-use-for-is-skipped-and-a-flag-is-not: read past 4 unknown keys to `a file carrying keys this harness has no use for`
ok   the-dialect-reader-reads-lf-crlf-and-a-lone-carriage-return-alike: three line-terminator spellings read to one frontmatter
ok   a-block-indented-as-a-unit-reads-the-same-as-one-at-the-margin: both read `folded over two lines` and 1 flag(s)
ok   the-suites-raw-flag-is-source-and-not-artifact-bytes: 1 case in Script mode carrying source
ok   a-file-declaring-no-strictness-becomes-two-cases-and-only-one-carries-the-prologue: 2 cases: a.js#strict, a.js#sloppy
ok   a-file-declaring-its-strictness-or-its-goal-becomes-one-case: onlyStrict, noStrict, module and raw each give one case
ok   a-parse-negative-naming-harness-files-is-selectable-and-a-positive-one-is-not: 2 selectable negative case(s), 1 declined positive
ok   a-file-this-harness-cannot-run-is-counted-and-named-rather-than-dropped: 6 declines, each a counted candidate carrying a reason
ok   a-suite-file-carrying-no-metadata-block-is-declined-and-not-refused: declined: a source file carrying no metadata block, which is a harness or fixture file rather than a test
ok   the-two-ingested-expectation-spellings-parse-back-to-themselves: `refused-as-early-error SyntaxError`, `completes`
ok   a-comment-written-with-two-hashes-does-not-end-a-section: 3 of 3 proposals survived two `##` comments; 1 standard, 1 test-harness, 0 complaint(s)
ok   a-feature-list-that-cannot-be-read-is-refused-rather-than-emptied: 4 of 4 malformed lists were refused - a missing heading, an empty section, one name under two headings, a name under none - and the refused one handed back 0 proposals rather than the one it had already read
ok   a-trailing-comment-is-not-part-of-a-feature-name: `a-proposal  # .` declares `a-proposal`
ok   a-test-claiming-a-proposal-is-not-scored-and-one-claiming-the-language-is: excluded 2 of 4 - a test claiming a proposal alongside a published construct is still about the proposal - and kept [about-the-language.js, about-nothing.js]
ok   an-empty-exclusion-set-excludes-nothing: with nothing declared a proposal, 2 of 2 tests are selected and 0 excluded
ok   the-feature-filter-cannot-opt-back-into-an-excluded-test: asking for `a-proposal` by name selected 0 tests, and a test the scope filter would also have removed is counted at the exclusion (1) rather than at the filter (0)
ok   the-test262-partition-is-exhaustive-and-disjoint: 500 files, each in exactly one shard at 1, 2, 3, 4, 7, 16 and 64 shards
ok   a-shard-argument-is-read-or-refused-and-never-defaulted: `3/8` reads; no --shard is the whole selection; `3`, `a/b`, `4/4` and `-1/4` are refused
ok   a-merge-of-every-shard-equals-an-unsharded-run-over-the-same-list: four shards of 120 files merge to test262 120 files, 240 variants: pass 160, fail 13, unsupported 34, exhausted 22, skipped 11, with 3 families and 2 dimensions identical to the unsharded run
ok   removing-a-test262-shard-report-produces-incomplete-coverage: three of four shards report incomplete coverage and a coverage field that says partial, not a whole run of a smaller suite
ok   shards-taken-under-two-manifests-or-two-admitted-sets-are-not-one-run: a merge of two manifests and a merge of two declined sets are both refused rather than added
ok   the-family-table-names-a-family-the-run-met-and-omits-one-it-did-not: 3 families, most-met first: a class declaration, a call with more than 255 arguments, a generator function
ok   an-exhaustion-is-counted-apart-from-a-failure-and-names-its-dimension: one failure and one exhaustion, and the exhausted variant is named with `WallClock`
ok   a-sharded-limited-or-narrowed-run-says-so-where-a-rule-can-see-it: 3 of 3 partial runs render `coverage|partial`, and the whole one renders `coverage|whole`
ok   a-test262-report-round-trips-and-a-forged-coverage-claim-is-refused: 6 results survived the trip; a report edited to claim it was whole is refused rather than believed
ok   a-test262-report-of-an-earlier-format-is-recognised-as-one-and-then-refused: a version-1 report is recognised as this kind and refused by version: C:\Users\proof\AppData\Local\Temp\broiler-js-conformance-test262-earlier.txt was written by `# broiler-js-conformance test262 report 1` and this build reads `# broiler-js-conformance test262 report 2`; a report of an earlier version is refused rather than read under the current one
ok   the-failure-classification-files-every-failing-variant-exactly-once: 4 kind and 4 area taggings over 4 failures, 2 areas, and a verdict naming no kind is filed under `(no kind was named)` rather than dropped
ok   a-declared-feature-is-a-tag-and-not-a-partition-of-the-failures: three failures declare three taggings over two of them, so the feature column does not sum to the failed total and the report states how many variants it covers
ok   the-json-report-parses-and-its-members-are-the-schema-s-in-order: 18 members rendered, 18 promised by the schema, and 2 failure record(s) against a failed total of 2
ok   a-whole-run-floor-holds-and-catches-a-fall-in-passes-and-a-rise-in-failures: the run that set the floor holds it; fewer passes and more failures each regress
ok   a-whole-run-floor-re-bases-across-a-revision-or-a-manifest-and-retains-the-old-rows: a moved revision and a changed manifest both re-base rather than compare, the retired rows stay in the file, and the file round-trips
ok   a-run-taken-without-a-retained-pin-may-not-be-retained-and-may-not-set-a-floor: an unpinned run and a single shard are both refused a floor, and the JSON document says `retainable: false` with the reason
ok   a-native-run-naming-no-manifest-is-taken-under-the-wide-manifest-with-the-harness-loaded: --form native with no --manifest reads as: manifest broiler.javascript.wide at format version 2; harness loaded; admitted surfaces broiler.javascript.binary, broiler.javascript.dynamic, broiler.javascript.modules, broiler.javascript.native; declined (none); form native (x86-64-sysv)
ok   a-native-run-naming-the-slice-manifest-is-refused-before-it-scores-anything: refused: the native output form is admitted by broiler.javascript.wide and broiler.javascript.numeric, and this run names `broiler.javascript.slice`
ok   a-test262-report-of-the-native-form-round-trips-its-form-row: a native report writes and reads back `form|native|x86-64-sysv`, and a bytecode report writes no form row
ok   a-whole-run-floor-re-bases-across-an-output-form-and-holds-within-one: a bytecode floor re-bases onto a native run and back, a native floor re-bases onto another backend and holds its own run, and the form line round-trips
ok   a-control-in-module-mode.js: expected Passed/Completed, got Passed/Completed
ok   a-control-that-passes.js: expected Passed/Completed, got Passed/Completed
ok   a-declared-refusal-that-does-not-happen.js: expected Failed/Completed, got Failed/Completed - declared `refused-by-source UnexpectedToken` and answered `completion 3`
ok   a-declared-refusal-that-is-right.js: expected Passed/NeverSettled, got Passed/NeverSettled
ok   a-declared-refusal-with-the-wrong-code.js: expected Failed/NeverSettled, got Failed/NeverSettled - declared `refused-by-source UnexpectedToken` and answered `refused-by-source ConstructOutsideManifest`: 2104:ConstructOutsideManifest at 5:1: a function is not admitted by the declared feature manifest
ok   a-declared-value-for-a-source-that-is-refused.js: expected Failed/NeverSettled, got Failed/NeverSettled - declared `completion 1` and answered `refused-by-source ConstructOutsideManifest`: 2104:ConstructOutsideManifest at 5:1: a function is not admitted by the declared feature manifest
ok   a-declared-value-that-is-wrong.js: expected Failed/Completed, got Failed/Completed - declared `completion 4` and answered `completion 3`
ok   a-program-that-does-not-terminate.js: expected TimedOut/NeverSettled, got TimedOut/NeverSettled - `a-program-that-does-not-terminate.js` spent the 2000000-unit allowance without settling
ok   a-program-that-runs-after-one-that-did-not-terminate.js: expected Passed/Completed, got Passed/Completed
broiler-js-conformance: 9 self-check fixtures reported the verdict they declared
ok   module/a-module-runs-to-its-completion-value.js: completion 3
ok   module/a-module-scopes-a-let-in-a-block.js: completion 1
ok   negative/a-break-outside-a-loop-is-refused.js: refused-by-source IllegalBreak
ok   negative/a-const-without-an-initialiser-is-refused.js: refused-by-source ConstWithoutInitialiser
ok   negative/a-duplicate-lexical-declaration-is-refused.js: refused-by-source DuplicateLexicalDeclaration
ok   negative/a-function-is-outside-the-manifest.js: refused-by-source ConstructOutsideManifest
ok   negative/a-module-is-strict-so-a-legacy-octal-is-refused.js: refused-by-source LegacyOctalInStrictCode
ok   negative/an-assignment-to-a-constant-is-refused.js: refused-by-source AssignmentToConstant
ok   negative/an-object-literal-is-outside-the-manifest.js: refused-by-source ConstructOutsideManifest
ok   negative/an-unresolvable-name-is-refused.js: refused-by-source UnresolvableIdentifier
ok   raw/an-artifact-that-runs.bjsb: completion 3
ok   raw/an-artifact-that-stops-early.bjsb: refused-by-verifier Truncated
ok   raw/an-artifact-whose-magic-is-wrong.bjsb: refused-by-verifier WrongMagic
ok   script/a-block-scopes-a-let.js: completion 1
ok   script/a-comparison-produces-a-boolean.js: completion true
ok   script/a-conditional-expression-chooses.js: completion 10
ok   script/a-counting-for-loop-sums.js: completion 55
ok   script/a-declaration-without-an-initialiser-is-undefined.js: completion undefined
ok   script/a-directive-prologue-is-not-the-completion-value.js: completion 2
ok   script/a-do-while-runs-once.js: completion 1
ok   script/a-left-shift-goes-through-int32.js: completion -2147483648
ok   script/a-legacy-octal-is-base-eight-in-sloppy-code.js: completion 8
ok   script/a-semicolon-is-inserted.js: completion 3
ok   script/a-var-is-function-scoped.js: completion 2
ok   script/addition-of-two-numbers.js: completion 3
ok   script/an-assignment-answers-the-value-assigned.js: completion 2
ok   script/an-unsigned-shift-goes-through-uint32.js: completion 4294967295
ok   script/an-untaken-else.js: completion 2
ok   script/an-untaken-if-completes-as-undefined.js: completion undefined
ok   script/assignment-is-right-associative.js: completion 14
ok   script/break-leaves-the-loop.js: completion 3
ok   script/continue-reaches-the-update.js: completion 8
ok   script/dividing-by-negative-zero.js: completion -Infinity
ok   script/division-by-zero-is-infinity.js: completion Infinity
ok   script/logical-and-answers-its-operand.js: completion 0
ok   script/logical-and-does-not-evaluate-the-right-side.js: completion 0
ok   script/logical-or-answers-its-operand.js: completion 5
ok   script/multiplication-binds-tighter-than-addition.js: completion 7
ok   script/parentheses-regroup.js: completion 9
ok   script/remainder-takes-the-dividends-sign.js: completion -2
ok   script/strict-equality-compares-kinds.js: completion false
ok   script/subtraction-is-left-associative.js: completion 5
ok   script/unary-plus-is-to-number.js: completion 1
ok   script/zero-over-zero-is-not-a-number.js: completion NaN
edition ECMA-262 ES2026 (tc39/ecma262@0248456c758431e4bb8e5d26333ff1865123c9cd, spec.html sha256 ce7bc30174061fd8d212270b81cf6511661180c1e174f6911d10ced0581527b0) - archived at src/Broiler.VM.Profile.JavaScript/docs/specification/ecma-262-es2026-spec.html
suite broiler.javascript.slice.js-3a@268f3a8d702a2fbdecd61d637284d2ce9ea51c8033b9a3eac934ff59a31eae12; shard all of 1
selection candidates=44 knownIncorrect=0 outOfScope=0 featureExcluded=0 featureFiltered=0 negativeWithheld=0 unselectable=0 selected=44 sharded=44
mode Script: selected=38 executed=38 passed=38 failed=0 skipped=0 timedOut=0
mode Module: selected=3 executed=3 passed=3 failed=0 skipped=0 timedOut=0
mode Raw: selected=3 executed=3 passed=3 failed=0 skipped=0 timedOut=0


[conformance/aot/ingest-shape] run exit 0
ok   sharding-is-stable-and-normalizes-the-path: three spellings of one path answer shard 2 of 4
ok   sharding-does-not-move-when-the-selection-grows: 0 of 20 paths changed shard after five were added
ok   sharding-partitions-rather-than-samples: seven shards covered 200 of 200 paths, each exactly once
ok   sharding-refuses-a-shard-index-its-count-does-not-have: zero shards, an index equal to the count and an index below -1 are all refused
ok   the-selection-pipeline-is-a-partition: 4 candidates split into 1 selected and 3 excluded, and the stages add back up
ok   an-exclusion-is-counted-at-the-first-stage-that-removes-it: knownIncorrect=1, outOfScope=0
ok   an-empty-scope-runs-everything-and-a-stated-one-does-not: no pattern matches all; a bare prefix, a directory prefix and a star all match; a miss does not
ok   negative-metadata-tests-are-opt-in: without the opt-in 1 of 2 are selected, with it 2
ok   a-known-incorrect-entry-without-a-reason-is-refused: 1 entry admitted, 1 refused for naming no reason
ok   the-completion-protocol-tells-the-four-kinds-apart: 6 recorded sequences classified, and a reported failure carries its own text
ok   an-exception-escaping-the-engine-is-a-failed-case-and-not-a-dead-run: answer `escaped InvalidOperationException`, which groups by type rather than by message
ok   a-file-that-declares-no-verdict-is-refused-rather-than-defaulted: a missing block, a missing expectation and a missing description are each named
ok   the-raw-flag-is-required-exactly-where-bytes-exist: a source file declaring raw and an artifact not declaring it are both refused
ok   every-expectation-kind-round-trips-and-a-fifth-is-refused: 4 kinds render and parse back; an unknown kind names the four that exist
ok   a-report-renders-and-reads-back-to-the-same-report: 2 results and 0 findings survived the trip
ok   a-report-names-the-edition-it-was-scored-against: edition|ECMA-262|ES2026|tc39/ecma262|0248456c758431e4bb8e5d26333ff1865123c9cd|spec.html|ce7bc30174061fd8d212270b81cf6511661180c1e174f6911d10ced0581527b0|archived
ok   a-report-scored-against-another-edition-is-refused: C:\Users\proof\AppData\Local\Temp\broiler-js-conformance-other-edition.txt was scored against ECMA-262 ES2026 at 0000000000000000000000000000000000000000 and this build is pinned to ECMA-262 ES2026 at 0248456c758431e4bb8e5d26333ff1865123c9cd
ok   a-retained-pin-reads-back-what-it-declares: a-suite someone/a-suite@abc123 content sha256 def456 over 7 files - archived at somewhere/a-suite.tar.gz
ok   a-retained-pin-missing-anything-is-refused-rather-than-defaulted: 6 of 6 malformed pins were refused: a missing key, an unknown key, no header, an archived field that is neither yes nor no, an archive with no path, and a path with no archive
ok   a-suite-that-is-not-the-pinned-one-is-refused-on-every-count-it-can-be: the pinned content raises 0 complaints, different content raises 2 - digest and file count - and different bytes at the same count raise 1; a run under the pin reports it as the revision
ok   a-detail-carrying-a-separator-cannot-write-a-row-nobody-wrote: one result written from one result, with the separator removed rather than escaped
ok   a-mode-total-accounts-for-every-case-it-selected: selected 4, executed 3, skipped 1
ok   removing-a-shard-report-produces-incomplete-coverage: two shards merge clean; one alone reports 2 finding(s) rather than a total of one
ok   shards-that-read-different-revisions-are-not-one-run: a merge of two revisions is refused rather than added
ok   a-test-two-shards-both-scored-is-refused: one path scored by two shards is a configuration failure, not two results
ok   a-merged-report-handed-to-a-merge-is-refused-as-a-shard: a report covering every shard is named as what it is rather than counted as one
ok   every-named-configuration-failure-can-actually-be-produced: all 6 members reached by an input
ok   a-floor-holds-on-the-run-that-set-it-and-refuses-one-pass-fewer: two passes set the floor; one pass is reported as a regression naming the figure
ok   a-suite-revision-change-re-bases-the-floor-and-retains-the-old-one: a run on a new revision re-bases rather than regressing, and the old floor stays in the file
ok   a-floor-may-not-be-set-from-a-run-that-covered-less-than-it-claimed: a run with a finding and a single shard's run are both inadmissible
ok   every-source-refusal-has-a-declared-language-class: 29 codes, each with a class
ok   only-an-early-error-may-score-and-every-class-is-populated: EarlyError=21, OutsideManifest=1, Divergence=3, ImplementationLimit=4
ok   a-refusal-the-manifest-made-is-not-a-pass-on-a-negative-test: declared a SyntaxError, was refused as ConstructOutsideManifest, scored Skipped
ok   the-same-refusal-scores-for-a-native-fixture-and-not-for-an-ingested-one: native fixture Passed, ingested test Skipped
ok   an-unearned-refusal-is-unscorable-and-an-earned-one-passes: positive=Skipped, divergence=Skipped, limit=Skipped, early error=Passed
ok   a-refusal-that-names-no-code-is-reported-as-a-failure: an unnamed refusal scored Failed
ok   a-nested-negative-and-a-folded-description-are-read-and-a-block-scalar-is-not-metadata: description `A description folded over two lines.`, flags 0
ok   the-two-list-spellings-read-to-the-same-list: [onlyStrict, module] both ways
ok   the-dialect-reader-refuses-metadata-it-cannot-honour: 8 malformed blocks, each refused
ok   a-key-this-harness-has-no-use-for-is-skipped-and-a-flag-is-not: read past 4 unknown keys to `a file carrying keys this harness has no use for`
ok   the-dialect-reader-reads-lf-crlf-and-a-lone-carriage-return-alike: three line-terminator spellings read to one frontmatter
ok   a-block-indented-as-a-unit-reads-the-same-as-one-at-the-margin: both read `folded over two lines` and 1 flag(s)
ok   the-suites-raw-flag-is-source-and-not-artifact-bytes: 1 case in Script mode carrying source
ok   a-file-declaring-no-strictness-becomes-two-cases-and-only-one-carries-the-prologue: 2 cases: a.js#strict, a.js#sloppy
ok   a-file-declaring-its-strictness-or-its-goal-becomes-one-case: onlyStrict, noStrict, module and raw each give one case
ok   a-parse-negative-naming-harness-files-is-selectable-and-a-positive-one-is-not: 2 selectable negative case(s), 1 declined positive
ok   a-file-this-harness-cannot-run-is-counted-and-named-rather-than-dropped: 6 declines, each a counted candidate carrying a reason
ok   a-suite-file-carrying-no-metadata-block-is-declined-and-not-refused: declined: a source file carrying no metadata block, which is a harness or fixture file rather than a test
ok   the-two-ingested-expectation-spellings-parse-back-to-themselves: `refused-as-early-error SyntaxError`, `completes`
ok   a-comment-written-with-two-hashes-does-not-end-a-section: 3 of 3 proposals survived two `##` comments; 1 standard, 1 test-harness, 0 complaint(s)
ok   a-feature-list-that-cannot-be-read-is-refused-rather-than-emptied: 4 of 4 malformed lists were refused - a missing heading, an empty section, one name under two headings, a name under none - and the refused one handed back 0 proposals rather than the one it had already read
ok   a-trailing-comment-is-not-part-of-a-feature-name: `a-proposal  # .` declares `a-proposal`
ok   a-test-claiming-a-proposal-is-not-scored-and-one-claiming-the-language-is: excluded 2 of 4 - a test claiming a proposal alongside a published construct is still about the proposal - and kept [about-the-language.js, about-nothing.js]
ok   an-empty-exclusion-set-excludes-nothing: with nothing declared a proposal, 2 of 2 tests are selected and 0 excluded
ok   the-feature-filter-cannot-opt-back-into-an-excluded-test: asking for `a-proposal` by name selected 0 tests, and a test the scope filter would also have removed is counted at the exclusion (1) rather than at the filter (0)
ok   the-test262-partition-is-exhaustive-and-disjoint: 500 files, each in exactly one shard at 1, 2, 3, 4, 7, 16 and 64 shards
ok   a-shard-argument-is-read-or-refused-and-never-defaulted: `3/8` reads; no --shard is the whole selection; `3`, `a/b`, `4/4` and `-1/4` are refused
ok   a-merge-of-every-shard-equals-an-unsharded-run-over-the-same-list: four shards of 120 files merge to test262 120 files, 240 variants: pass 160, fail 13, unsupported 34, exhausted 22, skipped 11, with 3 families and 2 dimensions identical to the unsharded run
ok   removing-a-test262-shard-report-produces-incomplete-coverage: three of four shards report incomplete coverage and a coverage field that says partial, not a whole run of a smaller suite
ok   shards-taken-under-two-manifests-or-two-admitted-sets-are-not-one-run: a merge of two manifests and a merge of two declined sets are both refused rather than added
ok   the-family-table-names-a-family-the-run-met-and-omits-one-it-did-not: 3 families, most-met first: a class declaration, a call with more than 255 arguments, a generator function
ok   an-exhaustion-is-counted-apart-from-a-failure-and-names-its-dimension: one failure and one exhaustion, and the exhausted variant is named with `WallClock`
ok   a-sharded-limited-or-narrowed-run-says-so-where-a-rule-can-see-it: 3 of 3 partial runs render `coverage|partial`, and the whole one renders `coverage|whole`
ok   a-test262-report-round-trips-and-a-forged-coverage-claim-is-refused: 6 results survived the trip; a report edited to claim it was whole is refused rather than believed
ok   a-test262-report-of-an-earlier-format-is-recognised-as-one-and-then-refused: a version-1 report is recognised as this kind and refused by version: C:\Users\proof\AppData\Local\Temp\broiler-js-conformance-test262-earlier.txt was written by `# broiler-js-conformance test262 report 1` and this build reads `# broiler-js-conformance test262 report 2`; a report of an earlier version is refused rather than read under the current one
ok   the-failure-classification-files-every-failing-variant-exactly-once: 4 kind and 4 area taggings over 4 failures, 2 areas, and a verdict naming no kind is filed under `(no kind was named)` rather than dropped
ok   a-declared-feature-is-a-tag-and-not-a-partition-of-the-failures: three failures declare three taggings over two of them, so the feature column does not sum to the failed total and the report states how many variants it covers
ok   the-json-report-parses-and-its-members-are-the-schema-s-in-order: 18 members rendered, 18 promised by the schema, and 2 failure record(s) against a failed total of 2
ok   a-whole-run-floor-holds-and-catches-a-fall-in-passes-and-a-rise-in-failures: the run that set the floor holds it; fewer passes and more failures each regress
ok   a-whole-run-floor-re-bases-across-a-revision-or-a-manifest-and-retains-the-old-rows: a moved revision and a changed manifest both re-base rather than compare, the retired rows stay in the file, and the file round-trips
ok   a-run-taken-without-a-retained-pin-may-not-be-retained-and-may-not-set-a-floor: an unpinned run and a single shard are both refused a floor, and the JSON document says `retainable: false` with the reason
ok   a-native-run-naming-no-manifest-is-taken-under-the-wide-manifest-with-the-harness-loaded: --form native with no --manifest reads as: manifest broiler.javascript.wide at format version 2; harness loaded; admitted surfaces broiler.javascript.binary, broiler.javascript.dynamic, broiler.javascript.modules, broiler.javascript.native; declined (none); form native (x86-64-sysv)
ok   a-native-run-naming-the-slice-manifest-is-refused-before-it-scores-anything: refused: the native output form is admitted by broiler.javascript.wide and broiler.javascript.numeric, and this run names `broiler.javascript.slice`
ok   a-test262-report-of-the-native-form-round-trips-its-form-row: a native report writes and reads back `form|native|x86-64-sysv`, and a bytecode report writes no form row
ok   a-whole-run-floor-re-bases-across-an-output-form-and-holds-within-one: a bytecode floor re-bases onto a native run and back, a native floor re-bases onto another backend and holds its own run, and the form line round-trips
ok   a-control-that-refuses-as-the-language-does.js#strict: expected Passed/NeverSettled, got Passed/NeverSettled
ok   a-control-that-runs-and-does-not-throw.js: expected Passed/Completed, got Passed/Completed
ok   a-declared-refusal-that-does-not-happen.js#strict: expected Failed/Completed, got Failed/Completed - declared `refused-as-early-error SyntaxError` and answered `completion 3`
ok   a-file-whose-two-strictness-readings-disagree.js#sloppy: expected Failed/Completed, got Failed/Completed - declared `refused-as-early-error SyntaxError` and answered `completion undefined`
ok   a-file-whose-two-strictness-readings-disagree.js#strict: expected Passed/NeverSettled, got Passed/NeverSettled
ok   a-positive-whose-body-the-manifest-declines.js: expected Skipped/NeverSettled, got Skipped/NeverSettled - not scored - ConstructOutsideManifest: the source is JavaScript and this manifest declines the construct, so the refusal answers a different question from the one the test asked
ok   a-refusal-the-manifest-made-and-not-the-language.js#strict: expected Skipped/NeverSettled, got Skipped/NeverSettled - not scored - ConstructOutsideManifest: the source is JavaScript and this manifest declines the construct, so the refusal answers a different question from the one the test asked
ok   a-refusal-this-profile-makes-earlier-than-the-language.js#sloppy: expected Skipped/NeverSettled, got Skipped/NeverSettled - not scored - UnresolvableIdentifier: this profile answers where the language answers differently or later, which is a recorded divergence and not a conformance answer
broiler-js-conformance: 8 self-check fixtures reported the verdict they declared
broiler-js-conformance: features.txt declares 3 proposed, 3 standard and 1 test-harness features; a test claiming a proposed one is not scored
ok   scored/a-body-inside-the-manifest.js: completion 42
ok   scored/a-standard-feature-is-scored-like-any-other.js: completion 6
ok   scored/an-early-error-in-both-strictnesses.js#strict: refused-by-source IllegalBreak
ok   scored/an-early-error-in-both-strictnesses.js#sloppy: refused-by-source IllegalBreak
ok   scored/an-early-error-in-module-goal.js: refused-by-source DuplicateLexicalDeclaration
edition ECMA-262 ES2026 (tc39/ecma262@0248456c758431e4bb8e5d26333ff1865123c9cd, spec.html sha256 ce7bc30174061fd8d212270b81cf6511661180c1e174f6911d10ced0581527b0) - archived at src/Broiler.VM.Profile.JavaScript/docs/specification/ecma-262-es2026-spec.html
suite broiler.javascript.slice.ingest-shape@56c9c2dd92ac87be4bb31fec670c886e31b7e5483b4a4db71b65fd04275ecc61; shard all of 1
selection candidates=17 knownIncorrect=0 outOfScope=0 featureExcluded=4 featureFiltered=0 negativeWithheld=0 unselectable=8 selected=5 sharded=5
mode Script: selected=4 executed=4 passed=4 failed=0 skipped=0 timedOut=0
mode Module: selected=1 executed=1 passed=1 failed=0 skipped=0 timedOut=0
mode Raw: selected=0 executed=0 passed=0 failed=0 skipped=0 timedOut=0


[conformance] catalog tables identical across modes: True

[cli/jit] publish exit 0
dotnet publish src\compositions\Broiler.VM.Composition.JavaScript.Cli\Broiler.VM.Composition.JavaScript.Cli.csproj -c Release --nologo -p:TreatWarningsAsErrors=true -o D:\Broiler.VM\artifacts\js-publish\cli\jit -r win-x64 --self-contained false -p:PublishTrimmed=false
  Wiederherzustellende Projekte werden ermittelt...
  "D:\Broiler.VM\src\Broiler.VM.Runtime\Broiler.VM.Runtime.csproj" wiederhergestellt (in 137 ms.).
  "D:\Broiler.VM\src\Broiler.VM.Binary\Broiler.VM.Binary.csproj" wiederhergestellt (in 126 ms.).
  "D:\Broiler.VM\src\Broiler.VM.Abstractions\Broiler.VM.Abstractions.csproj" wiederhergestellt (in 126 ms.).
  "D:\Broiler.VM\src\Broiler.VM.Profile.JavaScript\Broiler.VM.Profile.JavaScript.csproj" wiederhergestellt (in 137 ms.).
  "D:\Broiler.VM\src\Broiler.VM.Profile.JavaScript.Compiler\Broiler.VM.Profile.JavaScript.Compiler.csproj" wiederhergestellt (in 137 ms.).
  "D:\Broiler.VM\src\Broiler.VM.Profile.JavaScript.Format\Broiler.VM.Profile.JavaScript.Format.csproj" wiederhergestellt (in 126 ms.).
  "D:\Broiler.VM\src\compositions\Broiler.VM.Composition.JavaScript.Cli\Broiler.VM.Composition.JavaScript.Cli.csproj" wiederhergestellt (in 228 ms.).
  Broiler.VM.Binary -> D:\Broiler.VM\src\Broiler.VM.Binary\bin\Release\net10.0\Broiler.VM.Binary.dll
  Broiler.VM.Abstractions -> D:\Broiler.VM\src\Broiler.VM.Abstractions\bin\Release\net10.0\Broiler.VM.Abstractions.dll
  Broiler.VM.Profile.JavaScript.Format -> D:\Broiler.VM\src\Broiler.VM.Profile.JavaScript.Format\bin\Release\net10.0\Broiler.VM.Profile.JavaScript.Format.dll
  Broiler.VM.Runtime -> D:\Broiler.VM\src\Broiler.VM.Runtime\bin\Release\net10.0\Broiler.VM.Runtime.dll
  Broiler.VM.Profile.JavaScript.Compiler -> D:\Broiler.VM\src\Broiler.VM.Profile.JavaScript.Compiler\bin\Release\net10.0\Broiler.VM.Profile.JavaScript.Compiler.dll
  Broiler.VM.Profile.JavaScript -> D:\Broiler.VM\src\Broiler.VM.Profile.JavaScript\bin\Release\net10.0\Broiler.VM.Profile.JavaScript.dll
  Broiler.VM.Composition.JavaScript.Cli -> D:\Broiler.VM\src\compositions\Broiler.VM.Composition.JavaScript.Cli\bin\Release\net10.0\win-x64\Broiler.VM.Composition.JavaScript.Cli.dll
  Broiler.VM.Composition.JavaScript.Cli -> D:\Broiler.VM\artifacts\js-publish\cli\jit\


[cli/jit] --closure exit 0
# broiler-vm-composition core-contract-version=1
composition Broiler.VM.Composition.JavaScript.Cli
label narrow-runtime-compiler
carries-lowering yes
profiles 1
profile broiler.javascript Broiler.VM.Profile.JavaScript 1 4
manifest broiler.javascript.slice broiler.javascript.wide broiler.javascript.numeric
format-versions 1 2
lowering Broiler.VM.Profile.JavaScript.Compiler


[cli/jit/runs] run exit 0
ok       D:/Broiler.VM/src/tests/cli/runs/a-base-constructor-builds-from-new-target.js  Derived true true derived
ok       D:/Broiler.VM/src/tests/cli/runs/a-boolean.js  true
the dispatcher true no receiver true false the object no receiver
ok       D:/Broiler.VM/src/tests/cli/runs/a-call-through-a-with-gets-the-object.js  undefined
ok       D:/Broiler.VM/src/tests/cli/runs/a-class-body-is-strict-code.js  undefined TypeError
ok       D:/Broiler.VM/src/tests/cli/runs/a-class-expression-binds-its-own-name.js  true Inner Anonymous undefined
ok       D:/Broiler.VM/src/tests/cli/runs/a-class-field-defines-rather-than-assigns.js  setter:2/1 / 1 undefined / through the getter 2 / true false
ok       D:/Broiler.VM/src/tests/cli/runs/a-class-field-runs-per-instance.js  key:a key:b init:a ctor init:a ctor / 3 undefined Counted / a,bare,b / false / truetruetrue
ok       D:/Broiler.VM/src/tests/cli/runs/a-class-in-a-parameter-default.js  default/named
ok       D:/Broiler.VM/src/tests/cli/runs/a-class-member-is-not-enumerable.js  own falsetruetrue false falsefalsefalse
ok       D:/Broiler.VM/src/tests/cli/runs/a-class-static-block.js  key:first key:second field:first block:this-is-the-class:true field:second block:sees:4 / 3 4 5 / length,name,prototype,first,fromBlock,second
ok       D:/Broiler.VM/src/tests/cli/runs/a-class-with-methods-and-accessors.js  250
ok       D:/Broiler.VM/src/tests/cli/runs/a-closure-in-a-for-of-body.js  1,2,3
ok       D:/Broiler.VM/src/tests/cli/runs/a-delegation-that-forwards-a-throw.js  inner caught BANG / outer got inner-return / TypeError
ok       D:/Broiler.VM/src/tests/cli/runs/a-destructuring-assignment.js  2 1 7 8 {"b":9}
ok       D:/Broiler.VM/src/tests/cli/runs/a-destructuring-catch-parameter.js  TypeError/true 3
ok       D:/Broiler.VM/src/tests/cli/runs/a-destructuring-declaration.js  1 2 5 {"c":3,"d":4} 10 9 0
ok       D:/Broiler.VM/src/tests/cli/runs/a-destructuring-parameter.js  n:2:0,0 n:5:1,2 1
ok       D:/Broiler.VM/src/tests/cli/runs/a-finally-that-yields-defers-the-return.js  one from the finaliser/false asked/true undefined/true
1,2;3,4;5,6;14,16
ok       D:/Broiler.VM/src/tests/cli/runs/a-for-await-in-an-async-function.js  [object Promise]
g1,g2;p1,p2,p3;t1,t2
ok       D:/Broiler.VM/src/tests/cli/runs/a-for-await-over-the-three-kinds-of-source.js  [object Promise]
ok       D:/Broiler.VM/src/tests/cli/runs/a-for-of-over-the-iteration-protocol.js  a1,b2,x,y
ok       D:/Broiler.VM/src/tests/cli/runs/a-for-of-that-closes-its-iterator.js  next,closed,next,closed,RangeError
ok       D:/Broiler.VM/src/tests/cli/runs/a-function-a-block-declares.js  2 first second switch try undefined aliased undefined clause undefined undefined undefined undefined
before,default,called,resumed
ok       D:/Broiler.VM/src/tests/cli/runs/a-generator-default-runs-at-the-call.js  undefined
10
ok       D:/Broiler.VM/src/tests/cli/runs/a-generator-in-a-for-of-source.js  undefined
ok       D:/Broiler.VM/src/tests/cli/runs/a-generator-member-of-a-class-body.js  11,13,15 / a,b / function function true / TypeError
11,13,15
ok       D:/Broiler.VM/src/tests/cli/runs/a-generator-method-of-an-object-literal.js  undefined
ok       D:/Broiler.VM/src/tests/cli/runs/a-generator-prototype-chain.js  true 0 true object constructor,next,return,throw [object Generator] true
ok       D:/Broiler.VM/src/tests/cli/runs/a-generator-that-is-already-running.js  TypeError then done=true
ok       D:/Broiler.VM/src/tests/cli/runs/a-generator-that-yields-twice.js  1,11,done,undefined,true
ok       D:/Broiler.VM/src/tests/cli/runs/a-loop-that-ends.js  45
ok       D:/Broiler.VM/src/tests/cli/runs/a-method-resolves-super-through-its-home-object.js  Upper Upper
ok       D:/Broiler.VM/src/tests/cli/runs/a-module-goal-program.js  3
ok       D:/Broiler.VM/src/tests/cli/runs/a-parameter-default.js  a-a- a+a+ a-z 1
third
number
3:2
captured
4
2
ok       D:/Broiler.VM/src/tests/cli/runs/a-parameter-named-arguments.js  parameter-named-arguments ok
ok       D:/Broiler.VM/src/tests/cli/runs/a-private-brand-is-per-class-evaluation.js  true false false / true false / 1 1 / TypeError TypeError TypeError
ok       D:/Broiler.VM/src/tests/cli/runs/a-private-method-and-accessor.js  95 205 206 / 2 true false / TypeError
ok       D:/Broiler.VM/src/tests/cli/runs/a-private-name-is-not-a-property.js  42 / visible visible 0 visible {"visible":1} visible visible visible
ok       D:/Broiler.VM/src/tests/cli/runs/a-product.js  42
ok       D:/Broiler.VM/src/tests/cli/runs/a-rest-parameter.js  1:0::true 1:2:2,3:true 1
ok       D:/Broiler.VM/src/tests/cli/runs/a-return-from-a-catch-inside-a-finally.js  caught/finalised
ok       D:/Broiler.VM/src/tests/cli/runs/a-return-that-runs-a-finally-across-a-yield.js  caught=0 finalised=1 value=forced done=true
ok       D:/Broiler.VM/src/tests/cli/runs/a-spread-element-and-argument.js  1,2,3 1/2/3 a,b 3
declared 3
ok       D:/Broiler.VM/src/tests/cli/runs/a-strict-script-with-a-function-declaration.js  undefined
ok       D:/Broiler.VM/src/tests/cli/runs/a-super-call-through-three-classes.js  base-middle-leaf Leaf>Base true
ok       D:/Broiler.VM/src/tests/cli/runs/a-suspension-a-parameter-list-still-admits.js  name:d 1 20/22 function 3
ok       D:/Broiler.VM/src/tests/cli/runs/a-template-literal-in-a-spread-argument.js  a-b-c 2
4:255,0,255,3
undefined:false
4:0,1,2,3
7
0,2,2,255
16909060:67305985:1
2:67305985
0:undefined:0:8
TypeError
undefined:undefined:undefined
ok       D:/Broiler.VM/src/tests/cli/runs/a-typed-array-over-a-buffer.js  typed-array-over-a-buffer ok
012 012 13 00010210 finally returned:3 inside/RangeError/undefined 02
ok       D:/Broiler.VM/src/tests/cli/runs/a-with-left-by-every-exit.js  undefined
from-the-prototype the object function string my own values function 3 outer on the object
ok       D:/Broiler.VM/src/tests/cli/runs/a-with-over-a-prototype-chain.js  undefined
the enclosing binding the property the enclosing binding first second outer:false inner:true at capture changed after the with ended the enclosing binding 2
ok       D:/Broiler.VM/src/tests/cli/runs/a-with-resolved-again-at-every-mention.js  undefined
written outer-before written-outside assigned/the variable on the prototype on the instance true set:7 false 3 100
ok       D:/Broiler.VM/src/tests/cli/runs/a-with-that-assigns-in-both-directions.js  undefined
hoisted/callable still the function's true false true on the prototype false/still here
ok       D:/Broiler.VM/src/tests/cli/runs/a-with-that-hoists-and-deletes.js  undefined
held-var held-let held-const outer-var outer-let outer-const held passed undefined undefined undefined
ok       D:/Broiler.VM/src/tests/cli/runs/a-with-that-shadows-and-does-not.js  undefined
3 b ABC 42.00 6 true 3 10-20-30 1 1,2,3 3 2 TypeError TypeError named 0 function
ok       D:/Broiler.VM/src/tests/cli/runs/a-with-whose-object-is-coerced.js  undefined
ok       D:/Broiler.VM/src/tests/cli/runs/an-array-literal-with-a-hole.js  3 false undefined 2
2:false:1
2:1
3:2
2:2:3:4
ok       D:/Broiler.VM/src/tests/cli/runs/an-array-literal-with-holes.js  array-literal-holes ok
ok       D:/Broiler.VM/src/tests/cli/runs/an-assignment-to-a-class-binding.js  TypeError function true
Base/derived/false plain
ok       D:/Broiler.VM/src/tests/cli/runs/an-async-arrow-closes-over-this.js  [object Promise]
from-the-default,from-the-array [object AsyncFunction]
ok       D:/Broiler.VM/src/tests/cli/runs/an-async-arrow-in-a-pattern-default.js  [object Promise]
ok       D:/Broiler.VM/src/tests/cli/runs/an-async-call-starts-its-body-and-a-generators-does-not.js  before,async-body,after
first:n1,inner-throw:E,recovered:recovered:false,inner-return:R,ended:R:true,closed-before-told,missing:TypeError
ok       D:/Broiler.VM/src/tests/cli/runs/an-async-delegation-forwards-an-abrupt-resumption.js  [object Promise]
i1,i2,after:inner-done,s1,s2,after:sync-done,a1,a2
ok       D:/Broiler.VM/src/tests/cli/runs/an-async-delegation.js  [object Promise]
TypeError true 2 declared false true AsyncFunction [object AsyncFunction] [object AsyncFunction] member
ok       D:/Broiler.VM/src/tests/cli/runs/an-async-function-is-not-a-constructor.js  undefined
call-returned early:TypeError:before late:RangeError:after
ok       D:/Broiler.VM/src/tests/cli/runs/an-async-function-that-throws-before-its-first-await.js  [object Promise]
made,body,first:1:false,second:2:false,third:undefined:true
ok       D:/Broiler.VM/src/tests/cli/runs/an-async-generator-function.js  [object Promise]
field;block
ok       D:/Broiler.VM/src/tests/cli/runs/an-async-generator-in-a-class-field-initialiser.js  [object Promise]
base,instance;static
ok       D:/Broiler.VM/src/tests/cli/runs/an-async-generator-method-of-a-class-body.js  [object Promise]
7,8;keyed
ok       D:/Broiler.VM/src/tests/cli/runs/an-async-generator-method-of-an-object-literal.js  [object Promise]
[object AsyncGeneratorFunction];[object AsyncGenerator];true;[object AsyncGenerator];true;function;true;constructor+next+return+throw;true;AsyncGeneratorFunction;true;false;true
ok       D:/Broiler.VM/src/tests/cli/runs/an-async-generator-prototype-chain.js  undefined
first:1,awaited,finalised,returned:R:true,after:undefined:true,throw:rejected:early,finalised,inside:rejected:inside
ok       D:/Broiler.VM/src/tests/cli/runs/an-async-generator-returned-and-thrown-into.js  [object Promise]
1,2;static
ok       D:/Broiler.VM/src/tests/cli/runs/an-async-generator-with-a-private-name.js  [object Promise]
all-four-called,sent:b,awaited:w,1:false,2:false,done:true,undefined:true
ok       D:/Broiler.VM/src/tests/cli/runs/an-async-generators-request-queue.js  [object Promise]
break:closed,break:after,labelled:closed,labelled:after,return:closed,return:returned,throw:closed,throw:caught:boom,continue:closed,continue:seen:3
ok       D:/Broiler.VM/src/tests/cli/runs/an-async-iterator-closed-by-every-abrupt-exit.js  [object Promise]
Base/tag/m
ok       D:/Broiler.VM/src/tests/cli/runs/an-async-method-resolves-this-and-super.js  [object Promise]
try,finally-in,finally-out,settled:from-try b
ok       D:/Broiler.VM/src/tests/cli/runs/an-await-inside-a-finally-defers-the-return.js  [object Promise]
a1,t1,a2,t2
ok       D:/Broiler.VM/src/tests/cli/runs/an-await-of-a-plain-value-still-yields-to-the-queue.js  [object Promise]
ok:0,f0,ok:1,f1,caught:bad,f2,ok:3,f3
ok       D:/Broiler.VM/src/tests/cli/runs/an-await-of-a-rejection-reaches-the-bodys-own-catch.js  [object Promise]
then-entered,1,then-resumed,2,got:value,3,4,5
ok       D:/Broiler.VM/src/tests/cli/runs/an-await-of-a-thenable-costs-a-second-turn.js  [object Promise]
3
42
42
5:2:function
42
42:object
EvalError:true
undefined
ok       D:/Broiler.VM/src/tests/cli/runs/an-indirect-eval.js  indirect-eval ok
ok       D:/Broiler.VM/src/tests/cli/runs/an-object-spread.js  {"a":1,"b":3,"c":4} {}
the queue ran after it
and kept running
ok       D:/Broiler.VM/src/tests/cli/runs/an-unhandled-rejection-does-not-stop-the-drain.js  [object Promise]
ok       D:/Broiler.VM/src/tests/cli/runs/the-declarations-a-clause-still-admits.js  consequent/alternate/label/an ordinary name
ok       D:/Broiler.VM/src/tests/cli/runs/the-keys-an-object-literal-still-admits.js  set:12 1 2 4 5 6 7 8 function function function 11 from-the-prototype from-the-prototype private-field/private-method/private-static
ok       D:/Broiler.VM/src/tests/cli/runs/the-names-an-escape-may-still-spell.js  1/2/3/4
ok       D:/Broiler.VM/src/tests/cli/runs/the-names-one-scope-may-hold-twice.js  1/a/b/second/reached/inner/shadow/last-wins/one-scope
ok       D:/Broiler.VM/src/tests/cli/runs/the-patterns-a-rest-and-a-shorthand-still-admit.js  1:2/3 4:{"q":5,"r":6} 2:9 7/8 10:11:12 13:14 15:16 17/18
ok       D:/Broiler.VM/src/tests/cli/runs/two-parameters-with-one-name.js  2/undefined/2
# 88 files
# Completed: 88


[cli/trimmed] publish exit 0
dotnet publish src\compositions\Broiler.VM.Composition.JavaScript.Cli\Broiler.VM.Composition.JavaScript.Cli.csproj -c Release --nologo -p:TreatWarningsAsErrors=true -o D:\Broiler.VM\artifacts\js-publish\cli\trimmed -r win-x64 --self-contained true
  Wiederherzustellende Projekte werden ermittelt...
  "D:\Broiler.VM\src\Broiler.VM.Runtime\Broiler.VM.Runtime.csproj" wiederhergestellt (in 209 ms.).
  "D:\Broiler.VM\src\Broiler.VM.Profile.JavaScript.Compiler\Broiler.VM.Profile.JavaScript.Compiler.csproj" wiederhergestellt (in 209 ms.).
  "D:\Broiler.VM\src\Broiler.VM.Profile.JavaScript.Format\Broiler.VM.Profile.JavaScript.Format.csproj" wiederhergestellt (in 202 ms.).
  "D:\Broiler.VM\src\Broiler.VM.Profile.JavaScript\Broiler.VM.Profile.JavaScript.csproj" wiederhergestellt (in 209 ms.).
  "D:\Broiler.VM\src\Broiler.VM.Binary\Broiler.VM.Binary.csproj" wiederhergestellt (in 202 ms.).
  "D:\Broiler.VM\src\Broiler.VM.Abstractions\Broiler.VM.Abstractions.csproj" wiederhergestellt (in 202 ms.).
  "D:\Broiler.VM\src\compositions\Broiler.VM.Composition.JavaScript.Cli\Broiler.VM.Composition.JavaScript.Cli.csproj" wiederhergestellt (in 211 ms.).
  Broiler.VM.Profile.JavaScript.Format -> D:\Broiler.VM\src\Broiler.VM.Profile.JavaScript.Format\bin\Release\net10.0\Broiler.VM.Profile.JavaScript.Format.dll
  Broiler.VM.Abstractions -> D:\Broiler.VM\src\Broiler.VM.Abstractions\bin\Release\net10.0\Broiler.VM.Abstractions.dll
  Broiler.VM.Binary -> D:\Broiler.VM\src\Broiler.VM.Binary\bin\Release\net10.0\Broiler.VM.Binary.dll
  Broiler.VM.Profile.JavaScript -> D:\Broiler.VM\src\Broiler.VM.Profile.JavaScript\bin\Release\net10.0\Broiler.VM.Profile.JavaScript.dll
  Broiler.VM.Runtime -> D:\Broiler.VM\src\Broiler.VM.Runtime\bin\Release\net10.0\Broiler.VM.Runtime.dll
  Broiler.VM.Profile.JavaScript.Compiler -> D:\Broiler.VM\src\Broiler.VM.Profile.JavaScript.Compiler\bin\Release\net10.0\Broiler.VM.Profile.JavaScript.Compiler.dll
  Broiler.VM.Composition.JavaScript.Cli -> D:\Broiler.VM\src\compositions\Broiler.VM.Composition.JavaScript.Cli\bin\Release\net10.0\win-x64\Broiler.VM.Composition.JavaScript.Cli.dll
  Assemblys werden für die Größe optimiert. Dieser Vorgang kann eine Weile dauern.
  Broiler.VM.Composition.JavaScript.Cli -> D:\Broiler.VM\artifacts\js-publish\cli\trimmed\


[cli/trimmed] --closure exit 0
# broiler-vm-composition core-contract-version=1
composition Broiler.VM.Composition.JavaScript.Cli
label narrow-runtime-compiler
carries-lowering yes
profiles 1
profile broiler.javascript Broiler.VM.Profile.JavaScript 1 4
manifest broiler.javascript.slice broiler.javascript.wide broiler.javascript.numeric
format-versions 1 2
lowering Broiler.VM.Profile.JavaScript.Compiler


[cli/trimmed/runs] run exit 0
ok       D:/Broiler.VM/src/tests/cli/runs/a-base-constructor-builds-from-new-target.js  Derived true true derived
ok       D:/Broiler.VM/src/tests/cli/runs/a-boolean.js  true
the dispatcher true no receiver true false the object no receiver
ok       D:/Broiler.VM/src/tests/cli/runs/a-call-through-a-with-gets-the-object.js  undefined
ok       D:/Broiler.VM/src/tests/cli/runs/a-class-body-is-strict-code.js  undefined TypeError
ok       D:/Broiler.VM/src/tests/cli/runs/a-class-expression-binds-its-own-name.js  true Inner Anonymous undefined
ok       D:/Broiler.VM/src/tests/cli/runs/a-class-field-defines-rather-than-assigns.js  setter:2/1 / 1 undefined / through the getter 2 / true false
ok       D:/Broiler.VM/src/tests/cli/runs/a-class-field-runs-per-instance.js  key:a key:b init:a ctor init:a ctor / 3 undefined Counted / a,bare,b / false / truetruetrue
ok       D:/Broiler.VM/src/tests/cli/runs/a-class-in-a-parameter-default.js  default/named
ok       D:/Broiler.VM/src/tests/cli/runs/a-class-member-is-not-enumerable.js  own falsetruetrue false falsefalsefalse
ok       D:/Broiler.VM/src/tests/cli/runs/a-class-static-block.js  key:first key:second field:first block:this-is-the-class:true field:second block:sees:4 / 3 4 5 / length,name,prototype,first,fromBlock,second
ok       D:/Broiler.VM/src/tests/cli/runs/a-class-with-methods-and-accessors.js  250
ok       D:/Broiler.VM/src/tests/cli/runs/a-closure-in-a-for-of-body.js  1,2,3
ok       D:/Broiler.VM/src/tests/cli/runs/a-delegation-that-forwards-a-throw.js  inner caught BANG / outer got inner-return / TypeError
ok       D:/Broiler.VM/src/tests/cli/runs/a-destructuring-assignment.js  2 1 7 8 {"b":9}
ok       D:/Broiler.VM/src/tests/cli/runs/a-destructuring-catch-parameter.js  TypeError/true 3
ok       D:/Broiler.VM/src/tests/cli/runs/a-destructuring-declaration.js  1 2 5 {"c":3,"d":4} 10 9 0
ok       D:/Broiler.VM/src/tests/cli/runs/a-destructuring-parameter.js  n:2:0,0 n:5:1,2 1
ok       D:/Broiler.VM/src/tests/cli/runs/a-finally-that-yields-defers-the-return.js  one from the finaliser/false asked/true undefined/true
1,2;3,4;5,6;14,16
ok       D:/Broiler.VM/src/tests/cli/runs/a-for-await-in-an-async-function.js  [object Promise]
g1,g2;p1,p2,p3;t1,t2
ok       D:/Broiler.VM/src/tests/cli/runs/a-for-await-over-the-three-kinds-of-source.js  [object Promise]
ok       D:/Broiler.VM/src/tests/cli/runs/a-for-of-over-the-iteration-protocol.js  a1,b2,x,y
ok       D:/Broiler.VM/src/tests/cli/runs/a-for-of-that-closes-its-iterator.js  next,closed,next,closed,RangeError
ok       D:/Broiler.VM/src/tests/cli/runs/a-function-a-block-declares.js  2 first second switch try undefined aliased undefined clause undefined undefined undefined undefined
before,default,called,resumed
ok       D:/Broiler.VM/src/tests/cli/runs/a-generator-default-runs-at-the-call.js  undefined
10
ok       D:/Broiler.VM/src/tests/cli/runs/a-generator-in-a-for-of-source.js  undefined
ok       D:/Broiler.VM/src/tests/cli/runs/a-generator-member-of-a-class-body.js  11,13,15 / a,b / function function true / TypeError
11,13,15
ok       D:/Broiler.VM/src/tests/cli/runs/a-generator-method-of-an-object-literal.js  undefined
ok       D:/Broiler.VM/src/tests/cli/runs/a-generator-prototype-chain.js  true 0 true object constructor,next,return,throw [object Generator] true
ok       D:/Broiler.VM/src/tests/cli/runs/a-generator-that-is-already-running.js  TypeError then done=true
ok       D:/Broiler.VM/src/tests/cli/runs/a-generator-that-yields-twice.js  1,11,done,undefined,true
ok       D:/Broiler.VM/src/tests/cli/runs/a-loop-that-ends.js  45
ok       D:/Broiler.VM/src/tests/cli/runs/a-method-resolves-super-through-its-home-object.js  Upper Upper
ok       D:/Broiler.VM/src/tests/cli/runs/a-module-goal-program.js  3
ok       D:/Broiler.VM/src/tests/cli/runs/a-parameter-default.js  a-a- a+a+ a-z 1
third
number
3:2
captured
4
2
ok       D:/Broiler.VM/src/tests/cli/runs/a-parameter-named-arguments.js  parameter-named-arguments ok
ok       D:/Broiler.VM/src/tests/cli/runs/a-private-brand-is-per-class-evaluation.js  true false false / true false / 1 1 / TypeError TypeError TypeError
ok       D:/Broiler.VM/src/tests/cli/runs/a-private-method-and-accessor.js  95 205 206 / 2 true false / TypeError
ok       D:/Broiler.VM/src/tests/cli/runs/a-private-name-is-not-a-property.js  42 / visible visible 0 visible {"visible":1} visible visible visible
ok       D:/Broiler.VM/src/tests/cli/runs/a-product.js  42
ok       D:/Broiler.VM/src/tests/cli/runs/a-rest-parameter.js  1:0::true 1:2:2,3:true 1
ok       D:/Broiler.VM/src/tests/cli/runs/a-return-from-a-catch-inside-a-finally.js  caught/finalised
ok       D:/Broiler.VM/src/tests/cli/runs/a-return-that-runs-a-finally-across-a-yield.js  caught=0 finalised=1 value=forced done=true
ok       D:/Broiler.VM/src/tests/cli/runs/a-spread-element-and-argument.js  1,2,3 1/2/3 a,b 3
declared 3
ok       D:/Broiler.VM/src/tests/cli/runs/a-strict-script-with-a-function-declaration.js  undefined
ok       D:/Broiler.VM/src/tests/cli/runs/a-super-call-through-three-classes.js  base-middle-leaf Leaf>Base true
ok       D:/Broiler.VM/src/tests/cli/runs/a-suspension-a-parameter-list-still-admits.js  name:d 1 20/22 function 3
ok       D:/Broiler.VM/src/tests/cli/runs/a-template-literal-in-a-spread-argument.js  a-b-c 2
4:255,0,255,3
undefined:false
4:0,1,2,3
7
0,2,2,255
16909060:67305985:1
2:67305985
0:undefined:0:8
TypeError
undefined:undefined:undefined
ok       D:/Broiler.VM/src/tests/cli/runs/a-typed-array-over-a-buffer.js  typed-array-over-a-buffer ok
012 012 13 00010210 finally returned:3 inside/RangeError/undefined 02
ok       D:/Broiler.VM/src/tests/cli/runs/a-with-left-by-every-exit.js  undefined
from-the-prototype the object function string my own values function 3 outer on the object
ok       D:/Broiler.VM/src/tests/cli/runs/a-with-over-a-prototype-chain.js  undefined
the enclosing binding the property the enclosing binding first second outer:false inner:true at capture changed after the with ended the enclosing binding 2
ok       D:/Broiler.VM/src/tests/cli/runs/a-with-resolved-again-at-every-mention.js  undefined
written outer-before written-outside assigned/the variable on the prototype on the instance true set:7 false 3 100
ok       D:/Broiler.VM/src/tests/cli/runs/a-with-that-assigns-in-both-directions.js  undefined
hoisted/callable still the function's true false true on the prototype false/still here
ok       D:/Broiler.VM/src/tests/cli/runs/a-with-that-hoists-and-deletes.js  undefined
held-var held-let held-const outer-var outer-let outer-const held passed undefined undefined undefined
ok       D:/Broiler.VM/src/tests/cli/runs/a-with-that-shadows-and-does-not.js  undefined
3 b ABC 42.00 6 true 3 10-20-30 1 1,2,3 3 2 TypeError TypeError named 0 function
ok       D:/Broiler.VM/src/tests/cli/runs/a-with-whose-object-is-coerced.js  undefined
ok       D:/Broiler.VM/src/tests/cli/runs/an-array-literal-with-a-hole.js  3 false undefined 2
2:false:1
2:1
3:2
2:2:3:4
ok       D:/Broiler.VM/src/tests/cli/runs/an-array-literal-with-holes.js  array-literal-holes ok
ok       D:/Broiler.VM/src/tests/cli/runs/an-assignment-to-a-class-binding.js  TypeError function true
Base/derived/false plain
ok       D:/Broiler.VM/src/tests/cli/runs/an-async-arrow-closes-over-this.js  [object Promise]
from-the-default,from-the-array [object AsyncFunction]
ok       D:/Broiler.VM/src/tests/cli/runs/an-async-arrow-in-a-pattern-default.js  [object Promise]
ok       D:/Broiler.VM/src/tests/cli/runs/an-async-call-starts-its-body-and-a-generators-does-not.js  before,async-body,after
first:n1,inner-throw:E,recovered:recovered:false,inner-return:R,ended:R:true,closed-before-told,missing:TypeError
ok       D:/Broiler.VM/src/tests/cli/runs/an-async-delegation-forwards-an-abrupt-resumption.js  [object Promise]
i1,i2,after:inner-done,s1,s2,after:sync-done,a1,a2
ok       D:/Broiler.VM/src/tests/cli/runs/an-async-delegation.js  [object Promise]
TypeError true 2 declared false true AsyncFunction [object AsyncFunction] [object AsyncFunction] member
ok       D:/Broiler.VM/src/tests/cli/runs/an-async-function-is-not-a-constructor.js  undefined
call-returned early:TypeError:before late:RangeError:after
ok       D:/Broiler.VM/src/tests/cli/runs/an-async-function-that-throws-before-its-first-await.js  [object Promise]
made,body,first:1:false,second:2:false,third:undefined:true
ok       D:/Broiler.VM/src/tests/cli/runs/an-async-generator-function.js  [object Promise]
field;block
ok       D:/Broiler.VM/src/tests/cli/runs/an-async-generator-in-a-class-field-initialiser.js  [object Promise]
base,instance;static
ok       D:/Broiler.VM/src/tests/cli/runs/an-async-generator-method-of-a-class-body.js  [object Promise]
7,8;keyed
ok       D:/Broiler.VM/src/tests/cli/runs/an-async-generator-method-of-an-object-literal.js  [object Promise]
[object AsyncGeneratorFunction];[object AsyncGenerator];true;[object AsyncGenerator];true;function;true;constructor+next+return+throw;true;AsyncGeneratorFunction;true;false;true
ok       D:/Broiler.VM/src/tests/cli/runs/an-async-generator-prototype-chain.js  undefined
first:1,awaited,finalised,returned:R:true,after:undefined:true,throw:rejected:early,finalised,inside:rejected:inside
ok       D:/Broiler.VM/src/tests/cli/runs/an-async-generator-returned-and-thrown-into.js  [object Promise]
1,2;static
ok       D:/Broiler.VM/src/tests/cli/runs/an-async-generator-with-a-private-name.js  [object Promise]
all-four-called,sent:b,awaited:w,1:false,2:false,done:true,undefined:true
ok       D:/Broiler.VM/src/tests/cli/runs/an-async-generators-request-queue.js  [object Promise]
break:closed,break:after,labelled:closed,labelled:after,return:closed,return:returned,throw:closed,throw:caught:boom,continue:closed,continue:seen:3
ok       D:/Broiler.VM/src/tests/cli/runs/an-async-iterator-closed-by-every-abrupt-exit.js  [object Promise]
Base/tag/m
ok       D:/Broiler.VM/src/tests/cli/runs/an-async-method-resolves-this-and-super.js  [object Promise]
try,finally-in,finally-out,settled:from-try b
ok       D:/Broiler.VM/src/tests/cli/runs/an-await-inside-a-finally-defers-the-return.js  [object Promise]
a1,t1,a2,t2
ok       D:/Broiler.VM/src/tests/cli/runs/an-await-of-a-plain-value-still-yields-to-the-queue.js  [object Promise]
ok:0,f0,ok:1,f1,caught:bad,f2,ok:3,f3
ok       D:/Broiler.VM/src/tests/cli/runs/an-await-of-a-rejection-reaches-the-bodys-own-catch.js  [object Promise]
then-entered,1,then-resumed,2,got:value,3,4,5
ok       D:/Broiler.VM/src/tests/cli/runs/an-await-of-a-thenable-costs-a-second-turn.js  [object Promise]
3
42
42
5:2:function
42
42:object
EvalError:true
undefined
ok       D:/Broiler.VM/src/tests/cli/runs/an-indirect-eval.js  indirect-eval ok
ok       D:/Broiler.VM/src/tests/cli/runs/an-object-spread.js  {"a":1,"b":3,"c":4} {}
the queue ran after it
and kept running
ok       D:/Broiler.VM/src/tests/cli/runs/an-unhandled-rejection-does-not-stop-the-drain.js  [object Promise]
ok       D:/Broiler.VM/src/tests/cli/runs/the-declarations-a-clause-still-admits.js  consequent/alternate/label/an ordinary name
ok       D:/Broiler.VM/src/tests/cli/runs/the-keys-an-object-literal-still-admits.js  set:12 1 2 4 5 6 7 8 function function function 11 from-the-prototype from-the-prototype private-field/private-method/private-static
ok       D:/Broiler.VM/src/tests/cli/runs/the-names-an-escape-may-still-spell.js  1/2/3/4
ok       D:/Broiler.VM/src/tests/cli/runs/the-names-one-scope-may-hold-twice.js  1/a/b/second/reached/inner/shadow/last-wins/one-scope
ok       D:/Broiler.VM/src/tests/cli/runs/the-patterns-a-rest-and-a-shorthand-still-admit.js  1:2/3 4:{"q":5,"r":6} 2:9 7/8 10:11:12 13:14 15:16 17/18
ok       D:/Broiler.VM/src/tests/cli/runs/two-parameters-with-one-name.js  2/undefined/2
# 88 files
# Completed: 88


[cli/aot] publish exit 0
dotnet publish src\compositions\Broiler.VM.Composition.JavaScript.Cli\Broiler.VM.Composition.JavaScript.Cli.csproj -c Release --nologo -p:TreatWarningsAsErrors=true -o D:\Broiler.VM\artifacts\js-publish\cli\aot -r win-x64 -p:PublishAot=true
  Wiederherzustellende Projekte werden ermittelt...
  "D:\Broiler.VM\src\Broiler.VM.Profile.JavaScript.Compiler\Broiler.VM.Profile.JavaScript.Compiler.csproj" wiederhergestellt (in 288 ms.).
  "D:\Broiler.VM\src\Broiler.VM.Abstractions\Broiler.VM.Abstractions.csproj" wiederhergestellt (in 288 ms.).
  "D:\Broiler.VM\src\compositions\Broiler.VM.Composition.JavaScript.Cli\Broiler.VM.Composition.JavaScript.Cli.csproj" wiederhergestellt (in 288 ms.).
  "D:\Broiler.VM\src\Broiler.VM.Binary\Broiler.VM.Binary.csproj" wiederhergestellt (in 288 ms.).
  "D:\Broiler.VM\src\Broiler.VM.Profile.JavaScript\Broiler.VM.Profile.JavaScript.csproj" wiederhergestellt (in 288 ms.).
  "D:\Broiler.VM\src\Broiler.VM.Runtime\Broiler.VM.Runtime.csproj" wiederhergestellt (in 288 ms.).
  "D:\Broiler.VM\src\Broiler.VM.Profile.JavaScript.Format\Broiler.VM.Profile.JavaScript.Format.csproj" wiederhergestellt (in 288 ms.).
  Broiler.VM.Binary -> D:\Broiler.VM\src\Broiler.VM.Binary\bin\Release\net10.0\Broiler.VM.Binary.dll
  Broiler.VM.Profile.JavaScript.Format -> D:\Broiler.VM\src\Broiler.VM.Profile.JavaScript.Format\bin\Release\net10.0\Broiler.VM.Profile.JavaScript.Format.dll
  Broiler.VM.Abstractions -> D:\Broiler.VM\src\Broiler.VM.Abstractions\bin\Release\net10.0\Broiler.VM.Abstractions.dll
  Broiler.VM.Runtime -> D:\Broiler.VM\src\Broiler.VM.Runtime\bin\Release\net10.0\Broiler.VM.Runtime.dll
  Broiler.VM.Profile.JavaScript.Compiler -> D:\Broiler.VM\src\Broiler.VM.Profile.JavaScript.Compiler\bin\Release\net10.0\Broiler.VM.Profile.JavaScript.Compiler.dll
  Broiler.VM.Profile.JavaScript -> D:\Broiler.VM\src\Broiler.VM.Profile.JavaScript\bin\Release\net10.0\Broiler.VM.Profile.JavaScript.dll
  Broiler.VM.Composition.JavaScript.Cli -> D:\Broiler.VM\src\compositions\Broiler.VM.Composition.JavaScript.Cli\bin\Release\net10.0\win-x64\Broiler.VM.Composition.JavaScript.Cli.dll
  Generating native code
  Broiler.VM.Composition.JavaScript.Cli -> D:\Broiler.VM\artifacts\js-publish\cli\aot\


[cli/aot] --closure exit 0
# broiler-vm-composition core-contract-version=1
composition Broiler.VM.Composition.JavaScript.Cli
label narrow-runtime-compiler
carries-lowering yes
profiles 1
profile broiler.javascript Broiler.VM.Profile.JavaScript 1 4
manifest broiler.javascript.slice broiler.javascript.wide broiler.javascript.numeric
format-versions 1 2
lowering Broiler.VM.Profile.JavaScript.Compiler


[cli/aot/runs] run exit 0
ok       D:/Broiler.VM/src/tests/cli/runs/a-base-constructor-builds-from-new-target.js  Derived true true derived
ok       D:/Broiler.VM/src/tests/cli/runs/a-boolean.js  true
the dispatcher true no receiver true false the object no receiver
ok       D:/Broiler.VM/src/tests/cli/runs/a-call-through-a-with-gets-the-object.js  undefined
ok       D:/Broiler.VM/src/tests/cli/runs/a-class-body-is-strict-code.js  undefined TypeError
ok       D:/Broiler.VM/src/tests/cli/runs/a-class-expression-binds-its-own-name.js  true Inner Anonymous undefined
ok       D:/Broiler.VM/src/tests/cli/runs/a-class-field-defines-rather-than-assigns.js  setter:2/1 / 1 undefined / through the getter 2 / true false
ok       D:/Broiler.VM/src/tests/cli/runs/a-class-field-runs-per-instance.js  key:a key:b init:a ctor init:a ctor / 3 undefined Counted / a,bare,b / false / truetruetrue
ok       D:/Broiler.VM/src/tests/cli/runs/a-class-in-a-parameter-default.js  default/named
ok       D:/Broiler.VM/src/tests/cli/runs/a-class-member-is-not-enumerable.js  own falsetruetrue false falsefalsefalse
ok       D:/Broiler.VM/src/tests/cli/runs/a-class-static-block.js  key:first key:second field:first block:this-is-the-class:true field:second block:sees:4 / 3 4 5 / length,name,prototype,first,fromBlock,second
ok       D:/Broiler.VM/src/tests/cli/runs/a-class-with-methods-and-accessors.js  250
ok       D:/Broiler.VM/src/tests/cli/runs/a-closure-in-a-for-of-body.js  1,2,3
ok       D:/Broiler.VM/src/tests/cli/runs/a-delegation-that-forwards-a-throw.js  inner caught BANG / outer got inner-return / TypeError
ok       D:/Broiler.VM/src/tests/cli/runs/a-destructuring-assignment.js  2 1 7 8 {"b":9}
ok       D:/Broiler.VM/src/tests/cli/runs/a-destructuring-catch-parameter.js  TypeError/true 3
ok       D:/Broiler.VM/src/tests/cli/runs/a-destructuring-declaration.js  1 2 5 {"c":3,"d":4} 10 9 0
ok       D:/Broiler.VM/src/tests/cli/runs/a-destructuring-parameter.js  n:2:0,0 n:5:1,2 1
ok       D:/Broiler.VM/src/tests/cli/runs/a-finally-that-yields-defers-the-return.js  one from the finaliser/false asked/true undefined/true
1,2;3,4;5,6;14,16
ok       D:/Broiler.VM/src/tests/cli/runs/a-for-await-in-an-async-function.js  [object Promise]
g1,g2;p1,p2,p3;t1,t2
ok       D:/Broiler.VM/src/tests/cli/runs/a-for-await-over-the-three-kinds-of-source.js  [object Promise]
ok       D:/Broiler.VM/src/tests/cli/runs/a-for-of-over-the-iteration-protocol.js  a1,b2,x,y
ok       D:/Broiler.VM/src/tests/cli/runs/a-for-of-that-closes-its-iterator.js  next,closed,next,closed,RangeError
ok       D:/Broiler.VM/src/tests/cli/runs/a-function-a-block-declares.js  2 first second switch try undefined aliased undefined clause undefined undefined undefined undefined
before,default,called,resumed
ok       D:/Broiler.VM/src/tests/cli/runs/a-generator-default-runs-at-the-call.js  undefined
10
ok       D:/Broiler.VM/src/tests/cli/runs/a-generator-in-a-for-of-source.js  undefined
ok       D:/Broiler.VM/src/tests/cli/runs/a-generator-member-of-a-class-body.js  11,13,15 / a,b / function function true / TypeError
11,13,15
ok       D:/Broiler.VM/src/tests/cli/runs/a-generator-method-of-an-object-literal.js  undefined
ok       D:/Broiler.VM/src/tests/cli/runs/a-generator-prototype-chain.js  true 0 true object constructor,next,return,throw [object Generator] true
ok       D:/Broiler.VM/src/tests/cli/runs/a-generator-that-is-already-running.js  TypeError then done=true
ok       D:/Broiler.VM/src/tests/cli/runs/a-generator-that-yields-twice.js  1,11,done,undefined,true
ok       D:/Broiler.VM/src/tests/cli/runs/a-loop-that-ends.js  45
ok       D:/Broiler.VM/src/tests/cli/runs/a-method-resolves-super-through-its-home-object.js  Upper Upper
ok       D:/Broiler.VM/src/tests/cli/runs/a-module-goal-program.js  3
ok       D:/Broiler.VM/src/tests/cli/runs/a-parameter-default.js  a-a- a+a+ a-z 1
third
number
3:2
captured
4
2
ok       D:/Broiler.VM/src/tests/cli/runs/a-parameter-named-arguments.js  parameter-named-arguments ok
ok       D:/Broiler.VM/src/tests/cli/runs/a-private-brand-is-per-class-evaluation.js  true false false / true false / 1 1 / TypeError TypeError TypeError
ok       D:/Broiler.VM/src/tests/cli/runs/a-private-method-and-accessor.js  95 205 206 / 2 true false / TypeError
ok       D:/Broiler.VM/src/tests/cli/runs/a-private-name-is-not-a-property.js  42 / visible visible 0 visible {"visible":1} visible visible visible
ok       D:/Broiler.VM/src/tests/cli/runs/a-product.js  42
ok       D:/Broiler.VM/src/tests/cli/runs/a-rest-parameter.js  1:0::true 1:2:2,3:true 1
ok       D:/Broiler.VM/src/tests/cli/runs/a-return-from-a-catch-inside-a-finally.js  caught/finalised
ok       D:/Broiler.VM/src/tests/cli/runs/a-return-that-runs-a-finally-across-a-yield.js  caught=0 finalised=1 value=forced done=true
ok       D:/Broiler.VM/src/tests/cli/runs/a-spread-element-and-argument.js  1,2,3 1/2/3 a,b 3
declared 3
ok       D:/Broiler.VM/src/tests/cli/runs/a-strict-script-with-a-function-declaration.js  undefined
ok       D:/Broiler.VM/src/tests/cli/runs/a-super-call-through-three-classes.js  base-middle-leaf Leaf>Base true
ok       D:/Broiler.VM/src/tests/cli/runs/a-suspension-a-parameter-list-still-admits.js  name:d 1 20/22 function 3
ok       D:/Broiler.VM/src/tests/cli/runs/a-template-literal-in-a-spread-argument.js  a-b-c 2
4:255,0,255,3
undefined:false
4:0,1,2,3
7
0,2,2,255
16909060:67305985:1
2:67305985
0:undefined:0:8
TypeError
undefined:undefined:undefined
ok       D:/Broiler.VM/src/tests/cli/runs/a-typed-array-over-a-buffer.js  typed-array-over-a-buffer ok
012 012 13 00010210 finally returned:3 inside/RangeError/undefined 02
ok       D:/Broiler.VM/src/tests/cli/runs/a-with-left-by-every-exit.js  undefined
from-the-prototype the object function string my own values function 3 outer on the object
ok       D:/Broiler.VM/src/tests/cli/runs/a-with-over-a-prototype-chain.js  undefined
the enclosing binding the property the enclosing binding first second outer:false inner:true at capture changed after the with ended the enclosing binding 2
ok       D:/Broiler.VM/src/tests/cli/runs/a-with-resolved-again-at-every-mention.js  undefined
written outer-before written-outside assigned/the variable on the prototype on the instance true set:7 false 3 100
ok       D:/Broiler.VM/src/tests/cli/runs/a-with-that-assigns-in-both-directions.js  undefined
hoisted/callable still the function's true false true on the prototype false/still here
ok       D:/Broiler.VM/src/tests/cli/runs/a-with-that-hoists-and-deletes.js  undefined
held-var held-let held-const outer-var outer-let outer-const held passed undefined undefined undefined
ok       D:/Broiler.VM/src/tests/cli/runs/a-with-that-shadows-and-does-not.js  undefined
3 b ABC 42.00 6 true 3 10-20-30 1 1,2,3 3 2 TypeError TypeError named 0 function
ok       D:/Broiler.VM/src/tests/cli/runs/a-with-whose-object-is-coerced.js  undefined
ok       D:/Broiler.VM/src/tests/cli/runs/an-array-literal-with-a-hole.js  3 false undefined 2
2:false:1
2:1
3:2
2:2:3:4
ok       D:/Broiler.VM/src/tests/cli/runs/an-array-literal-with-holes.js  array-literal-holes ok
ok       D:/Broiler.VM/src/tests/cli/runs/an-assignment-to-a-class-binding.js  TypeError function true
Base/derived/false plain
ok       D:/Broiler.VM/src/tests/cli/runs/an-async-arrow-closes-over-this.js  [object Promise]
from-the-default,from-the-array [object AsyncFunction]
ok       D:/Broiler.VM/src/tests/cli/runs/an-async-arrow-in-a-pattern-default.js  [object Promise]
ok       D:/Broiler.VM/src/tests/cli/runs/an-async-call-starts-its-body-and-a-generators-does-not.js  before,async-body,after
first:n1,inner-throw:E,recovered:recovered:false,inner-return:R,ended:R:true,closed-before-told,missing:TypeError
ok       D:/Broiler.VM/src/tests/cli/runs/an-async-delegation-forwards-an-abrupt-resumption.js  [object Promise]
i1,i2,after:inner-done,s1,s2,after:sync-done,a1,a2
ok       D:/Broiler.VM/src/tests/cli/runs/an-async-delegation.js  [object Promise]
TypeError true 2 declared false true AsyncFunction [object AsyncFunction] [object AsyncFunction] member
ok       D:/Broiler.VM/src/tests/cli/runs/an-async-function-is-not-a-constructor.js  undefined
call-returned early:TypeError:before late:RangeError:after
ok       D:/Broiler.VM/src/tests/cli/runs/an-async-function-that-throws-before-its-first-await.js  [object Promise]
made,body,first:1:false,second:2:false,third:undefined:true
ok       D:/Broiler.VM/src/tests/cli/runs/an-async-generator-function.js  [object Promise]
field;block
ok       D:/Broiler.VM/src/tests/cli/runs/an-async-generator-in-a-class-field-initialiser.js  [object Promise]
base,instance;static
ok       D:/Broiler.VM/src/tests/cli/runs/an-async-generator-method-of-a-class-body.js  [object Promise]
7,8;keyed
ok       D:/Broiler.VM/src/tests/cli/runs/an-async-generator-method-of-an-object-literal.js  [object Promise]
[object AsyncGeneratorFunction];[object AsyncGenerator];true;[object AsyncGenerator];true;function;true;constructor+next+return+throw;true;AsyncGeneratorFunction;true;false;true
ok       D:/Broiler.VM/src/tests/cli/runs/an-async-generator-prototype-chain.js  undefined
first:1,awaited,finalised,returned:R:true,after:undefined:true,throw:rejected:early,finalised,inside:rejected:inside
ok       D:/Broiler.VM/src/tests/cli/runs/an-async-generator-returned-and-thrown-into.js  [object Promise]
1,2;static
ok       D:/Broiler.VM/src/tests/cli/runs/an-async-generator-with-a-private-name.js  [object Promise]
all-four-called,sent:b,awaited:w,1:false,2:false,done:true,undefined:true
ok       D:/Broiler.VM/src/tests/cli/runs/an-async-generators-request-queue.js  [object Promise]
break:closed,break:after,labelled:closed,labelled:after,return:closed,return:returned,throw:closed,throw:caught:boom,continue:closed,continue:seen:3
ok       D:/Broiler.VM/src/tests/cli/runs/an-async-iterator-closed-by-every-abrupt-exit.js  [object Promise]
Base/tag/m
ok       D:/Broiler.VM/src/tests/cli/runs/an-async-method-resolves-this-and-super.js  [object Promise]
try,finally-in,finally-out,settled:from-try b
ok       D:/Broiler.VM/src/tests/cli/runs/an-await-inside-a-finally-defers-the-return.js  [object Promise]
a1,t1,a2,t2
ok       D:/Broiler.VM/src/tests/cli/runs/an-await-of-a-plain-value-still-yields-to-the-queue.js  [object Promise]
ok:0,f0,ok:1,f1,caught:bad,f2,ok:3,f3
ok       D:/Broiler.VM/src/tests/cli/runs/an-await-of-a-rejection-reaches-the-bodys-own-catch.js  [object Promise]
then-entered,1,then-resumed,2,got:value,3,4,5
ok       D:/Broiler.VM/src/tests/cli/runs/an-await-of-a-thenable-costs-a-second-turn.js  [object Promise]
3
42
42
5:2:function
42
42:object
EvalError:true
undefined
ok       D:/Broiler.VM/src/tests/cli/runs/an-indirect-eval.js  indirect-eval ok
ok       D:/Broiler.VM/src/tests/cli/runs/an-object-spread.js  {"a":1,"b":3,"c":4} {}
the queue ran after it
and kept running
ok       D:/Broiler.VM/src/tests/cli/runs/an-unhandled-rejection-does-not-stop-the-drain.js  [object Promise]
ok       D:/Broiler.VM/src/tests/cli/runs/the-declarations-a-clause-still-admits.js  consequent/alternate/label/an ordinary name
ok       D:/Broiler.VM/src/tests/cli/runs/the-keys-an-object-literal-still-admits.js  set:12 1 2 4 5 6 7 8 function function function 11 from-the-prototype from-the-prototype private-field/private-method/private-static
ok       D:/Broiler.VM/src/tests/cli/runs/the-names-an-escape-may-still-spell.js  1/2/3/4
ok       D:/Broiler.VM/src/tests/cli/runs/the-names-one-scope-may-hold-twice.js  1/a/b/second/reached/inner/shadow/last-wins/one-scope
ok       D:/Broiler.VM/src/tests/cli/runs/the-patterns-a-rest-and-a-shorthand-still-admit.js  1:2/3 4:{"q":5,"r":6} 2:9 7/8 10:11:12 13:14 15:16 17/18
ok       D:/Broiler.VM/src/tests/cli/runs/two-parameters-with-one-name.js  2/undefined/2
# 88 files
# Completed: 88


[cli] catalog tables identical across modes: True