# test262 tc39/test262 at ccaac100ff49d81e9ff47a75ff4c60e0bd3f262e
# 56560 files, content 46d54f57ae3a4803c6ebc5f4625dd4b417254ed65058836732f182801e1cfe93 - the checkout answers to test262.pin
# 56560 file digests written to artifacts\fc\t262-digest.cache; every shard still verifies the checkout, and every file whose length or timestamp moved is re-read
# manifest broiler.javascript.wide; form native; declined (none)
# 56 shards across 14 processes, 1000 fuel and 600000 ms per variant
# retaining every shard's transcript under artifacts\fc\low-credit-native-1000
--- shard 6 of 56 exited 1; artifacts\fc\low-credit-native-1000\logs\shard-0006.log
--- shard 13 of 56 exited 1; artifacts\fc\low-credit-native-1000\logs\shard-0013.log
--- shard 12 of 56 exited 1; artifacts\fc\low-credit-native-1000\logs\shard-0012.log
--- shard 5 of 56 exited 1; artifacts\fc\low-credit-native-1000\logs\shard-0005.log
--- shard 1 of 56 exited 1; artifacts\fc\low-credit-native-1000\logs\shard-0001.log
--- shard 3 of 56 exited 1; artifacts\fc\low-credit-native-1000\logs\shard-0003.log
--- shard 0 of 56 exited 1; artifacts\fc\low-credit-native-1000\logs\shard-0000.log
--- shard 8 of 56 exited 1; artifacts\fc\low-credit-native-1000\logs\shard-0008.log
--- shard 10 of 56 exited 1; artifacts\fc\low-credit-native-1000\logs\shard-0010.log
--- shard 9 of 56 exited 1; artifacts\fc\low-credit-native-1000\logs\shard-0009.log
--- shard 11 of 56 exited 1; artifacts\fc\low-credit-native-1000\logs\shard-0011.log
--- shard 2 of 56 exited 1; artifacts\fc\low-credit-native-1000\logs\shard-0002.log
--- shard 7 of 56 exited 1; artifacts\fc\low-credit-native-1000\logs\shard-0007.log
--- shard 16 of 56 exited 1; artifacts\fc\low-credit-native-1000\logs\shard-0016.log
--- shard 18 of 56 exited 1; artifacts\fc\low-credit-native-1000\logs\shard-0018.log
--- shard 14 of 56 exited 1; artifacts\fc\low-credit-native-1000\logs\shard-0014.log
--- shard 15 of 56 exited 1; artifacts\fc\low-credit-native-1000\logs\shard-0015.log
--- shard 17 of 56 exited 1; artifacts\fc\low-credit-native-1000\logs\shard-0017.log
--- shard 23 of 56 exited 1; artifacts\fc\low-credit-native-1000\logs\shard-0023.log
--- shard 25 of 56 exited 1; artifacts\fc\low-credit-native-1000\logs\shard-0025.log
--- shard 20 of 56 exited 1; artifacts\fc\low-credit-native-1000\logs\shard-0020.log
--- shard 19 of 56 exited 1; artifacts\fc\low-credit-native-1000\logs\shard-0019.log
--- shard 24 of 56 exited 1; artifacts\fc\low-credit-native-1000\logs\shard-0024.log
--- shard 21 of 56 exited 1; artifacts\fc\low-credit-native-1000\logs\shard-0021.log
--- shard 26 of 56 exited 1; artifacts\fc\low-credit-native-1000\logs\shard-0026.log
--- shard 22 of 56 exited 1; artifacts\fc\low-credit-native-1000\logs\shard-0022.log
--- shard 27 of 56 exited 1; artifacts\fc\low-credit-native-1000\logs\shard-0027.log
--- shard 28 of 56 exited 1; artifacts\fc\low-credit-native-1000\logs\shard-0028.log
--- shard 33 of 56 exited 1; artifacts\fc\low-credit-native-1000\logs\shard-0033.log
--- shard 30 of 56 exited 1; artifacts\fc\low-credit-native-1000\logs\shard-0030.log
--- shard 32 of 56 exited 1; artifacts\fc\low-credit-native-1000\logs\shard-0032.log
--- shard 35 of 56 exited 1; artifacts\fc\low-credit-native-1000\logs\shard-0035.log
--- shard 29 of 56 exited 1; artifacts\fc\low-credit-native-1000\logs\shard-0029.log
--- shard 34 of 56 exited 1; artifacts\fc\low-credit-native-1000\logs\shard-0034.log
--- shard 31 of 56 exited 1; artifacts\fc\low-credit-native-1000\logs\shard-0031.log
--- shard 37 of 56 exited 1; artifacts\fc\low-credit-native-1000\logs\shard-0037.log
--- shard 36 of 56 exited 1; artifacts\fc\low-credit-native-1000\logs\shard-0036.log
--- shard 39 of 56 exited 1; artifacts\fc\low-credit-native-1000\logs\shard-0039.log
--- shard 38 of 56 exited 1; artifacts\fc\low-credit-native-1000\logs\shard-0038.log
--- shard 40 of 56 exited 1; artifacts\fc\low-credit-native-1000\logs\shard-0040.log
--- shard 43 of 56 exited 1; artifacts\fc\low-credit-native-1000\logs\shard-0043.log
--- shard 41 of 56 exited 1; artifacts\fc\low-credit-native-1000\logs\shard-0041.log
--- shard 44 of 56 exited 1; artifacts\fc\low-credit-native-1000\logs\shard-0044.log
--- shard 42 of 56 exited 1; artifacts\fc\low-credit-native-1000\logs\shard-0042.log
--- shard 46 of 56 exited 1; artifacts\fc\low-credit-native-1000\logs\shard-0046.log
--- shard 47 of 56 exited 1; artifacts\fc\low-credit-native-1000\logs\shard-0047.log
--- shard 45 of 56 exited 1; artifacts\fc\low-credit-native-1000\logs\shard-0045.log
--- shard 49 of 56 exited 1; artifacts\fc\low-credit-native-1000\logs\shard-0049.log
--- shard 48 of 56 exited 1; artifacts\fc\low-credit-native-1000\logs\shard-0048.log
--- shard 51 of 56 exited 1; artifacts\fc\low-credit-native-1000\logs\shard-0051.log
--- shard 50 of 56 exited 1; artifacts\fc\low-credit-native-1000\logs\shard-0050.log
--- shard 52 of 56 exited 1; artifacts\fc\low-credit-native-1000\logs\shard-0052.log
--- shard 53 of 56 exited 1; artifacts\fc\low-credit-native-1000\logs\shard-0053.log
--- shard 55 of 56 exited 1; artifacts\fc\low-credit-native-1000\logs\shard-0055.log
--- shard 54 of 56 exited 1; artifacts\fc\low-credit-native-1000\logs\shard-0054.log
--- shard 4 of 56 exited 1; artifacts\fc\low-credit-native-1000\logs\shard-0004.log
json D:\Broiler.VM\artifacts\fc\low-credit-native-1000\test262.json
broiler-js-conformance: merged 56 test262 shard report(s)
edition ECMA-262 ES2026 (tc39/ecma262@0248456c758431e4bb8e5d26333ff1865123c9cd, spec.html sha256 ce7bc30174061fd8d212270b81cf6511661180c1e174f6911d10ced0581527b0) - archived at src/Broiler.VM.Profile.JavaScript/docs/specification/ecma-262-es2026-spec.html
suite test262@46d54f57ae3a4803c6ebc5f4625dd4b417254ed65058836732f182801e1cfe93
manifest broiler.javascript.wide at format version 2; harness loaded; admitted surfaces broiler.javascript.binary, broiler.javascript.dynamic, broiler.javascript.modules, broiler.javascript.native; declined (none); form native (x86-64-win64)
partition FNV-1a over the normalized suite-relative path, modulo the shard count, one whole file per shard; merged from 56 shards
selection candidates=9295 selected=9295 merged=9295
# unsupported families: 1 distinct, 52 variants
#        52  a BigInt literal  e.g. test/built-ins/Array/fromAsync/asyncitems-arraylike-length-accessor-throws.js [sloppy]
# exhausted dimensions: 1 distinct, 2256 variants
#      2256  Fuel  e.g. test/built-ins/Array/S15.4.1_A2.2_T1.js [sloppy]
# exhausted test/built-ins/Array/S15.4.1_A2.2_T1.js [sloppy] on Fuel
# exhausted test/built-ins/Array/S15.4.1_A2.2_T1.js [strict] on Fuel
# exhausted test/built-ins/Array/S15.4.2.1_A2.2_T1.js [sloppy] on Fuel
# exhausted test/built-ins/Array/S15.4.2.1_A2.2_T1.js [strict] on Fuel
# exhausted test/built-ins/Array/S15.4_A1.1_T10.js [sloppy] on Fuel
# exhausted test/built-ins/Array/S15.4_A1.1_T10.js [strict] on Fuel
# exhausted test/built-ins/Array/Symbol.species/length.js [sloppy] on Fuel
# exhausted test/built-ins/Array/Symbol.species/length.js [strict] on Fuel
# exhausted test/built-ins/Array/Symbol.species/symbol-species-name.js [sloppy] on Fuel
# exhausted test/built-ins/Array/Symbol.species/symbol-species-name.js [strict] on Fuel
# exhausted test/built-ins/Array/from/Array.from-descriptor.js [sloppy] on Fuel
# exhausted test/built-ins/Array/from/Array.from-descriptor.js [strict] on Fuel
# exhausted test/built-ins/Array/from/Array.from-name.js [sloppy] on Fuel
# exhausted test/built-ins/Array/from/Array.from-name.js [strict] on Fuel
# exhausted test/built-ins/Array/from/Array.from_arity.js [sloppy] on Fuel
# exhausted test/built-ins/Array/from/Array.from_arity.js [strict] on Fuel
# exhausted test/built-ins/Array/from/elements-added-after.js [sloppy] on Fuel
# exhausted test/built-ins/Array/from/elements-added-after.js [strict] on Fuel
# exhausted test/built-ins/Array/from/elements-updated-after.js [sloppy] on Fuel
# exhausted test/built-ins/Array/from/elements-updated-after.js [strict] on Fuel
# exhausted test/built-ins/Array/from/iter-set-elem-prop-non-writable.js [sloppy] on Fuel
# exhausted test/built-ins/Array/from/iter-set-elem-prop-non-writable.js [strict] on Fuel
# exhausted test/built-ins/Array/from/source-object-length-set-elem-prop-non-writable.js [sloppy] on Fuel
# exhausted test/built-ins/Array/from/source-object-length-set-elem-prop-non-writable.js [strict] on Fuel
# exhausted test/built-ins/Array/isArray/descriptor.js [sloppy] on Fuel
# exhausted test/built-ins/Array/isArray/descriptor.js [strict] on Fuel
# exhausted test/built-ins/Array/isArray/name.js [sloppy] on Fuel
# exhausted test/built-ins/Array/isArray/name.js [strict] on Fuel
# exhausted test/built-ins/Array/length.js [sloppy] on Fuel
# exhausted test/built-ins/Array/length.js [strict] on Fuel
# exhausted test/built-ins/Array/name.js [sloppy] on Fuel
# exhausted test/built-ins/Array/name.js [strict] on Fuel
# exhausted test/built-ins/Array/of/does-not-use-set-for-indices.js [sloppy] on Fuel
# exhausted test/built-ins/Array/of/does-not-use-set-for-indices.js [strict] on Fuel
# exhausted test/built-ins/Array/of/length.js [sloppy] on Fuel
# exhausted test/built-ins/Array/of/length.js [strict] on Fuel
# exhausted test/built-ins/Array/of/name.js [sloppy] on Fuel
# exhausted test/built-ins/Array/of/name.js [strict] on Fuel
# exhausted test/built-ins/Array/of/of.js [sloppy] on Fuel
# exhausted test/built-ins/Array/of/of.js [strict] on Fuel
# exhausted test/built-ins/Array/prop-desc.js [sloppy] on Fuel
# exhausted test/built-ins/Array/prop-desc.js [strict] on Fuel
# exhausted test/built-ins/Array/prototype/Symbol.iterator.js [sloppy] on Fuel
# exhausted test/built-ins/Array/prototype/Symbol.iterator.js [strict] on Fuel
# exhausted test/built-ins/Array/prototype/Symbol.unscopables/array-find-from-last.js [sloppy] on Fuel
# exhausted test/built-ins/Array/prototype/Symbol.unscopables/array-find-from-last.js [strict] on Fuel
# exhausted test/built-ins/Array/prototype/Symbol.unscopables/change-array-by-copy.js [sloppy] on Fuel
# exhausted test/built-ins/Array/prototype/Symbol.unscopables/change-array-by-copy.js [strict] on Fuel
# exhausted test/built-ins/Array/prototype/Symbol.unscopables/prop-desc.js [sloppy] on Fuel
# exhausted test/built-ins/Array/prototype/Symbol.unscopables/prop-desc.js [strict] on Fuel
# exhausted test/built-ins/Array/prototype/Symbol.unscopables/value.js [sloppy] on Fuel
# exhausted test/built-ins/Array/prototype/Symbol.unscopables/value.js [strict] on Fuel
# exhausted test/built-ins/Array/prototype/at/length.js [sloppy] on Fuel
# exhausted test/built-ins/Array/prototype/at/length.js [strict] on Fuel
# exhausted test/built-ins/Array/prototype/at/name.js [sloppy] on Fuel
# exhausted test/built-ins/Array/prototype/at/name.js [strict] on Fuel
# exhausted test/built-ins/Array/prototype/at/prop-desc.js [sloppy] on Fuel
# exhausted test/built-ins/Array/prototype/at/prop-desc.js [strict] on Fuel
# exhausted test/built-ins/Array/prototype/concat/15.4.4.4-5-b-iii-3-b-1.js [sloppy] on Fuel
# exhausted test/built-ins/Array/prototype/concat/15.4.4.4-5-b-iii-3-b-1.js [strict] on Fuel
# exhausted test/built-ins/Array/prototype/concat/15.4.4.4-5-c-i-1.js [sloppy] on Fuel
# exhausted test/built-ins/Array/prototype/concat/15.4.4.4-5-c-i-1.js [strict] on Fuel
# exhausted test/built-ins/Array/prototype/concat/Array.prototype.concat_large-typed-array.js [sloppy] on Fuel
# exhausted test/built-ins/Array/prototype/concat/Array.prototype.concat_large-typed-array.js [strict] on Fuel
# exhausted test/built-ins/Array/prototype/concat/create-species-with-non-writable-property-spreadable.js [sloppy] on Fuel
# exhausted test/built-ins/Array/prototype/concat/create-species-with-non-writable-property-spreadable.js [strict] on Fuel
# exhausted test/built-ins/Array/prototype/concat/create-species-with-non-writable-property.js [sloppy] on Fuel
# exhausted test/built-ins/Array/prototype/concat/create-species-with-non-writable-property.js [strict] on Fuel
# exhausted test/built-ins/Array/prototype/concat/length.js [sloppy] on Fuel
# exhausted test/built-ins/Array/prototype/concat/length.js [strict] on Fuel
# exhausted test/built-ins/Array/prototype/concat/name.js [sloppy] on Fuel
# exhausted test/built-ins/Array/prototype/concat/name.js [strict] on Fuel
# exhausted test/built-ins/Array/prototype/concat/prop-desc.js [sloppy] on Fuel
# exhausted test/built-ins/Array/prototype/concat/prop-desc.js [strict] on Fuel
# exhausted test/built-ins/Array/prototype/constructor.js [sloppy] on Fuel
# exhausted test/built-ins/Array/prototype/constructor.js [strict] on Fuel
# exhausted test/built-ins/Array/prototype/copyWithin/coerced-values-end.js [sloppy] on Fuel
# exhausted test/built-ins/Array/prototype/copyWithin/coerced-values-end.js [strict] on Fuel
# exhausted test/built-ins/Array/prototype/copyWithin/coerced-values-start-change-start.js [sloppy] on Fuel
# exhausted test/built-ins/Array/prototype/copyWithin/coerced-values-start-change-start.js [strict] on Fuel
# exhausted test/built-ins/Array/prototype/copyWithin/coerced-values-start-change-target.js [sloppy] on Fuel
# exhausted test/built-ins/Array/prototype/copyWithin/coerced-values-start-change-target.js [strict] on Fuel
# exhausted test/built-ins/Array/prototype/copyWithin/coerced-values-start.js [sloppy] on Fuel
# exhausted test/built-ins/Array/prototype/copyWithin/coerced-values-start.js [strict] on Fuel
# exhausted test/built-ins/Array/prototype/copyWithin/coerced-values-target.js [sloppy] on Fuel
# exhausted test/built-ins/Array/prototype/copyWithin/coerced-values-target.js [strict] on Fuel
# exhausted test/built-ins/Array/prototype/copyWithin/length.js [sloppy] on Fuel
# exhausted test/built-ins/Array/prototype/copyWithin/length.js [strict] on Fuel
# exhausted test/built-ins/Array/prototype/copyWithin/name.js [sloppy] on Fuel
# exhausted test/built-ins/Array/prototype/copyWithin/name.js [strict] on Fuel
# exhausted test/built-ins/Array/prototype/copyWithin/negative-end.js [sloppy] on Fuel
# exhausted test/built-ins/Array/prototype/copyWithin/negative-end.js [strict] on Fuel
# exhausted test/built-ins/Array/prototype/copyWithin/negative-out-of-bounds-end.js [sloppy] on Fuel
# exhausted test/built-ins/Array/prototype/copyWithin/negative-out-of-bounds-end.js [strict] on Fuel
# exhausted test/built-ins/Array/prototype/copyWithin/negative-out-of-bounds-start.js [sloppy] on Fuel
# exhausted test/built-ins/Array/prototype/copyWithin/negative-out-of-bounds-start.js [strict] on Fuel
# exhausted test/built-ins/Array/prototype/copyWithin/negative-out-of-bounds-target.js [sloppy] on Fuel
# exhausted test/built-ins/Array/prototype/copyWithin/negative-out-of-bounds-target.js [strict] on Fuel
# exhausted test/built-ins/Array/prototype/copyWithin/negative-start.js [sloppy] on Fuel
# exhausted test/built-ins/Array/prototype/copyWithin/negative-start.js [strict] on Fuel
# exhausted test/built-ins/Array/prototype/copyWithin/negative-target.js [sloppy] on Fuel
# exhausted test/built-ins/Array/prototype/copyWithin/negative-target.js [strict] on Fuel
# exhausted test/built-ins/Array/prototype/copyWithin/non-negative-out-of-bounds-end.js [sloppy] on Fuel
# exhausted test/built-ins/Array/prototype/copyWithin/non-negative-out-of-bounds-end.js [strict] on Fuel
# exhausted test/built-ins/Array/prototype/copyWithin/non-negative-out-of-bounds-target-and-start.js [sloppy] on Fuel
# exhausted test/built-ins/Array/prototype/copyWithin/non-negative-out-of-bounds-target-and-start.js [strict] on Fuel
# exhausted test/built-ins/Array/prototype/copyWithin/non-negative-target-and-start.js [sloppy] on Fuel
# exhausted test/built-ins/Array/prototype/copyWithin/non-negative-target-and-start.js [strict] on Fuel
# exhausted test/built-ins/Array/prototype/copyWithin/non-negative-target-start-and-end.js [sloppy] on Fuel
# exhausted test/built-ins/Array/prototype/copyWithin/non-negative-target-start-and-end.js [strict] on Fuel
# exhausted test/built-ins/Array/prototype/copyWithin/prop-desc.js [sloppy] on Fuel
# exhausted test/built-ins/Array/prototype/copyWithin/prop-desc.js [strict] on Fuel
# exhausted test/built-ins/Array/prototype/entries/length.js [sloppy] on Fuel
# exhausted test/built-ins/Array/prototype/entries/length.js [strict] on Fuel
# exhausted test/built-ins/Array/prototype/entries/name.js [sloppy] on Fuel
# exhausted test/built-ins/Array/prototype/entries/name.js [strict] on Fuel
# exhausted test/built-ins/Array/prototype/entries/prop-desc.js [sloppy] on Fuel
# exhausted test/built-ins/Array/prototype/entries/prop-desc.js [strict] on Fuel
# exhausted test/built-ins/Array/prototype/every/15.4.4.16-7-c-ii-2.js [sloppy] on Fuel
# exhausted test/built-ins/Array/prototype/every/15.4.4.16-7-c-ii-2.js [strict] on Fuel
# exhausted test/built-ins/Array/prototype/every/length.js [sloppy] on Fuel
# exhausted test/built-ins/Array/prototype/every/length.js [strict] on Fuel
# exhausted test/built-ins/Array/prototype/every/name.js [sloppy] on Fuel
# exhausted test/built-ins/Array/prototype/every/name.js [strict] on Fuel
# exhausted test/built-ins/Array/prototype/every/prop-desc.js [sloppy] on Fuel
# exhausted test/built-ins/Array/prototype/every/prop-desc.js [strict] on Fuel
# exhausted test/built-ins/Array/prototype/fill/coerced-indexes.js [sloppy] on Fuel
# exhausted test/built-ins/Array/prototype/fill/coerced-indexes.js [strict] on Fuel
# exhausted test/built-ins/Array/prototype/fill/fill-values-custom-start-and-end.js [sloppy] on Fuel
# exhausted test/built-ins/Array/prototype/fill/fill-values-custom-start-and-end.js [strict] on Fuel
# exhausted test/built-ins/Array/prototype/fill/length.js [sloppy] on Fuel
# exhausted test/built-ins/Array/prototype/fill/length.js [strict] on Fuel
# exhausted test/built-ins/Array/prototype/fill/name.js [sloppy] on Fuel
# exhausted test/built-ins/Array/prototype/fill/name.js [strict] on Fuel
# exhausted test/built-ins/Array/prototype/fill/prop-desc.js [sloppy] on Fuel
# exhausted test/built-ins/Array/prototype/fill/prop-desc.js [strict] on Fuel
# exhausted test/built-ins/Array/prototype/fill/resizable-buffer.js [sloppy] on Fuel
# exhausted test/built-ins/Array/prototype/fill/resizable-buffer.js [strict] on Fuel
# exhausted test/built-ins/Array/prototype/filter/15.4.4.20-9-c-ii-1.js [sloppy] on Fuel
# exhausted test/built-ins/Array/prototype/filter/15.4.4.20-9-c-ii-1.js [strict] on Fuel
# exhausted test/built-ins/Array/prototype/filter/length.js [sloppy] on Fuel
# exhausted test/built-ins/Array/prototype/filter/length.js [strict] on Fuel
# exhausted test/built-ins/Array/prototype/filter/name.js [sloppy] on Fuel
# exhausted test/built-ins/Array/prototype/filter/name.js [strict] on Fuel
# exhausted test/built-ins/Array/prototype/filter/prop-desc.js [sloppy] on Fuel
# exhausted test/built-ins/Array/prototype/filter/prop-desc.js [strict] on Fuel
# exhausted test/built-ins/Array/prototype/filter/target-array-with-non-writable-property.js [sloppy] on Fuel
# exhausted test/built-ins/Array/prototype/filter/target-array-with-non-writable-property.js [strict] on Fuel
# exhausted test/built-ins/Array/prototype/find/length.js [sloppy] on Fuel
# exhausted test/built-ins/Array/prototype/find/length.js [strict] on Fuel
# exhausted test/built-ins/Array/prototype/find/name.js [sloppy] on Fuel
# exhausted test/built-ins/Array/prototype/find/name.js [strict] on Fuel
# exhausted test/built-ins/Array/prototype/find/prop-desc.js [sloppy] on Fuel
# exhausted test/built-ins/Array/prototype/find/prop-desc.js [strict] on Fuel
# exhausted test/built-ins/Array/prototype/findIndex/length.js [sloppy] on Fuel
# exhausted test/built-ins/Array/prototype/findIndex/length.js [strict] on Fuel
# exhausted test/built-ins/Array/prototype/findIndex/name.js [sloppy] on Fuel
# exhausted test/built-ins/Array/prototype/findIndex/name.js [strict] on Fuel
# exhausted test/built-ins/Array/prototype/findIndex/prop-desc.js [sloppy] on Fuel
# exhausted test/built-ins/Array/prototype/findIndex/prop-desc.js [strict] on Fuel
# exhausted test/built-ins/Array/prototype/findLast/length.js [sloppy] on Fuel
# exhausted test/built-ins/Array/prototype/findLast/length.js [strict] on Fuel
# exhausted test/built-ins/Array/prototype/findLast/name.js [sloppy] on Fuel
# exhausted test/built-ins/Array/prototype/findLast/name.js [strict] on Fuel
# exhausted test/built-ins/Array/prototype/findLast/prop-desc.js [sloppy] on Fuel
# exhausted test/built-ins/Array/prototype/findLast/prop-desc.js [strict] on Fuel
# exhausted test/built-ins/Array/prototype/findLastIndex/length.js [sloppy] on Fuel
# exhausted test/built-ins/Array/prototype/findLastIndex/length.js [strict] on Fuel
# exhausted test/built-ins/Array/prototype/findLastIndex/name.js [sloppy] on Fuel
# exhausted test/built-ins/Array/prototype/findLastIndex/name.js [strict] on Fuel
# exhausted test/built-ins/Array/prototype/findLastIndex/prop-desc.js [sloppy] on Fuel
# exhausted test/built-ins/Array/prototype/findLastIndex/prop-desc.js [strict] on Fuel
# exhausted test/built-ins/Array/prototype/flat/length.js [sloppy] on Fuel
# exhausted test/built-ins/Array/prototype/flat/length.js [strict] on Fuel
# exhausted test/built-ins/Array/prototype/flat/name.js [sloppy] on Fuel
# exhausted test/built-ins/Array/prototype/flat/name.js [strict] on Fuel
# exhausted test/built-ins/Array/prototype/flat/non-numeric-depth-should-not-throw.js [sloppy] on Fuel
# exhausted test/built-ins/Array/prototype/flat/non-numeric-depth-should-not-throw.js [strict] on Fuel
# exhausted test/built-ins/Array/prototype/flat/null-undefined-elements.js [sloppy] on Fuel
# exhausted test/built-ins/Array/prototype/flat/null-undefined-elements.js [strict] on Fuel
# exhausted test/built-ins/Array/prototype/flat/prop-desc.js [sloppy] on Fuel
# exhausted test/built-ins/Array/prototype/flat/prop-desc.js [strict] on Fuel
# exhausted test/built-ins/Array/prototype/flat/proxy-access-count.js [sloppy] on Fuel
# exhausted test/built-ins/Array/prototype/flat/proxy-access-count.js [strict] on Fuel
# exhausted test/built-ins/Array/prototype/flat/target-array-with-non-writable-property.js [sloppy] on Fuel
# exhausted test/built-ins/Array/prototype/flat/target-array-with-non-writable-property.js [strict] on Fuel
# exhausted test/built-ins/Array/prototype/flatMap/array-like-objects.js [sloppy] on Fuel
# exhausted test/built-ins/Array/prototype/flatMap/array-like-objects.js [strict] on Fuel
# exhausted test/built-ins/Array/prototype/flatMap/depth-always-one.js [sloppy] on Fuel
# exhausted test/built-ins/Array/prototype/flatMap/depth-always-one.js [strict] on Fuel
# exhausted test/built-ins/Array/prototype/flatMap/length.js [sloppy] on Fuel
# exhausted test/built-ins/Array/prototype/flatMap/length.js [strict] on Fuel
# exhausted test/built-ins/Array/prototype/flatMap/name.js [sloppy] on Fuel
# exhausted test/built-ins/Array/prototype/flatMap/name.js [strict] on Fuel
# exhausted test/built-ins/Array/prototype/flatMap/prop-desc.js [sloppy] on Fuel
# exhausted test/built-ins/Array/prototype/flatMap/prop-desc.js [strict] on Fuel
# exhausted test/built-ins/Array/prototype/flatMap/proxy-access-count.js [sloppy] on Fuel
# exhausted test/built-ins/Array/prototype/flatMap/proxy-access-count.js [strict] on Fuel
# exhausted test/built-ins/Array/prototype/flatMap/target-array-with-non-writable-property.js [sloppy] on Fuel
# exhausted test/built-ins/Array/prototype/flatMap/target-array-with-non-writable-property.js [strict] on Fuel
# exhausted test/built-ins/Array/prototype/flatMap/this-value-ctor-object-species.js [sloppy] on Fuel
# exhausted test/built-ins/Array/prototype/flatMap/this-value-ctor-object-species.js [strict] on Fuel
# exhausted test/built-ins/Array/prototype/flatMap/thisArg-argument.js [strict] on Fuel
# exhausted test/built-ins/Array/prototype/forEach/15.4.4.18-7-c-ii-1.js [sloppy] on Fuel
# exhausted test/built-ins/Array/prototype/forEach/15.4.4.18-7-c-ii-1.js [strict] on Fuel
# exhausted test/built-ins/Array/prototype/forEach/length.js [sloppy] on Fuel
# exhausted test/built-ins/Array/prototype/forEach/length.js [strict] on Fuel
# exhausted test/built-ins/Array/prototype/forEach/name.js [sloppy] on Fuel
# exhausted test/built-ins/Array/prototype/forEach/name.js [strict] on Fuel
# exhausted test/built-ins/Array/prototype/forEach/prop-desc.js [sloppy] on Fuel
# exhausted test/built-ins/Array/prototype/forEach/prop-desc.js [strict] on Fuel
# exhausted test/built-ins/Array/prototype/includes/get-prop.js [sloppy] on Fuel
# exhausted test/built-ins/Array/prototype/includes/get-prop.js [strict] on Fuel
# exhausted test/built-ins/Array/prototype/includes/length.js [sloppy] on Fuel
# exhausted test/built-ins/Array/prototype/includes/length.js [strict] on Fuel
# exhausted test/built-ins/Array/prototype/includes/name.js [sloppy] on Fuel
# exhausted test/built-ins/Array/prototype/includes/name.js [strict] on Fuel
# exhausted test/built-ins/Array/prototype/includes/prop-desc.js [sloppy] on Fuel
# exhausted test/built-ins/Array/prototype/includes/prop-desc.js [strict] on Fuel
# exhausted test/built-ins/Array/prototype/includes/resizable-buffer-special-float-values.js [sloppy] on Fuel
# exhausted test/built-ins/Array/prototype/includes/resizable-buffer-special-float-values.js [strict] on Fuel
# exhausted test/built-ins/Array/prototype/includes/tolength-length.js [sloppy] on Fuel
# exhausted test/built-ins/Array/prototype/includes/tolength-length.js [strict] on Fuel
# exhausted test/built-ins/Array/prototype/includes/using-fromindex.js [sloppy] on Fuel
# exhausted test/built-ins/Array/prototype/includes/using-fromindex.js [strict] on Fuel
# exhausted test/built-ins/Array/prototype/indexOf/15.4.4.14-10-1.js [sloppy] on Fuel
# exhausted test/built-ins/Array/prototype/indexOf/15.4.4.14-10-1.js [strict] on Fuel
# exhausted test/built-ins/Array/prototype/indexOf/length.js [sloppy] on Fuel
# exhausted test/built-ins/Array/prototype/indexOf/length.js [strict] on Fuel
# exhausted test/built-ins/Array/prototype/indexOf/name.js [sloppy] on Fuel
# exhausted test/built-ins/Array/prototype/indexOf/name.js [strict] on Fuel
# exhausted test/built-ins/Array/prototype/indexOf/prop-desc.js [sloppy] on Fuel
# exhausted test/built-ins/Array/prototype/indexOf/prop-desc.js [strict] on Fuel
# exhausted test/built-ins/Array/prototype/indexOf/resizable-buffer-special-float-values.js [sloppy] on Fuel
# exhausted test/built-ins/Array/prototype/indexOf/resizable-buffer-special-float-values.js [strict] on Fuel
# exhausted test/built-ins/Array/prototype/join/length.js [sloppy] on Fuel
# exhausted test/built-ins/Array/prototype/join/length.js [strict] on Fuel
# exhausted test/built-ins/Array/prototype/join/name.js [sloppy] on Fuel
# exhausted test/built-ins/Array/prototype/join/name.js [strict] on Fuel
# exhausted test/built-ins/Array/prototype/join/prop-desc.js [sloppy] on Fuel
# exhausted test/built-ins/Array/prototype/join/prop-desc.js [strict] on Fuel
# exhausted test/built-ins/Array/prototype/keys/length.js [sloppy] on Fuel
# exhausted test/built-ins/Array/prototype/keys/length.js [strict] on Fuel
# exhausted test/built-ins/Array/prototype/keys/name.js [sloppy] on Fuel
# exhausted test/built-ins/Array/prototype/keys/name.js [strict] on Fuel
# exhausted test/built-ins/Array/prototype/keys/prop-desc.js [sloppy] on Fuel
# exhausted test/built-ins/Array/prototype/keys/prop-desc.js [strict] on Fuel
# exhausted test/built-ins/Array/prototype/lastIndexOf/15.4.4.15-3-16.js [sloppy] on Fuel
# exhausted test/built-ins/Array/prototype/lastIndexOf/15.4.4.15-3-16.js [strict] on Fuel
# exhausted test/built-ins/Array/prototype/lastIndexOf/15.4.4.15-9-1.js [sloppy] on Fuel
# exhausted test/built-ins/Array/prototype/lastIndexOf/15.4.4.15-9-1.js [strict] on Fuel
# exhausted test/built-ins/Array/prototype/lastIndexOf/length-near-integer-limit.js [sloppy] on Fuel
# exhausted test/built-ins/Array/prototype/lastIndexOf/length-near-integer-limit.js [strict] on Fuel
# exhausted test/built-ins/Array/prototype/lastIndexOf/length.js [sloppy] on Fuel
# exhausted test/built-ins/Array/prototype/lastIndexOf/length.js [strict] on Fuel
# exhausted test/built-ins/Array/prototype/lastIndexOf/name.js [sloppy] on Fuel
# exhausted test/built-ins/Array/prototype/lastIndexOf/name.js [strict] on Fuel
# exhausted test/built-ins/Array/prototype/lastIndexOf/prop-desc.js [sloppy] on Fuel
# exhausted test/built-ins/Array/prototype/lastIndexOf/prop-desc.js [strict] on Fuel
# exhausted test/built-ins/Array/prototype/map/15.4.4.19-8-c-ii-1.js [sloppy] on Fuel
# exhausted test/built-ins/Array/prototype/map/15.4.4.19-8-c-ii-1.js [strict] on Fuel
# exhausted test/built-ins/Array/prototype/map/length.js [sloppy] on Fuel
# exhausted test/built-ins/Array/prototype/map/length.js [strict] on Fuel
# exhausted test/built-ins/Array/prototype/map/name.js [sloppy] on Fuel
# exhausted test/built-ins/Array/prototype/map/name.js [strict] on Fuel
# exhausted test/built-ins/Array/prototype/map/prop-desc.js [sloppy] on Fuel
# exhausted test/built-ins/Array/prototype/map/prop-desc.js [strict] on Fuel
# exhausted test/built-ins/Array/prototype/map/target-array-with-non-writable-property.js [sloppy] on Fuel
# exhausted test/built-ins/Array/prototype/map/target-array-with-non-writable-property.js [strict] on Fuel
# exhausted test/built-ins/Array/prototype/pop/length.js [sloppy] on Fuel
# exhausted test/built-ins/Array/prototype/pop/length.js [strict] on Fuel
# exhausted test/built-ins/Array/prototype/pop/name.js [sloppy] on Fuel
# exhausted test/built-ins/Array/prototype/pop/name.js [strict] on Fuel
# exhausted test/built-ins/Array/prototype/pop/prop-desc.js [sloppy] on Fuel
# exhausted test/built-ins/Array/prototype/pop/prop-desc.js [strict] on Fuel
# exhausted test/built-ins/Array/prototype/prop-desc.js [sloppy] on Fuel
# exhausted test/built-ins/Array/prototype/prop-desc.js [strict] on Fuel
# exhausted test/built-ins/Array/prototype/push/length.js [sloppy] on Fuel
# exhausted test/built-ins/Array/prototype/push/length.js [strict] on Fuel
# exhausted test/built-ins/Array/prototype/push/name.js [sloppy] on Fuel
# exhausted test/built-ins/Array/prototype/push/name.js [strict] on Fuel
# exhausted test/built-ins/Array/prototype/push/prop-desc.js [sloppy] on Fuel
# exhausted test/built-ins/Array/prototype/push/prop-desc.js [strict] on Fuel
# exhausted test/built-ins/Array/prototype/reduce/callbackfn-resize-arraybuffer.js [sloppy] on Fuel
# exhausted test/built-ins/Array/prototype/reduce/callbackfn-resize-arraybuffer.js [strict] on Fuel
# exhausted test/built-ins/Array/prototype/reduce/length.js [sloppy] on Fuel
# exhausted test/built-ins/Array/prototype/reduce/length.js [strict] on Fuel
# exhausted test/built-ins/Array/prototype/reduce/name.js [sloppy] on Fuel
# exhausted test/built-ins/Array/prototype/reduce/name.js [strict] on Fuel
# exhausted test/built-ins/Array/prototype/reduce/prop-desc.js [sloppy] on Fuel
# exhausted test/built-ins/Array/prototype/reduce/prop-desc.js [strict] on Fuel
# exhausted test/built-ins/Array/prototype/reduceRight/callbackfn-resize-arraybuffer.js [sloppy] on Fuel
# exhausted test/built-ins/Array/prototype/reduceRight/callbackfn-resize-arraybuffer.js [strict] on Fuel
# exhausted test/built-ins/Array/prototype/reduceRight/length-near-integer-limit.js [sloppy] on Fuel
# exhausted test/built-ins/Array/prototype/reduceRight/length-near-integer-limit.js [strict] on Fuel
# exhausted test/built-ins/Array/prototype/reduceRight/length.js [sloppy] on Fuel
# exhausted test/built-ins/Array/prototype/reduceRight/length.js [strict] on Fuel
# exhausted test/built-ins/Array/prototype/reduceRight/name.js [sloppy] on Fuel
# exhausted test/built-ins/Array/prototype/reduceRight/name.js [strict] on Fuel
# exhausted test/built-ins/Array/prototype/reduceRight/prop-desc.js [sloppy] on Fuel
# exhausted test/built-ins/Array/prototype/reduceRight/prop-desc.js [strict] on Fuel
# exhausted test/built-ins/Array/prototype/reverse/length.js [sloppy] on Fuel
# exhausted test/built-ins/Array/prototype/reverse/length.js [strict] on Fuel
# exhausted test/built-ins/Array/prototype/reverse/name.js [sloppy] on Fuel
# exhausted test/built-ins/Array/prototype/reverse/name.js [strict] on Fuel
# exhausted test/built-ins/Array/prototype/reverse/prop-desc.js [sloppy] on Fuel
# exhausted test/built-ins/Array/prototype/reverse/prop-desc.js [strict] on Fuel
# exhausted test/built-ins/Array/prototype/shift/length.js [sloppy] on Fuel
# exhausted test/built-ins/Array/prototype/shift/length.js [strict] on Fuel
# exhausted test/built-ins/Array/prototype/shift/name.js [sloppy] on Fuel
# exhausted test/built-ins/Array/prototype/shift/name.js [strict] on Fuel
# exhausted test/built-ins/Array/prototype/shift/prop-desc.js [sloppy] on Fuel
# exhausted test/built-ins/Array/prototype/shift/prop-desc.js [strict] on Fuel
# exhausted test/built-ins/Array/prototype/slice/length.js [sloppy] on Fuel
# exhausted test/built-ins/Array/prototype/slice/length.js [strict] on Fuel
# exhausted test/built-ins/Array/prototype/slice/name.js [sloppy] on Fuel
# exhausted test/built-ins/Array/prototype/slice/name.js [strict] on Fuel
# exhausted test/built-ins/Array/prototype/slice/prop-desc.js [sloppy] on Fuel
# exhausted test/built-ins/Array/prototype/slice/prop-desc.js [strict] on Fuel
# exhausted test/built-ins/Array/prototype/slice/target-array-with-non-writable-property.js [sloppy] on Fuel
# exhausted test/built-ins/Array/prototype/slice/target-array-with-non-writable-property.js [strict] on Fuel
# exhausted test/built-ins/Array/prototype/some/15.4.4.17-7-c-ii-2.js [sloppy] on Fuel
# exhausted test/built-ins/Array/prototype/some/15.4.4.17-7-c-ii-2.js [strict] on Fuel
# exhausted test/built-ins/Array/prototype/some/length.js [sloppy] on Fuel
# exhausted test/built-ins/Array/prototype/some/length.js [strict] on Fuel
# exhausted test/built-ins/Array/prototype/some/name.js [sloppy] on Fuel
# exhausted test/built-ins/Array/prototype/some/name.js [strict] on Fuel
# exhausted test/built-ins/Array/prototype/some/prop-desc.js [sloppy] on Fuel
# exhausted test/built-ins/Array/prototype/some/prop-desc.js [strict] on Fuel
# exhausted test/built-ins/Array/prototype/sort/S15.4.4.11_A2.1_T2.js [sloppy] on Fuel
# exhausted test/built-ins/Array/prototype/sort/S15.4.4.11_A2.1_T2.js [strict] on Fuel
# exhausted test/built-ins/Array/prototype/sort/S15.4.4.11_A2.2_T1.js [sloppy] on Fuel
# exhausted test/built-ins/Array/prototype/sort/S15.4.4.11_A2.2_T1.js [strict] on Fuel
# exhausted test/built-ins/Array/prototype/sort/S15.4.4.11_A2.2_T2.js [sloppy] on Fuel
# exhausted test/built-ins/Array/prototype/sort/S15.4.4.11_A2.2_T2.js [strict] on Fuel
# exhausted test/built-ins/Array/prototype/sort/S15.4.4.11_A2.2_T3.js [sloppy] on Fuel
# exhausted test/built-ins/Array/prototype/sort/S15.4.4.11_A2.2_T3.js [strict] on Fuel
# exhausted test/built-ins/Array/prototype/sort/S15.4.4.11_A3_T2.js [sloppy] on Fuel
# exhausted test/built-ins/Array/prototype/sort/S15.4.4.11_A3_T2.js [strict] on Fuel
# exhausted test/built-ins/Array/prototype/sort/comparefn-nonfunction-call-throws.js [sloppy] on Fuel
# exhausted test/built-ins/Array/prototype/sort/comparefn-nonfunction-call-throws.js [strict] on Fuel
# exhausted test/built-ins/Array/prototype/sort/length.js [sloppy] on Fuel
# exhausted test/built-ins/Array/prototype/sort/length.js [strict] on Fuel
# exhausted test/built-ins/Array/prototype/sort/name.js [sloppy] on Fuel
# exhausted test/built-ins/Array/prototype/sort/name.js [strict] on Fuel
# exhausted test/built-ins/Array/prototype/sort/prop-desc.js [sloppy] on Fuel
# exhausted test/built-ins/Array/prototype/sort/prop-desc.js [strict] on Fuel
# exhausted test/built-ins/Array/prototype/sort/stability-2048-elements.js [sloppy] on Fuel
# exhausted test/built-ins/Array/prototype/sort/stability-2048-elements.js [strict] on Fuel
# exhausted test/built-ins/Array/prototype/sort/stability-513-elements.js [sloppy] on Fuel
# exhausted test/built-ins/Array/prototype/sort/stability-513-elements.js [strict] on Fuel
# exhausted test/built-ins/Array/prototype/splice/create-species-length-exceeding-integer-limit.js [sloppy] on Fuel
# exhausted test/built-ins/Array/prototype/splice/create-species-length-exceeding-integer-limit.js [strict] on Fuel
# exhausted test/built-ins/Array/prototype/splice/length.js [sloppy] on Fuel
# exhausted test/built-ins/Array/prototype/splice/length.js [strict] on Fuel
# exhausted test/built-ins/Array/prototype/splice/name.js [sloppy] on Fuel
# exhausted test/built-ins/Array/prototype/splice/name.js [strict] on Fuel
# exhausted test/built-ins/Array/prototype/splice/prop-desc.js [sloppy] on Fuel
# exhausted test/built-ins/Array/prototype/splice/prop-desc.js [strict] on Fuel
# exhausted test/built-ins/Array/prototype/splice/target-array-with-non-writable-property.js [sloppy] on Fuel
# exhausted test/built-ins/Array/prototype/splice/target-array-with-non-writable-property.js [strict] on Fuel
# exhausted test/built-ins/Array/prototype/splice/throws-if-integer-limit-exceeded.js [sloppy] on Fuel
# exhausted test/built-ins/Array/prototype/splice/throws-if-integer-limit-exceeded.js [strict] on Fuel
# exhausted test/built-ins/Array/prototype/toLocaleString/invoke-element-tolocalestring.js [sloppy] on Fuel
# exhausted test/built-ins/Array/prototype/toLocaleString/invoke-element-tolocalestring.js [strict] on Fuel
# exhausted test/built-ins/Array/prototype/toLocaleString/length.js [sloppy] on Fuel
# exhausted test/built-ins/Array/prototype/toLocaleString/length.js [strict] on Fuel
# exhausted test/built-ins/Array/prototype/toLocaleString/name.js [sloppy] on Fuel
# exhausted test/built-ins/Array/prototype/toLocaleString/name.js [strict] on Fuel
# exhausted test/built-ins/Array/prototype/toReversed/length-casted-to-zero.js [sloppy] on Fuel
# exhausted test/built-ins/Array/prototype/toReversed/length-casted-to-zero.js [strict] on Fuel
# exhausted test/built-ins/Array/prototype/toReversed/length.js [sloppy] on Fuel
# exhausted test/built-ins/Array/prototype/toReversed/length.js [strict] on Fuel
# exhausted test/built-ins/Array/prototype/toReversed/name.js [sloppy] on Fuel
# exhausted test/built-ins/Array/prototype/toReversed/name.js [strict] on Fuel
# exhausted test/built-ins/Array/prototype/toReversed/property-descriptor.js [sloppy] on Fuel
# exhausted test/built-ins/Array/prototype/toReversed/property-descriptor.js [strict] on Fuel
# exhausted test/built-ins/Array/prototype/toReversed/this-value-boolean.js [sloppy] on Fuel
# exhausted test/built-ins/Array/prototype/toReversed/this-value-boolean.js [strict] on Fuel
# exhausted test/built-ins/Array/prototype/toSorted/comparefn-controls-sort.js [sloppy] on Fuel
# exhausted test/built-ins/Array/prototype/toSorted/comparefn-controls-sort.js [strict] on Fuel
# exhausted test/built-ins/Array/prototype/toSorted/comparefn-default.js [sloppy] on Fuel
# exhausted test/built-ins/Array/prototype/toSorted/comparefn-default.js [strict] on Fuel
# exhausted test/built-ins/Array/prototype/toSorted/length-casted-to-zero.js [sloppy] on Fuel
# exhausted test/built-ins/Array/prototype/toSorted/length-casted-to-zero.js [strict] on Fuel
# exhausted test/built-ins/Array/prototype/toSorted/length.js [sloppy] on Fuel
# exhausted test/built-ins/Array/prototype/toSorted/length.js [strict] on Fuel
# exhausted test/built-ins/Array/prototype/toSorted/name.js [sloppy] on Fuel
# exhausted test/built-ins/Array/prototype/toSorted/name.js [strict] on Fuel
# exhausted test/built-ins/Array/prototype/toSorted/property-descriptor.js [sloppy] on Fuel
# exhausted test/built-ins/Array/prototype/toSorted/property-descriptor.js [strict] on Fuel
# exhausted test/built-ins/Array/prototype/toSorted/this-value-boolean.js [sloppy] on Fuel
# exhausted test/built-ins/Array/prototype/toSorted/this-value-boolean.js [strict] on Fuel
# exhausted test/built-ins/Array/prototype/toSpliced/deleteCount-clamped-between-zero-and-remaining-count.js [sloppy] on Fuel
# exhausted test/built-ins/Array/prototype/toSpliced/deleteCount-clamped-between-zero-and-remaining-count.js [strict] on Fuel
# exhausted test/built-ins/Array/prototype/toSpliced/elements-read-in-order.js [sloppy] on Fuel
# exhausted test/built-ins/Array/prototype/toSpliced/elements-read-in-order.js [strict] on Fuel
# exhausted test/built-ins/Array/prototype/toSpliced/length-casted-to-zero.js [sloppy] on Fuel
# exhausted test/built-ins/Array/prototype/toSpliced/length-casted-to-zero.js [strict] on Fuel
# exhausted test/built-ins/Array/prototype/toSpliced/length.js [sloppy] on Fuel
# exhausted test/built-ins/Array/prototype/toSpliced/length.js [strict] on Fuel
# exhausted test/built-ins/Array/prototype/toSpliced/name.js [sloppy] on Fuel
# exhausted test/built-ins/Array/prototype/toSpliced/name.js [strict] on Fuel
# exhausted test/built-ins/Array/prototype/toSpliced/property-descriptor.js [sloppy] on Fuel
# exhausted test/built-ins/Array/prototype/toSpliced/property-descriptor.js [strict] on Fuel
# exhausted test/built-ins/Array/prototype/toSpliced/this-value-boolean.js [sloppy] on Fuel
# exhausted test/built-ins/Array/prototype/toSpliced/this-value-boolean.js [strict] on Fuel
# exhausted test/built-ins/Array/prototype/toString/length.js [sloppy] on Fuel
# exhausted test/built-ins/Array/prototype/toString/length.js [strict] on Fuel
# exhausted test/built-ins/Array/prototype/toString/name.js [sloppy] on Fuel
# exhausted test/built-ins/Array/prototype/toString/name.js [strict] on Fuel
# exhausted test/built-ins/Array/prototype/toString/prop-desc.js [sloppy] on Fuel
# exhausted test/built-ins/Array/prototype/toString/prop-desc.js [strict] on Fuel
# exhausted test/built-ins/Array/prototype/unshift/length-near-integer-limit.js [sloppy] on Fuel
# exhausted test/built-ins/Array/prototype/unshift/length-near-integer-limit.js [strict] on Fuel
# exhausted test/built-ins/Array/prototype/unshift/length.js [sloppy] on Fuel
# exhausted test/built-ins/Array/prototype/unshift/length.js [strict] on Fuel
# exhausted test/built-ins/Array/prototype/unshift/name.js [sloppy] on Fuel
# exhausted test/built-ins/Array/prototype/unshift/name.js [strict] on Fuel
# exhausted test/built-ins/Array/prototype/unshift/prop-desc.js [sloppy] on Fuel
# exhausted test/built-ins/Array/prototype/unshift/prop-desc.js [strict] on Fuel
# exhausted test/built-ins/Array/prototype/unshift/throws-if-integer-limit-exceeded.js [sloppy] on Fuel
# exhausted test/built-ins/Array/prototype/unshift/throws-if-integer-limit-exceeded.js [strict] on Fuel
# exhausted test/built-ins/Array/prototype/values/length.js [sloppy] on Fuel
# exhausted test/built-ins/Array/prototype/values/length.js [strict] on Fuel
# exhausted test/built-ins/Array/prototype/values/name.js [sloppy] on Fuel
# exhausted test/built-ins/Array/prototype/values/name.js [strict] on Fuel
# exhausted test/built-ins/Array/prototype/values/prop-desc.js [sloppy] on Fuel
# exhausted test/built-ins/Array/prototype/values/prop-desc.js [strict] on Fuel
# exhausted test/built-ins/Array/prototype/with/index-casted-to-number.js [sloppy] on Fuel
# exhausted test/built-ins/Array/prototype/with/index-casted-to-number.js [strict] on Fuel
# exhausted test/built-ins/Array/prototype/with/length.js [sloppy] on Fuel
# exhausted test/built-ins/Array/prototype/with/length.js [strict] on Fuel
# exhausted test/built-ins/Array/prototype/with/name.js [sloppy] on Fuel
# exhausted test/built-ins/Array/prototype/with/name.js [strict] on Fuel
# exhausted test/built-ins/Array/prototype/with/property-descriptor.js [sloppy] on Fuel
# exhausted test/built-ins/Array/prototype/with/property-descriptor.js [strict] on Fuel
# exhausted test/built-ins/Array/prototype/with/this-value-boolean.js [sloppy] on Fuel
# exhausted test/built-ins/Array/prototype/with/this-value-boolean.js [strict] on Fuel
# exhausted test/built-ins/Promise/Symbol.species/length.js [sloppy] on Fuel
# exhausted test/built-ins/Promise/Symbol.species/length.js [strict] on Fuel
# exhausted test/built-ins/Promise/all/capability-executor-not-callable.js [sloppy] on Fuel
# exhausted test/built-ins/Promise/all/capability-executor-not-callable.js [strict] on Fuel
# exhausted test/built-ins/Promise/all/invoke-then.js [sloppy] on Fuel
# exhausted test/built-ins/Promise/all/invoke-then.js [strict] on Fuel
# exhausted test/built-ins/Promise/all/length.js [sloppy] on Fuel
# exhausted test/built-ins/Promise/all/length.js [strict] on Fuel
# exhausted test/built-ins/Promise/all/name.js [sloppy] on Fuel
# exhausted test/built-ins/Promise/all/name.js [strict] on Fuel
# exhausted test/built-ins/Promise/all/prop-desc.js [sloppy] on Fuel
# exhausted test/built-ins/Promise/all/prop-desc.js [strict] on Fuel
# exhausted test/built-ins/Promise/all/resolve-element-function-length.js [sloppy] on Fuel
# exhausted test/built-ins/Promise/all/resolve-element-function-length.js [strict] on Fuel
# exhausted test/built-ins/Promise/all/resolve-element-function-name.js [sloppy] on Fuel
# exhausted test/built-ins/Promise/all/resolve-element-function-name.js [strict] on Fuel
# exhausted test/built-ins/Promise/allSettled/call-resolve-element-after-return.js [sloppy] on Fuel
# exhausted test/built-ins/Promise/allSettled/call-resolve-element-after-return.js [strict] on Fuel
# exhausted test/built-ins/Promise/allSettled/call-resolve-element-items.js [sloppy] on Fuel
# exhausted test/built-ins/Promise/allSettled/call-resolve-element-items.js [strict] on Fuel
# exhausted test/built-ins/Promise/allSettled/capability-executor-not-callable.js [sloppy] on Fuel
# exhausted test/built-ins/Promise/allSettled/capability-executor-not-callable.js [strict] on Fuel
# exhausted test/built-ins/Promise/allSettled/invoke-then.js [sloppy] on Fuel
# exhausted test/built-ins/Promise/allSettled/invoke-then.js [strict] on Fuel
# exhausted test/built-ins/Promise/allSettled/length.js [sloppy] on Fuel
# exhausted test/built-ins/Promise/allSettled/length.js [strict] on Fuel
# exhausted test/built-ins/Promise/allSettled/name.js [sloppy] on Fuel
# exhausted test/built-ins/Promise/allSettled/name.js [strict] on Fuel
# exhausted test/built-ins/Promise/allSettled/prop-desc.js [sloppy] on Fuel
# exhausted test/built-ins/Promise/allSettled/prop-desc.js [strict] on Fuel
# exhausted test/built-ins/Promise/allSettled/reject-element-function-length.js [sloppy] on Fuel
# exhausted test/built-ins/Promise/allSettled/reject-element-function-length.js [strict] on Fuel
# exhausted test/built-ins/Promise/allSettled/reject-element-function-name.js [sloppy] on Fuel
# exhausted test/built-ins/Promise/allSettled/reject-element-function-name.js [strict] on Fuel
# exhausted test/built-ins/Promise/allSettled/resolve-before-loop-exit-from-same.js [sloppy] on Fuel
# exhausted test/built-ins/Promise/allSettled/resolve-before-loop-exit-from-same.js [strict] on Fuel
# exhausted test/built-ins/Promise/allSettled/resolve-before-loop-exit.js [sloppy] on Fuel
# exhausted test/built-ins/Promise/allSettled/resolve-before-loop-exit.js [strict] on Fuel
# exhausted test/built-ins/Promise/allSettled/resolve-element-function-length.js [sloppy] on Fuel
# exhausted test/built-ins/Promise/allSettled/resolve-element-function-length.js [strict] on Fuel
# exhausted test/built-ins/Promise/allSettled/resolve-element-function-name.js [sloppy] on Fuel
# exhausted test/built-ins/Promise/allSettled/resolve-element-function-name.js [strict] on Fuel
# exhausted test/built-ins/Promise/allSettled/resolve-from-same-thenable.js [sloppy] on Fuel
# exhausted test/built-ins/Promise/allSettled/resolve-from-same-thenable.js [strict] on Fuel
# exhausted test/built-ins/Promise/allSettled/resolve-non-thenable.js [sloppy] on Fuel
# exhausted test/built-ins/Promise/allSettled/resolve-non-thenable.js [strict] on Fuel
# exhausted test/built-ins/Promise/allSettled/resolved-all-fulfilled.js [sloppy] on Fuel
# exhausted test/built-ins/Promise/allSettled/resolved-all-fulfilled.js [strict] on Fuel
# exhausted test/built-ins/Promise/allSettled/resolved-all-mixed.js [sloppy] on Fuel
# exhausted test/built-ins/Promise/allSettled/resolved-all-mixed.js [strict] on Fuel
# exhausted test/built-ins/Promise/allSettled/resolved-all-rejected.js [sloppy] on Fuel
# exhausted test/built-ins/Promise/allSettled/resolved-all-rejected.js [strict] on Fuel
# exhausted test/built-ins/Promise/allSettled/resolved-sequence-mixed.js [sloppy] on Fuel
# exhausted test/built-ins/Promise/allSettled/resolved-sequence-mixed.js [strict] on Fuel
# exhausted test/built-ins/Promise/allSettled/resolved-then-catch-finally.js [sloppy] on Fuel
# exhausted test/built-ins/Promise/allSettled/resolved-then-catch-finally.js [strict] on Fuel
# exhausted test/built-ins/Promise/any/capability-executor-called-twice.js [sloppy] on Fuel
# exhausted test/built-ins/Promise/any/capability-executor-called-twice.js [strict] on Fuel
# exhausted test/built-ins/Promise/any/capability-executor-not-callable.js [sloppy] on Fuel
# exhausted test/built-ins/Promise/any/capability-executor-not-callable.js [strict] on Fuel
# exhausted test/built-ins/Promise/any/length.js [sloppy] on Fuel
# exhausted test/built-ins/Promise/any/length.js [strict] on Fuel
# exhausted test/built-ins/Promise/any/name.js [sloppy] on Fuel
# exhausted test/built-ins/Promise/any/name.js [strict] on Fuel
# exhausted test/built-ins/Promise/any/prop-desc.js [sloppy] on Fuel
# exhausted test/built-ins/Promise/any/prop-desc.js [strict] on Fuel
# exhausted test/built-ins/Promise/any/reject-element-function-length.js [sloppy] on Fuel
# exhausted test/built-ins/Promise/any/reject-element-function-length.js [strict] on Fuel
# exhausted test/built-ins/Promise/any/reject-element-function-name.js [sloppy] on Fuel
# exhausted test/built-ins/Promise/any/reject-element-function-name.js [strict] on Fuel
# exhausted test/built-ins/Promise/any/resolve-before-loop-exit.js [sloppy] on Fuel
# exhausted test/built-ins/Promise/any/resolve-before-loop-exit.js [strict] on Fuel
# exhausted test/built-ins/Promise/any/resolved-sequence-mixed.js [sloppy] on Fuel
# exhausted test/built-ins/Promise/any/resolved-sequence-mixed.js [strict] on Fuel
# exhausted test/built-ins/Promise/executor-function-length.js [sloppy] on Fuel
# exhausted test/built-ins/Promise/executor-function-length.js [strict] on Fuel
# exhausted test/built-ins/Promise/executor-function-name.js [sloppy] on Fuel
# exhausted test/built-ins/Promise/executor-function-name.js [strict] on Fuel
# exhausted test/built-ins/Promise/length.js [sloppy] on Fuel
# exhausted test/built-ins/Promise/length.js [strict] on Fuel
# exhausted test/built-ins/Promise/name.js [sloppy] on Fuel
# exhausted test/built-ins/Promise/name.js [strict] on Fuel
# exhausted test/built-ins/Promise/promise.js [sloppy] on Fuel
# exhausted test/built-ins/Promise/promise.js [strict] on Fuel
# exhausted test/built-ins/Promise/prototype/Symbol.toStringTag.js [sloppy] on Fuel
# exhausted test/built-ins/Promise/prototype/Symbol.toStringTag.js [strict] on Fuel
# exhausted test/built-ins/Promise/prototype/catch/length.js [sloppy] on Fuel
# exhausted test/built-ins/Promise/prototype/catch/length.js [strict] on Fuel
# exhausted test/built-ins/Promise/prototype/catch/name.js [sloppy] on Fuel
# exhausted test/built-ins/Promise/prototype/catch/name.js [strict] on Fuel
# exhausted test/built-ins/Promise/prototype/catch/prop-desc.js [sloppy] on Fuel
# exhausted test/built-ins/Promise/prototype/catch/prop-desc.js [strict] on Fuel
# exhausted test/built-ins/Promise/prototype/finally/length.js [sloppy] on Fuel
# exhausted test/built-ins/Promise/prototype/finally/length.js [strict] on Fuel
# exhausted test/built-ins/Promise/prototype/finally/name.js [sloppy] on Fuel
# exhausted test/built-ins/Promise/prototype/finally/name.js [strict] on Fuel
# exhausted test/built-ins/Promise/prototype/finally/prop-desc.js [sloppy] on Fuel
# exhausted test/built-ins/Promise/prototype/finally/prop-desc.js [strict] on Fuel
# exhausted test/built-ins/Promise/prototype/prop-desc.js [sloppy] on Fuel
# exhausted test/built-ins/Promise/prototype/prop-desc.js [strict] on Fuel
# exhausted test/built-ins/Promise/prototype/then/capability-executor-not-callable.js [sloppy] on Fuel
# exhausted test/built-ins/Promise/prototype/then/capability-executor-not-callable.js [strict] on Fuel
# exhausted test/built-ins/Promise/prototype/then/length.js [sloppy] on Fuel
# exhausted test/built-ins/Promise/prototype/then/length.js [strict] on Fuel
# exhausted test/built-ins/Promise/prototype/then/name.js [sloppy] on Fuel
# exhausted test/built-ins/Promise/prototype/then/name.js [strict] on Fuel
# exhausted test/built-ins/Promise/prototype/then/prop-desc.js [sloppy] on Fuel
# exhausted test/built-ins/Promise/prototype/then/prop-desc.js [strict] on Fuel
# exhausted test/built-ins/Promise/race/capability-executor-not-callable.js [sloppy] on Fuel
# exhausted test/built-ins/Promise/race/capability-executor-not-callable.js [strict] on Fuel
# exhausted test/built-ins/Promise/race/invoke-then.js [sloppy] on Fuel
# exhausted test/built-ins/Promise/race/invoke-then.js [strict] on Fuel
# exhausted test/built-ins/Promise/race/length.js [sloppy] on Fuel
# exhausted test/built-ins/Promise/race/length.js [strict] on Fuel
# exhausted test/built-ins/Promise/race/name.js [sloppy] on Fuel
# exhausted test/built-ins/Promise/race/name.js [strict] on Fuel
# exhausted test/built-ins/Promise/race/prop-desc.js [sloppy] on Fuel
# exhausted test/built-ins/Promise/race/prop-desc.js [strict] on Fuel
# exhausted test/built-ins/Promise/race/resolved-sequence-with-rejections.js [sloppy] on Fuel
# exhausted test/built-ins/Promise/race/resolved-sequence-with-rejections.js [strict] on Fuel
# exhausted test/built-ins/Promise/race/resolved-sequence.js [sloppy] on Fuel
# exhausted test/built-ins/Promise/race/resolved-sequence.js [strict] on Fuel
# exhausted test/built-ins/Promise/race/resolved-then-catch-finally.js [sloppy] on Fuel
# exhausted test/built-ins/Promise/race/resolved-then-catch-finally.js [strict] on Fuel
# exhausted test/built-ins/Promise/reject-function-length.js [sloppy] on Fuel
# exhausted test/built-ins/Promise/reject-function-length.js [strict] on Fuel
# exhausted test/built-ins/Promise/reject-function-name.js [sloppy] on Fuel
# exhausted test/built-ins/Promise/reject-function-name.js [strict] on Fuel
# exhausted test/built-ins/Promise/reject/capability-executor-not-callable.js [sloppy] on Fuel
# exhausted test/built-ins/Promise/reject/capability-executor-not-callable.js [strict] on Fuel
# exhausted test/built-ins/Promise/reject/length.js [sloppy] on Fuel
# exhausted test/built-ins/Promise/reject/length.js [strict] on Fuel
# exhausted test/built-ins/Promise/reject/name.js [sloppy] on Fuel
# exhausted test/built-ins/Promise/reject/name.js [strict] on Fuel
# exhausted test/built-ins/Promise/reject/prop-desc.js [sloppy] on Fuel
# exhausted test/built-ins/Promise/reject/prop-desc.js [strict] on Fuel
# exhausted test/built-ins/Promise/resolve-function-length.js [sloppy] on Fuel
# exhausted test/built-ins/Promise/resolve-function-length.js [strict] on Fuel
# exhausted test/built-ins/Promise/resolve-function-name.js [sloppy] on Fuel
# exhausted test/built-ins/Promise/resolve-function-name.js [strict] on Fuel
# exhausted test/built-ins/Promise/resolve/capability-executor-not-callable.js [sloppy] on Fuel
# exhausted test/built-ins/Promise/resolve/capability-executor-not-callable.js [strict] on Fuel
# exhausted test/built-ins/Promise/resolve/length.js [sloppy] on Fuel
# exhausted test/built-ins/Promise/resolve/length.js [strict] on Fuel
# exhausted test/built-ins/Promise/resolve/name.js [sloppy] on Fuel
# exhausted test/built-ins/Promise/resolve/name.js [strict] on Fuel
# exhausted test/built-ins/Promise/resolve/prop-desc.js [sloppy] on Fuel
# exhausted test/built-ins/Promise/resolve/prop-desc.js [strict] on Fuel
# exhausted test/built-ins/Promise/try/length.js [sloppy] on Fuel
# exhausted test/built-ins/Promise/try/length.js [strict] on Fuel
# exhausted test/built-ins/Promise/try/name.js [sloppy] on Fuel
# exhausted test/built-ins/Promise/try/name.js [strict] on Fuel
# exhausted test/built-ins/Promise/try/prop-desc.js [sloppy] on Fuel
# exhausted test/built-ins/Promise/try/prop-desc.js [strict] on Fuel
# exhausted test/built-ins/Promise/withResolvers/result.js [sloppy] on Fuel
# exhausted test/built-ins/Promise/withResolvers/result.js [strict] on Fuel
# exhausted test/language/expressions/object/computed-__proto__.js [sloppy] on Fuel
# exhausted test/language/expressions/object/computed-__proto__.js [strict] on Fuel
# exhausted test/language/expressions/object/dstr/async-gen-meth-dflt-obj-ptrn-rest-getter.js [sloppy] on Fuel
# exhausted test/language/expressions/object/dstr/async-gen-meth-dflt-obj-ptrn-rest-getter.js [strict] on Fuel
# exhausted test/language/expressions/object/dstr/async-gen-meth-dflt-obj-ptrn-rest-skip-non-enumerable.js [sloppy] on Fuel
# exhausted test/language/expressions/object/dstr/async-gen-meth-dflt-obj-ptrn-rest-skip-non-enumerable.js [strict] on Fuel
# exhausted test/language/expressions/object/dstr/async-gen-meth-dflt-obj-ptrn-rest-val-obj.js [sloppy] on Fuel
# exhausted test/language/expressions/object/dstr/async-gen-meth-dflt-obj-ptrn-rest-val-obj.js [strict] on Fuel
# exhausted test/language/expressions/object/dstr/async-gen-meth-obj-ptrn-rest-getter.js [sloppy] on Fuel
# exhausted test/language/expressions/object/dstr/async-gen-meth-obj-ptrn-rest-getter.js [strict] on Fuel
# exhausted test/language/expressions/object/dstr/async-gen-meth-obj-ptrn-rest-skip-non-enumerable.js [sloppy] on Fuel
# exhausted test/language/expressions/object/dstr/async-gen-meth-obj-ptrn-rest-skip-non-enumerable.js [strict] on Fuel
# exhausted test/language/expressions/object/dstr/async-gen-meth-obj-ptrn-rest-val-obj.js [sloppy] on Fuel
# exhausted test/language/expressions/object/dstr/async-gen-meth-obj-ptrn-rest-val-obj.js [strict] on Fuel
# exhausted test/language/expressions/object/dstr/gen-meth-dflt-obj-ptrn-rest-getter.js [sloppy] on Fuel
# exhausted test/language/expressions/object/dstr/gen-meth-dflt-obj-ptrn-rest-getter.js [strict] on Fuel
# exhausted test/language/expressions/object/dstr/gen-meth-dflt-obj-ptrn-rest-skip-non-enumerable.js [sloppy] on Fuel
# exhausted test/language/expressions/object/dstr/gen-meth-dflt-obj-ptrn-rest-skip-non-enumerable.js [strict] on Fuel
# exhausted test/language/expressions/object/dstr/gen-meth-dflt-obj-ptrn-rest-val-obj.js [sloppy] on Fuel
# exhausted test/language/expressions/object/dstr/gen-meth-dflt-obj-ptrn-rest-val-obj.js [strict] on Fuel
# exhausted test/language/expressions/object/dstr/gen-meth-obj-ptrn-rest-getter.js [sloppy] on Fuel
# exhausted test/language/expressions/object/dstr/gen-meth-obj-ptrn-rest-getter.js [strict] on Fuel
# exhausted test/language/expressions/object/dstr/gen-meth-obj-ptrn-rest-skip-non-enumerable.js [sloppy] on Fuel
# exhausted test/language/expressions/object/dstr/gen-meth-obj-ptrn-rest-skip-non-enumerable.js [strict] on Fuel
# exhausted test/language/expressions/object/dstr/gen-meth-obj-ptrn-rest-val-obj.js [sloppy] on Fuel
# exhausted test/language/expressions/object/dstr/gen-meth-obj-ptrn-rest-val-obj.js [strict] on Fuel
# exhausted test/language/expressions/object/dstr/meth-dflt-obj-ptrn-rest-getter.js [sloppy] on Fuel
# exhausted test/language/expressions/object/dstr/meth-dflt-obj-ptrn-rest-getter.js [strict] on Fuel
# exhausted test/language/expressions/object/dstr/meth-dflt-obj-ptrn-rest-skip-non-enumerable.js [sloppy] on Fuel
# exhausted test/language/expressions/object/dstr/meth-dflt-obj-ptrn-rest-skip-non-enumerable.js [strict] on Fuel
# exhausted test/language/expressions/object/dstr/meth-dflt-obj-ptrn-rest-val-obj.js [sloppy] on Fuel
# exhausted test/language/expressions/object/dstr/meth-dflt-obj-ptrn-rest-val-obj.js [strict] on Fuel
# exhausted test/language/expressions/object/dstr/meth-obj-ptrn-rest-getter.js [sloppy] on Fuel
# exhausted test/language/expressions/object/dstr/meth-obj-ptrn-rest-getter.js [strict] on Fuel
# exhausted test/language/expressions/object/dstr/meth-obj-ptrn-rest-skip-non-enumerable.js [sloppy] on Fuel
# exhausted test/language/expressions/object/dstr/meth-obj-ptrn-rest-skip-non-enumerable.js [strict] on Fuel
# exhausted test/language/expressions/object/dstr/meth-obj-ptrn-rest-val-obj.js [sloppy] on Fuel
# exhausted test/language/expressions/object/dstr/meth-obj-ptrn-rest-val-obj.js [strict] on Fuel
# exhausted test/language/expressions/object/dstr/object-rest-proxy-get-not-called-on-dontenum-keys.js [sloppy] on Fuel
# exhausted test/language/expressions/object/dstr/object-rest-proxy-get-not-called-on-dontenum-keys.js [strict] on Fuel
# exhausted test/language/expressions/object/fn-name-accessor-get.js [sloppy] on Fuel
# exhausted test/language/expressions/object/fn-name-accessor-get.js [strict] on Fuel
# exhausted test/language/expressions/object/fn-name-accessor-set.js [sloppy] on Fuel
# exhausted test/language/expressions/object/fn-name-accessor-set.js [strict] on Fuel
# exhausted test/language/expressions/object/fn-name-arrow.js [sloppy] on Fuel
# exhausted test/language/expressions/object/fn-name-arrow.js [strict] on Fuel
# exhausted test/language/expressions/object/fn-name-class.js [sloppy] on Fuel
# exhausted test/language/expressions/object/fn-name-class.js [strict] on Fuel
# exhausted test/language/expressions/object/fn-name-cover.js [sloppy] on Fuel
# exhausted test/language/expressions/object/fn-name-cover.js [strict] on Fuel
# exhausted test/language/expressions/object/fn-name-fn.js [sloppy] on Fuel
# exhausted test/language/expressions/object/fn-name-fn.js [strict] on Fuel
# exhausted test/language/expressions/object/fn-name-gen.js [sloppy] on Fuel
# exhausted test/language/expressions/object/fn-name-gen.js [strict] on Fuel
# exhausted test/language/expressions/object/getter-prop-desc.js [sloppy] on Fuel
# exhausted test/language/expressions/object/getter-prop-desc.js [strict] on Fuel
# exhausted test/language/expressions/object/method-definition/async-gen-yield-identifier-spread-non-strict.js [sloppy] on Fuel
# exhausted test/language/expressions/object/method-definition/async-gen-yield-star-async-next.js [sloppy] on Fuel
# exhausted test/language/expressions/object/method-definition/async-gen-yield-star-async-next.js [strict] on Fuel
# exhausted test/language/expressions/object/method-definition/async-gen-yield-star-async-return.js [sloppy] on Fuel
# exhausted test/language/expressions/object/method-definition/async-gen-yield-star-async-return.js [strict] on Fuel
# exhausted test/language/expressions/object/method-definition/async-gen-yield-star-async-throw.js [sloppy] on Fuel
# exhausted test/language/expressions/object/method-definition/async-gen-yield-star-async-throw.js [strict] on Fuel
# exhausted test/language/expressions/object/method-definition/async-gen-yield-star-sync-next.js [sloppy] on Fuel
# exhausted test/language/expressions/object/method-definition/async-gen-yield-star-sync-next.js [strict] on Fuel
# exhausted test/language/expressions/object/method-definition/async-gen-yield-star-sync-return.js [sloppy] on Fuel
# exhausted test/language/expressions/object/method-definition/async-gen-yield-star-sync-return.js [strict] on Fuel
# exhausted test/language/expressions/object/method-definition/async-gen-yield-star-sync-throw.js [sloppy] on Fuel
# exhausted test/language/expressions/object/method-definition/async-gen-yield-star-sync-throw.js [strict] on Fuel
# exhausted test/language/expressions/object/method-definition/fn-name-fn.js [sloppy] on Fuel
# exhausted test/language/expressions/object/method-definition/fn-name-fn.js [strict] on Fuel
# exhausted test/language/expressions/object/method-definition/fn-name-gen.js [sloppy] on Fuel
# exhausted test/language/expressions/object/method-definition/fn-name-gen.js [strict] on Fuel
# exhausted test/language/expressions/object/method-definition/generator-length-dflt.js [sloppy] on Fuel
# exhausted test/language/expressions/object/method-definition/generator-length-dflt.js [strict] on Fuel
# exhausted test/language/expressions/object/method-definition/generator-length.js [sloppy] on Fuel
# exhausted test/language/expressions/object/method-definition/generator-length.js [strict] on Fuel
# exhausted test/language/expressions/object/method-definition/generator-name-prop-string.js [sloppy] on Fuel
# exhausted test/language/expressions/object/method-definition/generator-name-prop-string.js [strict] on Fuel
# exhausted test/language/expressions/object/method-definition/generator-name-prop-symbol.js [sloppy] on Fuel
# exhausted test/language/expressions/object/method-definition/generator-name-prop-symbol.js [strict] on Fuel
# exhausted test/language/expressions/object/method-definition/generator-property-desc.js [sloppy] on Fuel
# exhausted test/language/expressions/object/method-definition/generator-property-desc.js [strict] on Fuel
# exhausted test/language/expressions/object/method-definition/generator-prototype-prop.js [sloppy] on Fuel
# exhausted test/language/expressions/object/method-definition/generator-prototype-prop.js [strict] on Fuel
# exhausted test/language/expressions/object/method-definition/name-length-dflt.js [sloppy] on Fuel
# exhausted test/language/expressions/object/method-definition/name-length-dflt.js [strict] on Fuel
# exhausted test/language/expressions/object/method-definition/name-length.js [sloppy] on Fuel
# exhausted test/language/expressions/object/method-definition/name-length.js [strict] on Fuel
# exhausted test/language/expressions/object/method-definition/name-name-prop-string.js [sloppy] on Fuel
# exhausted test/language/expressions/object/method-definition/name-name-prop-string.js [strict] on Fuel
# exhausted test/language/expressions/object/method-definition/name-name-prop-symbol.js [sloppy] on Fuel
# exhausted test/language/expressions/object/method-definition/name-name-prop-symbol.js [strict] on Fuel
# exhausted test/language/expressions/object/method-definition/name-property-desc.js [sloppy] on Fuel
# exhausted test/language/expressions/object/method-definition/name-property-desc.js [strict] on Fuel
# exhausted test/language/expressions/object/method-definition/yield-as-expression-with-rhs.js [sloppy] on Fuel
# exhausted test/language/expressions/object/method-definition/yield-as-expression-with-rhs.js [strict] on Fuel
# exhausted test/language/expressions/object/method-definition/yield-as-expression-without-rhs.js [sloppy] on Fuel
# exhausted test/language/expressions/object/method-definition/yield-as-expression-without-rhs.js [strict] on Fuel
# exhausted test/language/expressions/object/object-spread-proxy-get-not-called-on-dontenum-keys.js [sloppy] on Fuel
# exhausted test/language/expressions/object/object-spread-proxy-get-not-called-on-dontenum-keys.js [strict] on Fuel
# exhausted test/language/expressions/object/prop-def-id-valid.js [sloppy] on Fuel
# exhausted test/language/expressions/object/prop-def-id-valid.js [strict] on Fuel
# exhausted test/language/expressions/object/setter-length-dflt.js [sloppy] on Fuel
# exhausted test/language/expressions/object/setter-length-dflt.js [strict] on Fuel
# exhausted test/language/expressions/object/setter-prop-desc.js [sloppy] on Fuel
# exhausted test/language/expressions/object/setter-prop-desc.js [strict] on Fuel
# exhausted test/language/statements/class/arguments/access.js [sloppy] on Fuel
# exhausted test/language/statements/class/arguments/access.js [strict] on Fuel
# exhausted test/language/statements/class/async-gen-method-static/yield-star-async-next.js [sloppy] on Fuel
# exhausted test/language/statements/class/async-gen-method-static/yield-star-async-next.js [strict] on Fuel
# exhausted test/language/statements/class/async-gen-method-static/yield-star-async-return.js [sloppy] on Fuel
# exhausted test/language/statements/class/async-gen-method-static/yield-star-async-return.js [strict] on Fuel
# exhausted test/language/statements/class/async-gen-method-static/yield-star-async-throw.js [sloppy] on Fuel
# exhausted test/language/statements/class/async-gen-method-static/yield-star-async-throw.js [strict] on Fuel
# exhausted test/language/statements/class/async-gen-method-static/yield-star-sync-next.js [sloppy] on Fuel
# exhausted test/language/statements/class/async-gen-method-static/yield-star-sync-next.js [strict] on Fuel
# exhausted test/language/statements/class/async-gen-method-static/yield-star-sync-return.js [sloppy] on Fuel
# exhausted test/language/statements/class/async-gen-method-static/yield-star-sync-return.js [strict] on Fuel
# exhausted test/language/statements/class/async-gen-method-static/yield-star-sync-throw.js [sloppy] on Fuel
# exhausted test/language/statements/class/async-gen-method-static/yield-star-sync-throw.js [strict] on Fuel
# exhausted test/language/statements/class/async-gen-method/yield-star-async-next.js [sloppy] on Fuel
# exhausted test/language/statements/class/async-gen-method/yield-star-async-next.js [strict] on Fuel
# exhausted test/language/statements/class/async-gen-method/yield-star-async-return.js [sloppy] on Fuel
# exhausted test/language/statements/class/async-gen-method/yield-star-async-return.js [strict] on Fuel
# exhausted test/language/statements/class/async-gen-method/yield-star-async-throw.js [sloppy] on Fuel
# exhausted test/language/statements/class/async-gen-method/yield-star-async-throw.js [strict] on Fuel
# exhausted test/language/statements/class/async-gen-method/yield-star-sync-next.js [sloppy] on Fuel
# exhausted test/language/statements/class/async-gen-method/yield-star-sync-next.js [strict] on Fuel
# exhausted test/language/statements/class/async-gen-method/yield-star-sync-return.js [sloppy] on Fuel
# exhausted test/language/statements/class/async-gen-method/yield-star-sync-return.js [strict] on Fuel
# exhausted test/language/statements/class/async-gen-method/yield-star-sync-throw.js [sloppy] on Fuel
# exhausted test/language/statements/class/async-gen-method/yield-star-sync-throw.js [strict] on Fuel
# exhausted test/language/statements/class/definition/fn-length-static-precedence-order.js [sloppy] on Fuel
# exhausted test/language/statements/class/definition/fn-length-static-precedence-order.js [strict] on Fuel
# exhausted test/language/statements/class/definition/fn-name-accessor-get.js [sloppy] on Fuel
# exhausted test/language/statements/class/definition/fn-name-accessor-get.js [strict] on Fuel
# exhausted test/language/statements/class/definition/fn-name-accessor-set.js [sloppy] on Fuel
# exhausted test/language/statements/class/definition/fn-name-accessor-set.js [strict] on Fuel
# exhausted test/language/statements/class/definition/fn-name-gen-method.js [sloppy] on Fuel
# exhausted test/language/statements/class/definition/fn-name-gen-method.js [strict] on Fuel
# exhausted test/language/statements/class/definition/fn-name-method.js [sloppy] on Fuel
# exhausted test/language/statements/class/definition/fn-name-method.js [strict] on Fuel
# exhausted test/language/statements/class/definition/fn-name-static-precedence-order.js [sloppy] on Fuel
# exhausted test/language/statements/class/definition/fn-name-static-precedence-order.js [strict] on Fuel
# exhausted test/language/statements/class/definition/getters-prop-desc.js [sloppy] on Fuel
# exhausted test/language/statements/class/definition/getters-prop-desc.js [strict] on Fuel
# exhausted test/language/statements/class/definition/methods-gen-yield-as-expression-with-rhs.js [sloppy] on Fuel
# exhausted test/language/statements/class/definition/methods-gen-yield-as-expression-with-rhs.js [strict] on Fuel
# exhausted test/language/statements/class/definition/methods-gen-yield-as-expression-without-rhs.js [sloppy] on Fuel
# exhausted test/language/statements/class/definition/methods-gen-yield-as-expression-without-rhs.js [strict] on Fuel
# exhausted test/language/statements/class/definition/methods-restricted-properties.js [sloppy] on Fuel
# exhausted test/language/statements/class/definition/methods-restricted-properties.js [strict] on Fuel
# exhausted test/language/statements/class/definition/methods.js [sloppy] on Fuel
# exhausted test/language/statements/class/definition/methods.js [strict] on Fuel
# exhausted test/language/statements/class/definition/numeric-property-names.js [sloppy] on Fuel
# exhausted test/language/statements/class/definition/numeric-property-names.js [strict] on Fuel
# exhausted test/language/statements/class/definition/setters-prop-desc.js [sloppy] on Fuel
# exhausted test/language/statements/class/definition/setters-prop-desc.js [strict] on Fuel
# exhausted test/language/statements/class/definition/this-access-restriction-2.js [sloppy] on Fuel
# exhausted test/language/statements/class/definition/this-access-restriction-2.js [strict] on Fuel
# exhausted test/language/statements/class/dstr/async-gen-meth-dflt-obj-ptrn-rest-getter.js [sloppy] on Fuel
# exhausted test/language/statements/class/dstr/async-gen-meth-dflt-obj-ptrn-rest-getter.js [strict] on Fuel
# exhausted test/language/statements/class/dstr/async-gen-meth-dflt-obj-ptrn-rest-skip-non-enumerable.js [sloppy] on Fuel
# exhausted test/language/statements/class/dstr/async-gen-meth-dflt-obj-ptrn-rest-skip-non-enumerable.js [strict] on Fuel
# exhausted test/language/statements/class/dstr/async-gen-meth-dflt-obj-ptrn-rest-val-obj.js [sloppy] on Fuel
# exhausted test/language/statements/class/dstr/async-gen-meth-dflt-obj-ptrn-rest-val-obj.js [strict] on Fuel
# exhausted test/language/statements/class/dstr/async-gen-meth-obj-ptrn-rest-getter.js [sloppy] on Fuel
# exhausted test/language/statements/class/dstr/async-gen-meth-obj-ptrn-rest-getter.js [strict] on Fuel
# exhausted test/language/statements/class/dstr/async-gen-meth-obj-ptrn-rest-skip-non-enumerable.js [sloppy] on Fuel
# exhausted test/language/statements/class/dstr/async-gen-meth-obj-ptrn-rest-skip-non-enumerable.js [strict] on Fuel
# exhausted test/language/statements/class/dstr/async-gen-meth-obj-ptrn-rest-val-obj.js [sloppy] on Fuel
# exhausted test/language/statements/class/dstr/async-gen-meth-obj-ptrn-rest-val-obj.js [strict] on Fuel
# exhausted test/language/statements/class/dstr/async-gen-meth-static-dflt-obj-ptrn-rest-getter.js [sloppy] on Fuel
# exhausted test/language/statements/class/dstr/async-gen-meth-static-dflt-obj-ptrn-rest-getter.js [strict] on Fuel
# exhausted test/language/statements/class/dstr/async-gen-meth-static-dflt-obj-ptrn-rest-skip-non-enumerable.js [sloppy] on Fuel
# exhausted test/language/statements/class/dstr/async-gen-meth-static-dflt-obj-ptrn-rest-skip-non-enumerable.js [strict] on Fuel
# exhausted test/language/statements/class/dstr/async-gen-meth-static-dflt-obj-ptrn-rest-val-obj.js [sloppy] on Fuel
# exhausted test/language/statements/class/dstr/async-gen-meth-static-dflt-obj-ptrn-rest-val-obj.js [strict] on Fuel
# exhausted test/language/statements/class/dstr/async-gen-meth-static-obj-ptrn-rest-getter.js [sloppy] on Fuel
# exhausted test/language/statements/class/dstr/async-gen-meth-static-obj-ptrn-rest-getter.js [strict] on Fuel
# exhausted test/language/statements/class/dstr/async-gen-meth-static-obj-ptrn-rest-skip-non-enumerable.js [sloppy] on Fuel
# exhausted test/language/statements/class/dstr/async-gen-meth-static-obj-ptrn-rest-skip-non-enumerable.js [strict] on Fuel
# exhausted test/language/statements/class/dstr/async-gen-meth-static-obj-ptrn-rest-val-obj.js [sloppy] on Fuel
# exhausted test/language/statements/class/dstr/async-gen-meth-static-obj-ptrn-rest-val-obj.js [strict] on Fuel
# exhausted test/language/statements/class/dstr/async-private-gen-meth-dflt-obj-ptrn-rest-getter.js [sloppy] on Fuel
# exhausted test/language/statements/class/dstr/async-private-gen-meth-dflt-obj-ptrn-rest-getter.js [strict] on Fuel
# exhausted test/language/statements/class/dstr/async-private-gen-meth-dflt-obj-ptrn-rest-skip-non-enumerable.js [sloppy] on Fuel
# exhausted test/language/statements/class/dstr/async-private-gen-meth-dflt-obj-ptrn-rest-skip-non-enumerable.js [strict] on Fuel
# exhausted test/language/statements/class/dstr/async-private-gen-meth-dflt-obj-ptrn-rest-val-obj.js [sloppy] on Fuel
# exhausted test/language/statements/class/dstr/async-private-gen-meth-dflt-obj-ptrn-rest-val-obj.js [strict] on Fuel
# exhausted test/language/statements/class/dstr/async-private-gen-meth-obj-ptrn-rest-getter.js [sloppy] on Fuel
# exhausted test/language/statements/class/dstr/async-private-gen-meth-obj-ptrn-rest-getter.js [strict] on Fuel
# exhausted test/language/statements/class/dstr/async-private-gen-meth-obj-ptrn-rest-skip-non-enumerable.js [sloppy] on Fuel
# exhausted test/language/statements/class/dstr/async-private-gen-meth-obj-ptrn-rest-skip-non-enumerable.js [strict] on Fuel
# exhausted test/language/statements/class/dstr/async-private-gen-meth-obj-ptrn-rest-val-obj.js [sloppy] on Fuel
# exhausted test/language/statements/class/dstr/async-private-gen-meth-obj-ptrn-rest-val-obj.js [strict] on Fuel
# exhausted test/language/statements/class/dstr/async-private-gen-meth-static-dflt-obj-ptrn-rest-getter.js [sloppy] on Fuel
# exhausted test/language/statements/class/dstr/async-private-gen-meth-static-dflt-obj-ptrn-rest-getter.js [strict] on Fuel
# exhausted test/language/statements/class/dstr/async-private-gen-meth-static-dflt-obj-ptrn-rest-skip-non-enumerable.js [sloppy] on Fuel
# exhausted test/language/statements/class/dstr/async-private-gen-meth-static-dflt-obj-ptrn-rest-skip-non-enumerable.js [strict] on Fuel
# exhausted test/language/statements/class/dstr/async-private-gen-meth-static-dflt-obj-ptrn-rest-val-obj.js [sloppy] on Fuel
# exhausted test/language/statements/class/dstr/async-private-gen-meth-static-dflt-obj-ptrn-rest-val-obj.js [strict] on Fuel
# exhausted test/language/statements/class/dstr/async-private-gen-meth-static-obj-ptrn-rest-getter.js [sloppy] on Fuel
# exhausted test/language/statements/class/dstr/async-private-gen-meth-static-obj-ptrn-rest-getter.js [strict] on Fuel
# exhausted test/language/statements/class/dstr/async-private-gen-meth-static-obj-ptrn-rest-skip-non-enumerable.js [sloppy] on Fuel
# exhausted test/language/statements/class/dstr/async-private-gen-meth-static-obj-ptrn-rest-skip-non-enumerable.js [strict] on Fuel
# exhausted test/language/statements/class/dstr/async-private-gen-meth-static-obj-ptrn-rest-val-obj.js [sloppy] on Fuel
# exhausted test/language/statements/class/dstr/async-private-gen-meth-static-obj-ptrn-rest-val-obj.js [strict] on Fuel
# exhausted test/language/statements/class/dstr/gen-meth-dflt-obj-ptrn-rest-getter.js [sloppy] on Fuel
# exhausted test/language/statements/class/dstr/gen-meth-dflt-obj-ptrn-rest-getter.js [strict] on Fuel
# exhausted test/language/statements/class/dstr/gen-meth-dflt-obj-ptrn-rest-skip-non-enumerable.js [sloppy] on Fuel
# exhausted test/language/statements/class/dstr/gen-meth-dflt-obj-ptrn-rest-skip-non-enumerable.js [strict] on Fuel
# exhausted test/language/statements/class/dstr/gen-meth-dflt-obj-ptrn-rest-val-obj.js [sloppy] on Fuel
# exhausted test/language/statements/class/dstr/gen-meth-dflt-obj-ptrn-rest-val-obj.js [strict] on Fuel
# exhausted test/language/statements/class/dstr/gen-meth-obj-ptrn-rest-getter.js [sloppy] on Fuel
# exhausted test/language/statements/class/dstr/gen-meth-obj-ptrn-rest-getter.js [strict] on Fuel
# exhausted test/language/statements/class/dstr/gen-meth-obj-ptrn-rest-skip-non-enumerable.js [sloppy] on Fuel
# exhausted test/language/statements/class/dstr/gen-meth-obj-ptrn-rest-skip-non-enumerable.js [strict] on Fuel
# exhausted test/language/statements/class/dstr/gen-meth-obj-ptrn-rest-val-obj.js [sloppy] on Fuel
# exhausted test/language/statements/class/dstr/gen-meth-obj-ptrn-rest-val-obj.js [strict] on Fuel
# exhausted test/language/statements/class/dstr/gen-meth-static-dflt-obj-ptrn-rest-getter.js [sloppy] on Fuel
# exhausted test/language/statements/class/dstr/gen-meth-static-dflt-obj-ptrn-rest-getter.js [strict] on Fuel
# exhausted test/language/statements/class/dstr/gen-meth-static-dflt-obj-ptrn-rest-skip-non-enumerable.js [sloppy] on Fuel
# exhausted test/language/statements/class/dstr/gen-meth-static-dflt-obj-ptrn-rest-skip-non-enumerable.js [strict] on Fuel
# exhausted test/language/statements/class/dstr/gen-meth-static-dflt-obj-ptrn-rest-val-obj.js [sloppy] on Fuel
# exhausted test/language/statements/class/dstr/gen-meth-static-dflt-obj-ptrn-rest-val-obj.js [strict] on Fuel
# exhausted test/language/statements/class/dstr/gen-meth-static-obj-ptrn-rest-getter.js [sloppy] on Fuel
# exhausted test/language/statements/class/dstr/gen-meth-static-obj-ptrn-rest-getter.js [strict] on Fuel
# exhausted test/language/statements/class/dstr/gen-meth-static-obj-ptrn-rest-skip-non-enumerable.js [sloppy] on Fuel
# exhausted test/language/statements/class/dstr/gen-meth-static-obj-ptrn-rest-skip-non-enumerable.js [strict] on Fuel
# exhausted test/language/statements/class/dstr/gen-meth-static-obj-ptrn-rest-val-obj.js [sloppy] on Fuel
# exhausted test/language/statements/class/dstr/gen-meth-static-obj-ptrn-rest-val-obj.js [strict] on Fuel
# exhausted test/language/statements/class/dstr/meth-dflt-obj-ptrn-rest-getter.js [sloppy] on Fuel
# exhausted test/language/statements/class/dstr/meth-dflt-obj-ptrn-rest-getter.js [strict] on Fuel
# exhausted test/language/statements/class/dstr/meth-dflt-obj-ptrn-rest-skip-non-enumerable.js [sloppy] on Fuel
# exhausted test/language/statements/class/dstr/meth-dflt-obj-ptrn-rest-skip-non-enumerable.js [strict] on Fuel
# exhausted test/language/statements/class/dstr/meth-dflt-obj-ptrn-rest-val-obj.js [sloppy] on Fuel
# exhausted test/language/statements/class/dstr/meth-dflt-obj-ptrn-rest-val-obj.js [strict] on Fuel
# exhausted test/language/statements/class/dstr/meth-obj-ptrn-rest-getter.js [sloppy] on Fuel
# exhausted test/language/statements/class/dstr/meth-obj-ptrn-rest-getter.js [strict] on Fuel
# exhausted test/language/statements/class/dstr/meth-obj-ptrn-rest-skip-non-enumerable.js [sloppy] on Fuel
# exhausted test/language/statements/class/dstr/meth-obj-ptrn-rest-skip-non-enumerable.js [strict] on Fuel
# exhausted test/language/statements/class/dstr/meth-obj-ptrn-rest-val-obj.js [sloppy] on Fuel
# exhausted test/language/statements/class/dstr/meth-obj-ptrn-rest-val-obj.js [strict] on Fuel
# exhausted test/language/statements/class/dstr/meth-static-dflt-obj-ptrn-rest-getter.js [sloppy] on Fuel
# exhausted test/language/statements/class/dstr/meth-static-dflt-obj-ptrn-rest-getter.js [strict] on Fuel
# exhausted test/language/statements/class/dstr/meth-static-dflt-obj-ptrn-rest-skip-non-enumerable.js [sloppy] on Fuel
# exhausted test/language/statements/class/dstr/meth-static-dflt-obj-ptrn-rest-skip-non-enumerable.js [strict] on Fuel
# exhausted test/language/statements/class/dstr/meth-static-dflt-obj-ptrn-rest-val-obj.js [sloppy] on Fuel
# exhausted test/language/statements/class/dstr/meth-static-dflt-obj-ptrn-rest-val-obj.js [strict] on Fuel
# exhausted test/language/statements/class/dstr/meth-static-obj-ptrn-rest-getter.js [sloppy] on Fuel
# exhausted test/language/statements/class/dstr/meth-static-obj-ptrn-rest-getter.js [strict] on Fuel
# exhausted test/language/statements/class/dstr/meth-static-obj-ptrn-rest-skip-non-enumerable.js [sloppy] on Fuel
# exhausted test/language/statements/class/dstr/meth-static-obj-ptrn-rest-skip-non-enumerable.js [strict] on Fuel
# exhausted test/language/statements/class/dstr/meth-static-obj-ptrn-rest-val-obj.js [sloppy] on Fuel
# exhausted test/language/statements/class/dstr/meth-static-obj-ptrn-rest-val-obj.js [strict] on Fuel
# exhausted test/language/statements/class/dstr/private-gen-meth-dflt-obj-ptrn-rest-getter.js [sloppy] on Fuel
# exhausted test/language/statements/class/dstr/private-gen-meth-dflt-obj-ptrn-rest-getter.js [strict] on Fuel
# exhausted test/language/statements/class/dstr/private-gen-meth-dflt-obj-ptrn-rest-skip-non-enumerable.js [sloppy] on Fuel
# exhausted test/language/statements/class/dstr/private-gen-meth-dflt-obj-ptrn-rest-skip-non-enumerable.js [strict] on Fuel
# exhausted test/language/statements/class/dstr/private-gen-meth-dflt-obj-ptrn-rest-val-obj.js [sloppy] on Fuel
# exhausted test/language/statements/class/dstr/private-gen-meth-dflt-obj-ptrn-rest-val-obj.js [strict] on Fuel
# exhausted test/language/statements/class/dstr/private-gen-meth-obj-ptrn-rest-getter.js [sloppy] on Fuel
# exhausted test/language/statements/class/dstr/private-gen-meth-obj-ptrn-rest-getter.js [strict] on Fuel
# exhausted test/language/statements/class/dstr/private-gen-meth-obj-ptrn-rest-skip-non-enumerable.js [sloppy] on Fuel
# exhausted test/language/statements/class/dstr/private-gen-meth-obj-ptrn-rest-skip-non-enumerable.js [strict] on Fuel
# exhausted test/language/statements/class/dstr/private-gen-meth-obj-ptrn-rest-val-obj.js [sloppy] on Fuel
# exhausted test/language/statements/class/dstr/private-gen-meth-obj-ptrn-rest-val-obj.js [strict] on Fuel
# exhausted test/language/statements/class/dstr/private-gen-meth-static-dflt-obj-ptrn-rest-getter.js [sloppy] on Fuel
# exhausted test/language/statements/class/dstr/private-gen-meth-static-dflt-obj-ptrn-rest-getter.js [strict] on Fuel
# exhausted test/language/statements/class/dstr/private-gen-meth-static-dflt-obj-ptrn-rest-skip-non-enumerable.js [sloppy] on Fuel
# exhausted test/language/statements/class/dstr/private-gen-meth-static-dflt-obj-ptrn-rest-skip-non-enumerable.js [strict] on Fuel
# exhausted test/language/statements/class/dstr/private-gen-meth-static-dflt-obj-ptrn-rest-val-obj.js [sloppy] on Fuel
# exhausted test/language/statements/class/dstr/private-gen-meth-static-dflt-obj-ptrn-rest-val-obj.js [strict] on Fuel
# exhausted test/language/statements/class/dstr/private-gen-meth-static-obj-ptrn-rest-getter.js [sloppy] on Fuel
# exhausted test/language/statements/class/dstr/private-gen-meth-static-obj-ptrn-rest-getter.js [strict] on Fuel
# exhausted test/language/statements/class/dstr/private-gen-meth-static-obj-ptrn-rest-skip-non-enumerable.js [sloppy] on Fuel
# exhausted test/language/statements/class/dstr/private-gen-meth-static-obj-ptrn-rest-skip-non-enumerable.js [strict] on Fuel
# exhausted test/language/statements/class/dstr/private-gen-meth-static-obj-ptrn-rest-val-obj.js [sloppy] on Fuel
# exhausted test/language/statements/class/dstr/private-gen-meth-static-obj-ptrn-rest-val-obj.js [strict] on Fuel
# exhausted test/language/statements/class/dstr/private-meth-dflt-obj-ptrn-rest-getter.js [sloppy] on Fuel
# exhausted test/language/statements/class/dstr/private-meth-dflt-obj-ptrn-rest-getter.js [strict] on Fuel
# exhausted test/language/statements/class/dstr/private-meth-dflt-obj-ptrn-rest-skip-non-enumerable.js [sloppy] on Fuel
# exhausted test/language/statements/class/dstr/private-meth-dflt-obj-ptrn-rest-skip-non-enumerable.js [strict] on Fuel
# exhausted test/language/statements/class/dstr/private-meth-dflt-obj-ptrn-rest-val-obj.js [sloppy] on Fuel
# exhausted test/language/statements/class/dstr/private-meth-dflt-obj-ptrn-rest-val-obj.js [strict] on Fuel
# exhausted test/language/statements/class/dstr/private-meth-obj-ptrn-rest-getter.js [sloppy] on Fuel
# exhausted test/language/statements/class/dstr/private-meth-obj-ptrn-rest-getter.js [strict] on Fuel
# exhausted test/language/statements/class/dstr/private-meth-obj-ptrn-rest-skip-non-enumerable.js [sloppy] on Fuel
# exhausted test/language/statements/class/dstr/private-meth-obj-ptrn-rest-skip-non-enumerable.js [strict] on Fuel
# exhausted test/language/statements/class/dstr/private-meth-obj-ptrn-rest-val-obj.js [sloppy] on Fuel
# exhausted test/language/statements/class/dstr/private-meth-obj-ptrn-rest-val-obj.js [strict] on Fuel
# exhausted test/language/statements/class/dstr/private-meth-static-dflt-obj-ptrn-rest-getter.js [sloppy] on Fuel
# exhausted test/language/statements/class/dstr/private-meth-static-dflt-obj-ptrn-rest-getter.js [strict] on Fuel
# exhausted test/language/statements/class/dstr/private-meth-static-dflt-obj-ptrn-rest-skip-non-enumerable.js [sloppy] on Fuel
# exhausted test/language/statements/class/dstr/private-meth-static-dflt-obj-ptrn-rest-skip-non-enumerable.js [strict] on Fuel
# exhausted test/language/statements/class/dstr/private-meth-static-dflt-obj-ptrn-rest-val-obj.js [sloppy] on Fuel
# exhausted test/language/statements/class/dstr/private-meth-static-dflt-obj-ptrn-rest-val-obj.js [strict] on Fuel
# exhausted test/language/statements/class/dstr/private-meth-static-obj-ptrn-rest-getter.js [sloppy] on Fuel
# exhausted test/language/statements/class/dstr/private-meth-static-obj-ptrn-rest-getter.js [strict] on Fuel
# exhausted test/language/statements/class/dstr/private-meth-static-obj-ptrn-rest-skip-non-enumerable.js [sloppy] on Fuel
# exhausted test/language/statements/class/dstr/private-meth-static-obj-ptrn-rest-skip-non-enumerable.js [strict] on Fuel
# exhausted test/language/statements/class/dstr/private-meth-static-obj-ptrn-rest-val-obj.js [sloppy] on Fuel
# exhausted test/language/statements/class/dstr/private-meth-static-obj-ptrn-rest-val-obj.js [strict] on Fuel
# exhausted test/language/statements/class/elements/after-same-line-gen-computed-names.js [sloppy] on Fuel
# exhausted test/language/statements/class/elements/after-same-line-gen-computed-names.js [strict] on Fuel
# exhausted test/language/statements/class/elements/after-same-line-gen-computed-symbol-names.js [sloppy] on Fuel
# exhausted test/language/statements/class/elements/after-same-line-gen-computed-symbol-names.js [strict] on Fuel
# exhausted test/language/statements/class/elements/after-same-line-gen-grammar-privatename-identifier-semantics-stringvalue.js [sloppy] on Fuel
# exhausted test/language/statements/class/elements/after-same-line-gen-grammar-privatename-identifier-semantics-stringvalue.js [strict] on Fuel
# exhausted test/language/statements/class/elements/after-same-line-gen-literal-names-asi.js [sloppy] on Fuel
# exhausted test/language/statements/class/elements/after-same-line-gen-literal-names-asi.js [strict] on Fuel
# exhausted test/language/statements/class/elements/after-same-line-gen-literal-names.js [sloppy] on Fuel
# exhausted test/language/statements/class/elements/after-same-line-gen-literal-names.js [strict] on Fuel
# exhausted test/language/statements/class/elements/after-same-line-gen-private-field-usage.js [sloppy] on Fuel
# exhausted test/language/statements/class/elements/after-same-line-gen-private-field-usage.js [strict] on Fuel
# exhausted test/language/statements/class/elements/after-same-line-gen-private-method-getter-usage.js [sloppy] on Fuel
# exhausted test/language/statements/class/elements/after-same-line-gen-private-method-getter-usage.js [strict] on Fuel
# exhausted test/language/statements/class/elements/after-same-line-gen-private-method-usage.js [sloppy] on Fuel
# exhausted test/language/statements/class/elements/after-same-line-gen-private-method-usage.js [strict] on Fuel
# exhausted test/language/statements/class/elements/after-same-line-gen-private-names.js [sloppy] on Fuel
# exhausted test/language/statements/class/elements/after-same-line-gen-private-names.js [strict] on Fuel
# exhausted test/language/statements/class/elements/after-same-line-gen-rs-field-identifier-initializer.js [sloppy] on Fuel
# exhausted test/language/statements/class/elements/after-same-line-gen-rs-field-identifier-initializer.js [strict] on Fuel
# exhausted test/language/statements/class/elements/after-same-line-gen-rs-field-identifier.js [sloppy] on Fuel
# exhausted test/language/statements/class/elements/after-same-line-gen-rs-field-identifier.js [strict] on Fuel
# exhausted test/language/statements/class/elements/after-same-line-gen-rs-private-getter-alt.js [sloppy] on Fuel
# exhausted test/language/statements/class/elements/after-same-line-gen-rs-private-getter-alt.js [strict] on Fuel
# exhausted test/language/statements/class/elements/after-same-line-gen-rs-private-getter.js [sloppy] on Fuel
# exhausted test/language/statements/class/elements/after-same-line-gen-rs-private-getter.js [strict] on Fuel
# exhausted test/language/statements/class/elements/after-same-line-gen-rs-private-method-alt.js [sloppy] on Fuel
# exhausted test/language/statements/class/elements/after-same-line-gen-rs-private-method-alt.js [strict] on Fuel
# exhausted test/language/statements/class/elements/after-same-line-gen-rs-private-method.js [sloppy] on Fuel
# exhausted test/language/statements/class/elements/after-same-line-gen-rs-private-method.js [strict] on Fuel
# exhausted test/language/statements/class/elements/after-same-line-gen-rs-private-setter-alt.js [sloppy] on Fuel
# exhausted test/language/statements/class/elements/after-same-line-gen-rs-private-setter-alt.js [strict] on Fuel
# exhausted test/language/statements/class/elements/after-same-line-gen-rs-private-setter.js [sloppy] on Fuel
# exhausted test/language/statements/class/elements/after-same-line-gen-rs-private-setter.js [strict] on Fuel
# exhausted test/language/statements/class/elements/after-same-line-gen-rs-privatename-identifier-alt.js [sloppy] on Fuel
# exhausted test/language/statements/class/elements/after-same-line-gen-rs-privatename-identifier-alt.js [strict] on Fuel
# exhausted test/language/statements/class/elements/after-same-line-gen-rs-privatename-identifier-initializer-alt.js [sloppy] on Fuel
# exhausted test/language/statements/class/elements/after-same-line-gen-rs-privatename-identifier-initializer-alt.js [strict] on Fuel
# exhausted test/language/statements/class/elements/after-same-line-gen-rs-privatename-identifier-initializer.js [sloppy] on Fuel
# exhausted test/language/statements/class/elements/after-same-line-gen-rs-privatename-identifier-initializer.js [strict] on Fuel
# exhausted test/language/statements/class/elements/after-same-line-gen-rs-privatename-identifier.js [sloppy] on Fuel
# exhausted test/language/statements/class/elements/after-same-line-gen-rs-privatename-identifier.js [strict] on Fuel
# exhausted test/language/statements/class/elements/after-same-line-gen-rs-static-async-generator-method-privatename-identifier-alt.js [sloppy] on Fuel
# exhausted test/language/statements/class/elements/after-same-line-gen-rs-static-async-generator-method-privatename-identifier-alt.js [strict] on Fuel
# exhausted test/language/statements/class/elements/after-same-line-gen-rs-static-async-generator-method-privatename-identifier.js [sloppy] on Fuel
# exhausted test/language/statements/class/elements/after-same-line-gen-rs-static-async-generator-method-privatename-identifier.js [strict] on Fuel
# exhausted test/language/statements/class/elements/after-same-line-gen-rs-static-async-method-privatename-identifier-alt.js [sloppy] on Fuel
# exhausted test/language/statements/class/elements/after-same-line-gen-rs-static-async-method-privatename-identifier-alt.js [strict] on Fuel
# exhausted test/language/statements/class/elements/after-same-line-gen-rs-static-async-method-privatename-identifier.js [sloppy] on Fuel
# exhausted test/language/statements/class/elements/after-same-line-gen-rs-static-async-method-privatename-identifier.js [strict] on Fuel
# exhausted test/language/statements/class/elements/after-same-line-gen-rs-static-generator-method-privatename-identifier-alt.js [sloppy] on Fuel
# exhausted test/language/statements/class/elements/after-same-line-gen-rs-static-generator-method-privatename-identifier-alt.js [strict] on Fuel
# exhausted test/language/statements/class/elements/after-same-line-gen-rs-static-generator-method-privatename-identifier.js [sloppy] on Fuel
# exhausted test/language/statements/class/elements/after-same-line-gen-rs-static-generator-method-privatename-identifier.js [strict] on Fuel
# exhausted test/language/statements/class/elements/after-same-line-gen-rs-static-method-privatename-identifier-alt.js [sloppy] on Fuel
# exhausted test/language/statements/class/elements/after-same-line-gen-rs-static-method-privatename-identifier-alt.js [strict] on Fuel
# exhausted test/language/statements/class/elements/after-same-line-gen-rs-static-method-privatename-identifier.js [sloppy] on Fuel
# exhausted test/language/statements/class/elements/after-same-line-gen-rs-static-method-privatename-identifier.js [strict] on Fuel
# exhausted test/language/statements/class/elements/after-same-line-gen-rs-static-privatename-identifier-alt-by-classname.js [sloppy] on Fuel
# exhausted test/language/statements/class/elements/after-same-line-gen-rs-static-privatename-identifier-alt-by-classname.js [strict] on Fuel
# exhausted test/language/statements/class/elements/after-same-line-gen-rs-static-privatename-identifier-alt.js [sloppy] on Fuel
# exhausted test/language/statements/class/elements/after-same-line-gen-rs-static-privatename-identifier-alt.js [strict] on Fuel
# exhausted test/language/statements/class/elements/after-same-line-gen-rs-static-privatename-identifier-by-classname.js [sloppy] on Fuel
# exhausted test/language/statements/class/elements/after-same-line-gen-rs-static-privatename-identifier-by-classname.js [strict] on Fuel
# exhausted test/language/statements/class/elements/after-same-line-gen-rs-static-privatename-identifier-initializer-alt-by-classname.js [sloppy] on Fuel
# exhausted test/language/statements/class/elements/after-same-line-gen-rs-static-privatename-identifier-initializer-alt-by-classname.js [strict] on Fuel
# exhausted test/language/statements/class/elements/after-same-line-gen-rs-static-privatename-identifier-initializer-alt.js [sloppy] on Fuel
# exhausted test/language/statements/class/elements/after-same-line-gen-rs-static-privatename-identifier-initializer-alt.js [strict] on Fuel
# exhausted test/language/statements/class/elements/after-same-line-gen-rs-static-privatename-identifier-initializer.js [sloppy] on Fuel
# exhausted test/language/statements/class/elements/after-same-line-gen-rs-static-privatename-identifier-initializer.js [strict] on Fuel
# exhausted test/language/statements/class/elements/after-same-line-gen-rs-static-privatename-identifier.js [sloppy] on Fuel
# exhausted test/language/statements/class/elements/after-same-line-gen-rs-static-privatename-identifier.js [strict] on Fuel
# exhausted test/language/statements/class/elements/after-same-line-gen-static-private-fields.js [sloppy] on Fuel
# exhausted test/language/statements/class/elements/after-same-line-gen-static-private-fields.js [strict] on Fuel
# exhausted test/language/statements/class/elements/after-same-line-gen-static-private-methods-with-fields.js [sloppy] on Fuel
# exhausted test/language/statements/class/elements/after-same-line-gen-static-private-methods-with-fields.js [strict] on Fuel
# exhausted test/language/statements/class/elements/after-same-line-gen-static-private-methods.js [sloppy] on Fuel
# exhausted test/language/statements/class/elements/after-same-line-gen-static-private-methods.js [strict] on Fuel
# exhausted test/language/statements/class/elements/after-same-line-gen-string-literal-names.js [sloppy] on Fuel
# exhausted test/language/statements/class/elements/after-same-line-gen-string-literal-names.js [strict] on Fuel
# exhausted test/language/statements/class/elements/after-same-line-method-computed-names.js [sloppy] on Fuel
# exhausted test/language/statements/class/elements/after-same-line-method-computed-names.js [strict] on Fuel
# exhausted test/language/statements/class/elements/after-same-line-method-computed-symbol-names.js [sloppy] on Fuel
# exhausted test/language/statements/class/elements/after-same-line-method-computed-symbol-names.js [strict] on Fuel
# exhausted test/language/statements/class/elements/after-same-line-method-grammar-privatename-identifier-semantics-stringvalue.js [sloppy] on Fuel
# exhausted test/language/statements/class/elements/after-same-line-method-grammar-privatename-identifier-semantics-stringvalue.js [strict] on Fuel
# exhausted test/language/statements/class/elements/after-same-line-method-literal-names-asi.js [sloppy] on Fuel
# exhausted test/language/statements/class/elements/after-same-line-method-literal-names-asi.js [strict] on Fuel
# exhausted test/language/statements/class/elements/after-same-line-method-literal-names.js [sloppy] on Fuel
# exhausted test/language/statements/class/elements/after-same-line-method-literal-names.js [strict] on Fuel
# exhausted test/language/statements/class/elements/after-same-line-method-private-field-usage.js [sloppy] on Fuel
# exhausted test/language/statements/class/elements/after-same-line-method-private-field-usage.js [strict] on Fuel
# exhausted test/language/statements/class/elements/after-same-line-method-private-method-getter-usage.js [sloppy] on Fuel
# exhausted test/language/statements/class/elements/after-same-line-method-private-method-getter-usage.js [strict] on Fuel
# exhausted test/language/statements/class/elements/after-same-line-method-private-method-usage.js [sloppy] on Fuel
# exhausted test/language/statements/class/elements/after-same-line-method-private-method-usage.js [strict] on Fuel
# exhausted test/language/statements/class/elements/after-same-line-method-private-names.js [sloppy] on Fuel
# exhausted test/language/statements/class/elements/after-same-line-method-private-names.js [strict] on Fuel
# exhausted test/language/statements/class/elements/after-same-line-method-rs-field-identifier-initializer.js [sloppy] on Fuel
# exhausted test/language/statements/class/elements/after-same-line-method-rs-field-identifier-initializer.js [strict] on Fuel
# exhausted test/language/statements/class/elements/after-same-line-method-rs-field-identifier.js [sloppy] on Fuel
# exhausted test/language/statements/class/elements/after-same-line-method-rs-field-identifier.js [strict] on Fuel
# exhausted test/language/statements/class/elements/after-same-line-method-rs-private-getter-alt.js [sloppy] on Fuel
# exhausted test/language/statements/class/elements/after-same-line-method-rs-private-getter-alt.js [strict] on Fuel
# exhausted test/language/statements/class/elements/after-same-line-method-rs-private-getter.js [sloppy] on Fuel
# exhausted test/language/statements/class/elements/after-same-line-method-rs-private-getter.js [strict] on Fuel
# exhausted test/language/statements/class/elements/after-same-line-method-rs-private-method-alt.js [sloppy] on Fuel
# exhausted test/language/statements/class/elements/after-same-line-method-rs-private-method-alt.js [strict] on Fuel
# exhausted test/language/statements/class/elements/after-same-line-method-rs-private-method.js [sloppy] on Fuel
# exhausted test/language/statements/class/elements/after-same-line-method-rs-private-method.js [strict] on Fuel
# exhausted test/language/statements/class/elements/after-same-line-method-rs-private-setter-alt.js [sloppy] on Fuel
# exhausted test/language/statements/class/elements/after-same-line-method-rs-private-setter-alt.js [strict] on Fuel
# exhausted test/language/statements/class/elements/after-same-line-method-rs-private-setter.js [sloppy] on Fuel
# exhausted test/language/statements/class/elements/after-same-line-method-rs-private-setter.js [strict] on Fuel
# exhausted test/language/statements/class/elements/after-same-line-method-rs-privatename-identifier-alt.js [sloppy] on Fuel
# exhausted test/language/statements/class/elements/after-same-line-method-rs-privatename-identifier-alt.js [strict] on Fuel
# exhausted test/language/statements/class/elements/after-same-line-method-rs-privatename-identifier-initializer-alt.js [sloppy] on Fuel
# exhausted test/language/statements/class/elements/after-same-line-method-rs-privatename-identifier-initializer-alt.js [strict] on Fuel
# exhausted test/language/statements/class/elements/after-same-line-method-rs-privatename-identifier-initializer.js [sloppy] on Fuel
# exhausted test/language/statements/class/elements/after-same-line-method-rs-privatename-identifier-initializer.js [strict] on Fuel
# exhausted test/language/statements/class/elements/after-same-line-method-rs-privatename-identifier.js [sloppy] on Fuel
# exhausted test/language/statements/class/elements/after-same-line-method-rs-privatename-identifier.js [strict] on Fuel
# exhausted test/language/statements/class/elements/after-same-line-method-rs-static-async-generator-method-privatename-identifier-alt.js [sloppy] on Fuel
# exhausted test/language/statements/class/elements/after-same-line-method-rs-static-async-generator-method-privatename-identifier-alt.js [strict] on Fuel
# exhausted test/language/statements/class/elements/after-same-line-method-rs-static-async-generator-method-privatename-identifier.js [sloppy] on Fuel
# exhausted test/language/statements/class/elements/after-same-line-method-rs-static-async-generator-method-privatename-identifier.js [strict] on Fuel
# exhausted test/language/statements/class/elements/after-same-line-method-rs-static-async-method-privatename-identifier-alt.js [sloppy] on Fuel
# exhausted test/language/statements/class/elements/after-same-line-method-rs-static-async-method-privatename-identifier-alt.js [strict] on Fuel
# exhausted test/language/statements/class/elements/after-same-line-method-rs-static-async-method-privatename-identifier.js [sloppy] on Fuel
# exhausted test/language/statements/class/elements/after-same-line-method-rs-static-async-method-privatename-identifier.js [strict] on Fuel
# exhausted test/language/statements/class/elements/after-same-line-method-rs-static-generator-method-privatename-identifier-alt.js [sloppy] on Fuel
# exhausted test/language/statements/class/elements/after-same-line-method-rs-static-generator-method-privatename-identifier-alt.js [strict] on Fuel
# exhausted test/language/statements/class/elements/after-same-line-method-rs-static-generator-method-privatename-identifier.js [sloppy] on Fuel
# exhausted test/language/statements/class/elements/after-same-line-method-rs-static-generator-method-privatename-identifier.js [strict] on Fuel
# exhausted test/language/statements/class/elements/after-same-line-method-rs-static-method-privatename-identifier-alt.js [sloppy] on Fuel
# exhausted test/language/statements/class/elements/after-same-line-method-rs-static-method-privatename-identifier-alt.js [strict] on Fuel
# exhausted test/language/statements/class/elements/after-same-line-method-rs-static-method-privatename-identifier.js [sloppy] on Fuel
# exhausted test/language/statements/class/elements/after-same-line-method-rs-static-method-privatename-identifier.js [strict] on Fuel
# exhausted test/language/statements/class/elements/after-same-line-method-rs-static-privatename-identifier-alt-by-classname.js [sloppy] on Fuel
# exhausted test/language/statements/class/elements/after-same-line-method-rs-static-privatename-identifier-alt-by-classname.js [strict] on Fuel
# exhausted test/language/statements/class/elements/after-same-line-method-rs-static-privatename-identifier-alt.js [sloppy] on Fuel
# exhausted test/language/statements/class/elements/after-same-line-method-rs-static-privatename-identifier-alt.js [strict] on Fuel
# exhausted test/language/statements/class/elements/after-same-line-method-rs-static-privatename-identifier-by-classname.js [sloppy] on Fuel
# exhausted test/language/statements/class/elements/after-same-line-method-rs-static-privatename-identifier-by-classname.js [strict] on Fuel
# exhausted test/language/statements/class/elements/after-same-line-method-rs-static-privatename-identifier-initializer-alt-by-classname.js [sloppy] on Fuel
# exhausted test/language/statements/class/elements/after-same-line-method-rs-static-privatename-identifier-initializer-alt-by-classname.js [strict] on Fuel
# exhausted test/language/statements/class/elements/after-same-line-method-rs-static-privatename-identifier-initializer-alt.js [sloppy] on Fuel
# exhausted test/language/statements/class/elements/after-same-line-method-rs-static-privatename-identifier-initializer-alt.js [strict] on Fuel
# exhausted test/language/statements/class/elements/after-same-line-method-rs-static-privatename-identifier-initializer.js [sloppy] on Fuel
# exhausted test/language/statements/class/elements/after-same-line-method-rs-static-privatename-identifier-initializer.js [strict] on Fuel
# exhausted test/language/statements/class/elements/after-same-line-method-rs-static-privatename-identifier.js [sloppy] on Fuel
# exhausted test/language/statements/class/elements/after-same-line-method-rs-static-privatename-identifier.js [strict] on Fuel
# exhausted test/language/statements/class/elements/after-same-line-method-static-private-fields.js [sloppy] on Fuel
# exhausted test/language/statements/class/elements/after-same-line-method-static-private-fields.js [strict] on Fuel
# exhausted test/language/statements/class/elements/after-same-line-method-static-private-methods-with-fields.js [sloppy] on Fuel
# exhausted test/language/statements/class/elements/after-same-line-method-static-private-methods-with-fields.js [strict] on Fuel
# exhausted test/language/statements/class/elements/after-same-line-method-static-private-methods.js [sloppy] on Fuel
# exhausted test/language/statements/class/elements/after-same-line-method-static-private-methods.js [strict] on Fuel
# exhausted test/language/statements/class/elements/after-same-line-method-string-literal-names.js [sloppy] on Fuel
# exhausted test/language/statements/class/elements/after-same-line-method-string-literal-names.js [strict] on Fuel
# exhausted test/language/statements/class/elements/after-same-line-static-async-gen-computed-names.js [sloppy] on Fuel
# exhausted test/language/statements/class/elements/after-same-line-static-async-gen-computed-names.js [strict] on Fuel
# exhausted test/language/statements/class/elements/after-same-line-static-async-gen-computed-symbol-names.js [sloppy] on Fuel
# exhausted test/language/statements/class/elements/after-same-line-static-async-gen-computed-symbol-names.js [strict] on Fuel
# exhausted test/language/statements/class/elements/after-same-line-static-async-gen-grammar-privatename-identifier-semantics-stringvalue.js [sloppy] on Fuel
# exhausted test/language/statements/class/elements/after-same-line-static-async-gen-grammar-privatename-identifier-semantics-stringvalue.js [strict] on Fuel
# exhausted test/language/statements/class/elements/after-same-line-static-async-gen-literal-names-asi.js [sloppy] on Fuel
# exhausted test/language/statements/class/elements/after-same-line-static-async-gen-literal-names-asi.js [strict] on Fuel
# exhausted test/language/statements/class/elements/after-same-line-static-async-gen-literal-names.js [sloppy] on Fuel
# exhausted test/language/statements/class/elements/after-same-line-static-async-gen-literal-names.js [strict] on Fuel
# exhausted test/language/statements/class/elements/after-same-line-static-async-gen-private-field-usage.js [sloppy] on Fuel
# exhausted test/language/statements/class/elements/after-same-line-static-async-gen-private-field-usage.js [strict] on Fuel
# exhausted test/language/statements/class/elements/after-same-line-static-async-gen-private-method-getter-usage.js [sloppy] on Fuel
# exhausted test/language/statements/class/elements/after-same-line-static-async-gen-private-method-getter-usage.js [strict] on Fuel
# exhausted test/language/statements/class/elements/after-same-line-static-async-gen-private-method-usage.js [sloppy] on Fuel
# exhausted test/language/statements/class/elements/after-same-line-static-async-gen-private-method-usage.js [strict] on Fuel
# exhausted test/language/statements/class/elements/after-same-line-static-async-gen-private-names.js [sloppy] on Fuel
# exhausted test/language/statements/class/elements/after-same-line-static-async-gen-private-names.js [strict] on Fuel
# exhausted test/language/statements/class/elements/after-same-line-static-async-gen-rs-field-identifier-initializer.js [sloppy] on Fuel
# exhausted test/language/statements/class/elements/after-same-line-static-async-gen-rs-field-identifier-initializer.js [strict] on Fuel
# exhausted test/language/statements/class/elements/after-same-line-static-async-gen-rs-field-identifier.js [sloppy] on Fuel
# exhausted test/language/statements/class/elements/after-same-line-static-async-gen-rs-field-identifier.js [strict] on Fuel
# exhausted test/language/statements/class/elements/after-same-line-static-async-gen-rs-private-getter-alt.js [sloppy] on Fuel
# exhausted test/language/statements/class/elements/after-same-line-static-async-gen-rs-private-getter-alt.js [strict] on Fuel
# exhausted test/language/statements/class/elements/after-same-line-static-async-gen-rs-private-getter.js [sloppy] on Fuel
# exhausted test/language/statements/class/elements/after-same-line-static-async-gen-rs-private-getter.js [strict] on Fuel
# exhausted test/language/statements/class/elements/after-same-line-static-async-gen-rs-private-method-alt.js [sloppy] on Fuel
# exhausted test/language/statements/class/elements/after-same-line-static-async-gen-rs-private-method-alt.js [strict] on Fuel
# exhausted test/language/statements/class/elements/after-same-line-static-async-gen-rs-private-method.js [sloppy] on Fuel
# exhausted test/language/statements/class/elements/after-same-line-static-async-gen-rs-private-method.js [strict] on Fuel
# exhausted test/language/statements/class/elements/after-same-line-static-async-gen-rs-private-setter-alt.js [sloppy] on Fuel
# exhausted test/language/statements/class/elements/after-same-line-static-async-gen-rs-private-setter-alt.js [strict] on Fuel
# exhausted test/language/statements/class/elements/after-same-line-static-async-gen-rs-private-setter.js [sloppy] on Fuel
# exhausted test/language/statements/class/elements/after-same-line-static-async-gen-rs-private-setter.js [strict] on Fuel
# exhausted test/language/statements/class/elements/after-same-line-static-async-gen-rs-privatename-identifier-alt.js [sloppy] on Fuel
# exhausted test/language/statements/class/elements/after-same-line-static-async-gen-rs-privatename-identifier-alt.js [strict] on Fuel
# exhausted test/language/statements/class/elements/after-same-line-static-async-gen-rs-privatename-identifier-initializer-alt.js [sloppy] on Fuel
# exhausted test/language/statements/class/elements/after-same-line-static-async-gen-rs-privatename-identifier-initializer-alt.js [strict] on Fuel
# exhausted test/language/statements/class/elements/after-same-line-static-async-gen-rs-privatename-identifier-initializer.js [sloppy] on Fuel
# exhausted test/language/statements/class/elements/after-same-line-static-async-gen-rs-privatename-identifier-initializer.js [strict] on Fuel
# exhausted test/language/statements/class/elements/after-same-line-static-async-gen-rs-privatename-identifier.js [sloppy] on Fuel
# exhausted test/language/statements/class/elements/after-same-line-static-async-gen-rs-privatename-identifier.js [strict] on Fuel
# exhausted test/language/statements/class/elements/after-same-line-static-async-gen-rs-static-async-generator-method-privatename-identifier-alt.js [sloppy] on Fuel
# exhausted test/language/statements/class/elements/after-same-line-static-async-gen-rs-static-async-generator-method-privatename-identifier-alt.js [strict] on Fuel
# exhausted test/language/statements/class/elements/after-same-line-static-async-gen-rs-static-async-generator-method-privatename-identifier.js [sloppy] on Fuel
# exhausted test/language/statements/class/elements/after-same-line-static-async-gen-rs-static-async-generator-method-privatename-identifier.js [strict] on Fuel
# exhausted test/language/statements/class/elements/after-same-line-static-async-gen-rs-static-async-method-privatename-identifier-alt.js [sloppy] on Fuel
# exhausted test/language/statements/class/elements/after-same-line-static-async-gen-rs-static-async-method-privatename-identifier-alt.js [strict] on Fuel
# exhausted test/language/statements/class/elements/after-same-line-static-async-gen-rs-static-async-method-privatename-identifier.js [sloppy] on Fuel
# exhausted test/language/statements/class/elements/after-same-line-static-async-gen-rs-static-async-method-privatename-identifier.js [strict] on Fuel
# exhausted test/language/statements/class/elements/after-same-line-static-async-gen-rs-static-generator-method-privatename-identifier-alt.js [sloppy] on Fuel
# exhausted test/language/statements/class/elements/after-same-line-static-async-gen-rs-static-generator-method-privatename-identifier-alt.js [strict] on Fuel
# exhausted test/language/statements/class/elements/after-same-line-static-async-gen-rs-static-generator-method-privatename-identifier.js [sloppy] on Fuel
# exhausted test/language/statements/class/elements/after-same-line-static-async-gen-rs-static-generator-method-privatename-identifier.js [strict] on Fuel
# exhausted test/language/statements/class/elements/after-same-line-static-async-gen-rs-static-method-privatename-identifier-alt.js [sloppy] on Fuel
# exhausted test/language/statements/class/elements/after-same-line-static-async-gen-rs-static-method-privatename-identifier-alt.js [strict] on Fuel
# exhausted test/language/statements/class/elements/after-same-line-static-async-gen-rs-static-method-privatename-identifier.js [sloppy] on Fuel
# exhausted test/language/statements/class/elements/after-same-line-static-async-gen-rs-static-method-privatename-identifier.js [strict] on Fuel
# exhausted test/language/statements/class/elements/after-same-line-static-async-gen-rs-static-privatename-identifier-alt-by-classname.js [sloppy] on Fuel
# exhausted test/language/statements/class/elements/after-same-line-static-async-gen-rs-static-privatename-identifier-alt-by-classname.js [strict] on Fuel
# exhausted test/language/statements/class/elements/after-same-line-static-async-gen-rs-static-privatename-identifier-alt.js [sloppy] on Fuel
# exhausted test/language/statements/class/elements/after-same-line-static-async-gen-rs-static-privatename-identifier-alt.js [strict] on Fuel
# exhausted test/language/statements/class/elements/after-same-line-static-async-gen-rs-static-privatename-identifier-by-classname.js [sloppy] on Fuel
# exhausted test/language/statements/class/elements/after-same-line-static-async-gen-rs-static-privatename-identifier-by-classname.js [strict] on Fuel
# exhausted test/language/statements/class/elements/after-same-line-static-async-gen-rs-static-privatename-identifier-initializer-alt-by-classname.js [sloppy] on Fuel
# exhausted test/language/statements/class/elements/after-same-line-static-async-gen-rs-static-privatename-identifier-initializer-alt-by-classname.js [strict] on Fuel
# exhausted test/language/statements/class/elements/after-same-line-static-async-gen-rs-static-privatename-identifier-initializer-alt.js [sloppy] on Fuel
# exhausted test/language/statements/class/elements/after-same-line-static-async-gen-rs-static-privatename-identifier-initializer-alt.js [strict] on Fuel
# exhausted test/language/statements/class/elements/after-same-line-static-async-gen-rs-static-privatename-identifier-initializer.js [sloppy] on Fuel
# exhausted test/language/statements/class/elements/after-same-line-static-async-gen-rs-static-privatename-identifier-initializer.js [strict] on Fuel
# exhausted test/language/statements/class/elements/after-same-line-static-async-gen-rs-static-privatename-identifier.js [sloppy] on Fuel
# exhausted test/language/statements/class/elements/after-same-line-static-async-gen-rs-static-privatename-identifier.js [strict] on Fuel
# exhausted test/language/statements/class/elements/after-same-line-static-async-gen-static-private-fields.js [sloppy] on Fuel
# exhausted test/language/statements/class/elements/after-same-line-static-async-gen-static-private-fields.js [strict] on Fuel
# exhausted test/language/statements/class/elements/after-same-line-static-async-gen-static-private-methods-with-fields.js [sloppy] on Fuel
# exhausted test/language/statements/class/elements/after-same-line-static-async-gen-static-private-methods-with-fields.js [strict] on Fuel
# exhausted test/language/statements/class/elements/after-same-line-static-async-gen-static-private-methods.js [sloppy] on Fuel
# exhausted test/language/statements/class/elements/after-same-line-static-async-gen-static-private-methods.js [strict] on Fuel
# exhausted test/language/statements/class/elements/after-same-line-static-async-gen-string-literal-names.js [sloppy] on Fuel
# exhausted test/language/statements/class/elements/after-same-line-static-async-gen-string-literal-names.js [strict] on Fuel
# exhausted test/language/statements/class/elements/after-same-line-static-async-method-computed-names.js [sloppy] on Fuel
# exhausted test/language/statements/class/elements/after-same-line-static-async-method-computed-names.js [strict] on Fuel
# exhausted test/language/statements/class/elements/after-same-line-static-async-method-computed-symbol-names.js [sloppy] on Fuel
# exhausted test/language/statements/class/elements/after-same-line-static-async-method-computed-symbol-names.js [strict] on Fuel
# exhausted test/language/statements/class/elements/after-same-line-static-async-method-grammar-privatename-identifier-semantics-stringvalue.js [sloppy] on Fuel
# exhausted test/language/statements/class/elements/after-same-line-static-async-method-grammar-privatename-identifier-semantics-stringvalue.js [strict] on Fuel
# exhausted test/language/statements/class/elements/after-same-line-static-async-method-literal-names-asi.js [sloppy] on Fuel
# exhausted test/language/statements/class/elements/after-same-line-static-async-method-literal-names-asi.js [strict] on Fuel
# exhausted test/language/statements/class/elements/after-same-line-static-async-method-literal-names.js [sloppy] on Fuel
# exhausted test/language/statements/class/elements/after-same-line-static-async-method-literal-names.js [strict] on Fuel
# exhausted test/language/statements/class/elements/after-same-line-static-async-method-private-field-usage.js [sloppy] on Fuel
# exhausted test/language/statements/class/elements/after-same-line-static-async-method-private-field-usage.js [strict] on Fuel
# exhausted test/language/statements/class/elements/after-same-line-static-async-method-private-method-getter-usage.js [sloppy] on Fuel
# exhausted test/language/statements/class/elements/after-same-line-static-async-method-private-method-getter-usage.js [strict] on Fuel
# exhausted test/language/statements/class/elements/after-same-line-static-async-method-private-method-usage.js [sloppy] on Fuel
# exhausted test/language/statements/class/elements/after-same-line-static-async-method-private-method-usage.js [strict] on Fuel
# exhausted test/language/statements/class/elements/after-same-line-static-async-method-private-names.js [sloppy] on Fuel
# exhausted test/language/statements/class/elements/after-same-line-static-async-method-private-names.js [strict] on Fuel
# exhausted test/language/statements/class/elements/after-same-line-static-async-method-rs-field-identifier-initializer.js [sloppy] on Fuel
# exhausted test/language/statements/class/elements/after-same-line-static-async-method-rs-field-identifier-initializer.js [strict] on Fuel
# exhausted test/language/statements/class/elements/after-same-line-static-async-method-rs-field-identifier.js [sloppy] on Fuel
# exhausted test/language/statements/class/elements/after-same-line-static-async-method-rs-field-identifier.js [strict] on Fuel
# exhausted test/language/statements/class/elements/after-same-line-static-async-method-rs-private-getter-alt.js [sloppy] on Fuel
# exhausted test/language/statements/class/elements/after-same-line-static-async-method-rs-private-getter-alt.js [strict] on Fuel
# exhausted test/language/statements/class/elements/after-same-line-static-async-method-rs-private-getter.js [sloppy] on Fuel
# exhausted test/language/statements/class/elements/after-same-line-static-async-method-rs-private-getter.js [strict] on Fuel
# exhausted test/language/statements/class/elements/after-same-line-static-async-method-rs-private-method-alt.js [sloppy] on Fuel
# exhausted test/language/statements/class/elements/after-same-line-static-async-method-rs-private-method-alt.js [strict] on Fuel
# exhausted test/language/statements/class/elements/after-same-line-static-async-method-rs-private-method.js [sloppy] on Fuel
# exhausted test/language/statements/class/elements/after-same-line-static-async-method-rs-private-method.js [strict] on Fuel
# exhausted test/language/statements/class/elements/after-same-line-static-async-method-rs-private-setter-alt.js [sloppy] on Fuel
# exhausted test/language/statements/class/elements/after-same-line-static-async-method-rs-private-setter-alt.js [strict] on Fuel
# exhausted test/language/statements/class/elements/after-same-line-static-async-method-rs-private-setter.js [sloppy] on Fuel
# exhausted test/language/statements/class/elements/after-same-line-static-async-method-rs-private-setter.js [strict] on Fuel
# exhausted test/language/statements/class/elements/after-same-line-static-async-method-rs-privatename-identifier-alt.js [sloppy] on Fuel
# exhausted test/language/statements/class/elements/after-same-line-static-async-method-rs-privatename-identifier-alt.js [strict] on Fuel
# exhausted test/language/statements/class/elements/after-same-line-static-async-method-rs-privatename-identifier-initializer-alt.js [sloppy] on Fuel
# exhausted test/language/statements/class/elements/after-same-line-static-async-method-rs-privatename-identifier-initializer-alt.js [strict] on Fuel
# exhausted test/language/statements/class/elements/after-same-line-static-async-method-rs-privatename-identifier-initializer.js [sloppy] on Fuel
# exhausted test/language/statements/class/elements/after-same-line-static-async-method-rs-privatename-identifier-initializer.js [strict] on Fuel
# exhausted test/language/statements/class/elements/after-same-line-static-async-method-rs-privatename-identifier.js [sloppy] on Fuel
# exhausted test/language/statements/class/elements/after-same-line-static-async-method-rs-privatename-identifier.js [strict] on Fuel
# exhausted test/language/statements/class/elements/after-same-line-static-async-method-rs-static-async-generator-method-privatename-identifier-alt.js [sloppy] on Fuel
# exhausted test/language/statements/class/elements/after-same-line-static-async-method-rs-static-async-generator-method-privatename-identifier-alt.js [strict] on Fuel
# exhausted test/language/statements/class/elements/after-same-line-static-async-method-rs-static-async-generator-method-privatename-identifier.js [sloppy] on Fuel
# exhausted test/language/statements/class/elements/after-same-line-static-async-method-rs-static-async-generator-method-privatename-identifier.js [strict] on Fuel
# exhausted test/language/statements/class/elements/after-same-line-static-async-method-rs-static-async-method-privatename-identifier-alt.js [sloppy] on Fuel
# exhausted test/language/statements/class/elements/after-same-line-static-async-method-rs-static-async-method-privatename-identifier-alt.js [strict] on Fuel
# exhausted test/language/statements/class/elements/after-same-line-static-async-method-rs-static-async-method-privatename-identifier.js [sloppy] on Fuel
# exhausted test/language/statements/class/elements/after-same-line-static-async-method-rs-static-async-method-privatename-identifier.js [strict] on Fuel
# exhausted test/language/statements/class/elements/after-same-line-static-async-method-rs-static-generator-method-privatename-identifier-alt.js [sloppy] on Fuel
# exhausted test/language/statements/class/elements/after-same-line-static-async-method-rs-static-generator-method-privatename-identifier-alt.js [strict] on Fuel
# exhausted test/language/statements/class/elements/after-same-line-static-async-method-rs-static-generator-method-privatename-identifier.js [sloppy] on Fuel
# exhausted test/language/statements/class/elements/after-same-line-static-async-method-rs-static-generator-method-privatename-identifier.js [strict] on Fuel
# exhausted test/language/statements/class/elements/after-same-line-static-async-method-rs-static-method-privatename-identifier-alt.js [sloppy] on Fuel
# exhausted test/language/statements/class/elements/after-same-line-static-async-method-rs-static-method-privatename-identifier-alt.js [strict] on Fuel
# exhausted test/language/statements/class/elements/after-same-line-static-async-method-rs-static-method-privatename-identifier.js [sloppy] on Fuel
# exhausted test/language/statements/class/elements/after-same-line-static-async-method-rs-static-method-privatename-identifier.js [strict] on Fuel
# exhausted test/language/statements/class/elements/after-same-line-static-async-method-rs-static-privatename-identifier-alt-by-classname.js [sloppy] on Fuel
# exhausted test/language/statements/class/elements/after-same-line-static-async-method-rs-static-privatename-identifier-alt-by-classname.js [strict] on Fuel
# exhausted test/language/statements/class/elements/after-same-line-static-async-method-rs-static-privatename-identifier-alt.js [sloppy] on Fuel
# exhausted test/language/statements/class/elements/after-same-line-static-async-method-rs-static-privatename-identifier-alt.js [strict] on Fuel
# exhausted test/language/statements/class/elements/after-same-line-static-async-method-rs-static-privatename-identifier-by-classname.js [sloppy] on Fuel
# exhausted test/language/statements/class/elements/after-same-line-static-async-method-rs-static-privatename-identifier-by-classname.js [strict] on Fuel
# exhausted test/language/statements/class/elements/after-same-line-static-async-method-rs-static-privatename-identifier-initializer-alt-by-classname.js [sloppy] on Fuel
# exhausted test/language/statements/class/elements/after-same-line-static-async-method-rs-static-privatename-identifier-initializer-alt-by-classname.js [strict] on Fuel
# exhausted test/language/statements/class/elements/after-same-line-static-async-method-rs-static-privatename-identifier-initializer-alt.js [sloppy] on Fuel
# exhausted test/language/statements/class/elements/after-same-line-static-async-method-rs-static-privatename-identifier-initializer-alt.js [strict] on Fuel
# exhausted test/language/statements/class/elements/after-same-line-static-async-method-rs-static-privatename-identifier-initializer.js [sloppy] on Fuel
# exhausted test/language/statements/class/elements/after-same-line-static-async-method-rs-static-privatename-identifier-initializer.js [strict] on Fuel
# exhausted test/language/statements/class/elements/after-same-line-static-async-method-rs-static-privatename-identifier.js [sloppy] on Fuel
# exhausted test/language/statements/class/elements/after-same-line-static-async-method-rs-static-privatename-identifier.js [strict] on Fuel
# exhausted test/language/statements/class/elements/after-same-line-static-async-method-static-private-fields.js [sloppy] on Fuel
# exhausted test/language/statements/class/elements/after-same-line-static-async-method-static-private-fields.js [strict] on Fuel
# exhausted test/language/statements/class/elements/after-same-line-static-async-method-static-private-methods-with-fields.js [sloppy] on Fuel
# exhausted test/language/statements/class/elements/after-same-line-static-async-method-static-private-methods-with-fields.js [strict] on Fuel
# exhausted test/language/statements/class/elements/after-same-line-static-async-method-static-private-methods.js [sloppy] on Fuel
# exhausted test/language/statements/class/elements/after-same-line-static-async-method-static-private-methods.js [strict] on Fuel
# exhausted test/language/statements/class/elements/after-same-line-static-async-method-string-literal-names.js [sloppy] on Fuel
# exhausted test/language/statements/class/elements/after-same-line-static-async-method-string-literal-names.js [strict] on Fuel
# exhausted test/language/statements/class/elements/after-same-line-static-gen-computed-names.js [sloppy] on Fuel
# exhausted test/language/statements/class/elements/after-same-line-static-gen-computed-names.js [strict] on Fuel
# exhausted test/language/statements/class/elements/after-same-line-static-gen-computed-symbol-names.js [sloppy] on Fuel
# exhausted test/language/statements/class/elements/after-same-line-static-gen-computed-symbol-names.js [strict] on Fuel
# exhausted test/language/statements/class/elements/after-same-line-static-gen-grammar-privatename-identifier-semantics-stringvalue.js [sloppy] on Fuel
# exhausted test/language/statements/class/elements/after-same-line-static-gen-grammar-privatename-identifier-semantics-stringvalue.js [strict] on Fuel
# exhausted test/language/statements/class/elements/after-same-line-static-gen-literal-names-asi.js [sloppy] on Fuel
# exhausted test/language/statements/class/elements/after-same-line-static-gen-literal-names-asi.js [strict] on Fuel
# exhausted test/language/statements/class/elements/after-same-line-static-gen-literal-names.js [sloppy] on Fuel
# exhausted test/language/statements/class/elements/after-same-line-static-gen-literal-names.js [strict] on Fuel
# exhausted test/language/statements/class/elements/after-same-line-static-gen-private-field-usage.js [sloppy] on Fuel
# exhausted test/language/statements/class/elements/after-same-line-static-gen-private-field-usage.js [strict] on Fuel
# exhausted test/language/statements/class/elements/after-same-line-static-gen-private-method-getter-usage.js [sloppy] on Fuel
# exhausted test/language/statements/class/elements/after-same-line-static-gen-private-method-getter-usage.js [strict] on Fuel
# exhausted test/language/statements/class/elements/after-same-line-static-gen-private-method-usage.js [sloppy] on Fuel
# exhausted test/language/statements/class/elements/after-same-line-static-gen-private-method-usage.js [strict] on Fuel
# exhausted test/language/statements/class/elements/after-same-line-static-gen-private-names.js [sloppy] on Fuel
# exhausted test/language/statements/class/elements/after-same-line-static-gen-private-names.js [strict] on Fuel
# exhausted test/language/statements/class/elements/after-same-line-static-gen-rs-field-identifier-initializer.js [sloppy] on Fuel
# exhausted test/language/statements/class/elements/after-same-line-static-gen-rs-field-identifier-initializer.js [strict] on Fuel
# exhausted test/language/statements/class/elements/after-same-line-static-gen-rs-field-identifier.js [sloppy] on Fuel
# exhausted test/language/statements/class/elements/after-same-line-static-gen-rs-field-identifier.js [strict] on Fuel
# exhausted test/language/statements/class/elements/after-same-line-static-gen-rs-private-getter-alt.js [sloppy] on Fuel
# exhausted test/language/statements/class/elements/after-same-line-static-gen-rs-private-getter-alt.js [strict] on Fuel
# exhausted test/language/statements/class/elements/after-same-line-static-gen-rs-private-getter.js [sloppy] on Fuel
# exhausted test/language/statements/class/elements/after-same-line-static-gen-rs-private-getter.js [strict] on Fuel
# exhausted test/language/statements/class/elements/after-same-line-static-gen-rs-private-method-alt.js [sloppy] on Fuel
# exhausted test/language/statements/class/elements/after-same-line-static-gen-rs-private-method-alt.js [strict] on Fuel
# exhausted test/language/statements/class/elements/after-same-line-static-gen-rs-private-method.js [sloppy] on Fuel
# exhausted test/language/statements/class/elements/after-same-line-static-gen-rs-private-method.js [strict] on Fuel
# exhausted test/language/statements/class/elements/after-same-line-static-gen-rs-private-setter-alt.js [sloppy] on Fuel
# exhausted test/language/statements/class/elements/after-same-line-static-gen-rs-private-setter-alt.js [strict] on Fuel
# exhausted test/language/statements/class/elements/after-same-line-static-gen-rs-private-setter.js [sloppy] on Fuel
# exhausted test/language/statements/class/elements/after-same-line-static-gen-rs-private-setter.js [strict] on Fuel
# exhausted test/language/statements/class/elements/after-same-line-static-gen-rs-privatename-identifier-alt.js [sloppy] on Fuel
# exhausted test/language/statements/class/elements/after-same-line-static-gen-rs-privatename-identifier-alt.js [strict] on Fuel
# exhausted test/language/statements/class/elements/after-same-line-static-gen-rs-privatename-identifier-initializer-alt.js [sloppy] on Fuel
# exhausted test/language/statements/class/elements/after-same-line-static-gen-rs-privatename-identifier-initializer-alt.js [strict] on Fuel
# exhausted test/language/statements/class/elements/after-same-line-static-gen-rs-privatename-identifier-initializer.js [sloppy] on Fuel
# exhausted test/language/statements/class/elements/after-same-line-static-gen-rs-privatename-identifier-initializer.js [strict] on Fuel
# exhausted test/language/statements/class/elements/after-same-line-static-gen-rs-privatename-identifier.js [sloppy] on Fuel
# exhausted test/language/statements/class/elements/after-same-line-static-gen-rs-privatename-identifier.js [strict] on Fuel
# exhausted test/language/statements/class/elements/after-same-line-static-gen-rs-static-async-generator-method-privatename-identifier-alt.js [sloppy] on Fuel
# exhausted test/language/statements/class/elements/after-same-line-static-gen-rs-static-async-generator-method-privatename-identifier-alt.js [strict] on Fuel
# exhausted test/language/statements/class/elements/after-same-line-static-gen-rs-static-async-generator-method-privatename-identifier.js [sloppy] on Fuel
# exhausted test/language/statements/class/elements/after-same-line-static-gen-rs-static-async-generator-method-privatename-identifier.js [strict] on Fuel
# exhausted test/language/statements/class/elements/after-same-line-static-gen-rs-static-async-method-privatename-identifier-alt.js [sloppy] on Fuel
# exhausted test/language/statements/class/elements/after-same-line-static-gen-rs-static-async-method-privatename-identifier-alt.js [strict] on Fuel
# exhausted test/language/statements/class/elements/after-same-line-static-gen-rs-static-async-method-privatename-identifier.js [sloppy] on Fuel
# exhausted test/language/statements/class/elements/after-same-line-static-gen-rs-static-async-method-privatename-identifier.js [strict] on Fuel
# exhausted test/language/statements/class/elements/after-same-line-static-gen-rs-static-generator-method-privatename-identifier-alt.js [sloppy] on Fuel
# exhausted test/language/statements/class/elements/after-same-line-static-gen-rs-static-generator-method-privatename-identifier-alt.js [strict] on Fuel
# exhausted test/language/statements/class/elements/after-same-line-static-gen-rs-static-generator-method-privatename-identifier.js [sloppy] on Fuel
# exhausted test/language/statements/class/elements/after-same-line-static-gen-rs-static-generator-method-privatename-identifier.js [strict] on Fuel
# exhausted test/language/statements/class/elements/after-same-line-static-gen-rs-static-method-privatename-identifier-alt.js [sloppy] on Fuel
# exhausted test/language/statements/class/elements/after-same-line-static-gen-rs-static-method-privatename-identifier-alt.js [strict] on Fuel
# exhausted test/language/statements/class/elements/after-same-line-static-gen-rs-static-method-privatename-identifier.js [sloppy] on Fuel
# exhausted test/language/statements/class/elements/after-same-line-static-gen-rs-static-method-privatename-identifier.js [strict] on Fuel
# exhausted test/language/statements/class/elements/after-same-line-static-gen-rs-static-privatename-identifier-alt-by-classname.js [sloppy] on Fuel
# exhausted test/language/statements/class/elements/after-same-line-static-gen-rs-static-privatename-identifier-alt-by-classname.js [strict] on Fuel
# exhausted test/language/statements/class/elements/after-same-line-static-gen-rs-static-privatename-identifier-alt.js [sloppy] on Fuel
# exhausted test/language/statements/class/elements/after-same-line-static-gen-rs-static-privatename-identifier-alt.js [strict] on Fuel
# exhausted test/language/statements/class/elements/after-same-line-static-gen-rs-static-privatename-identifier-by-classname.js [sloppy] on Fuel
# exhausted test/language/statements/class/elements/after-same-line-static-gen-rs-static-privatename-identifier-by-classname.js [strict] on Fuel
# exhausted test/language/statements/class/elements/after-same-line-static-gen-rs-static-privatename-identifier-initializer-alt-by-classname.js [sloppy] on Fuel
# exhausted test/language/statements/class/elements/after-same-line-static-gen-rs-static-privatename-identifier-initializer-alt-by-classname.js [strict] on Fuel
# exhausted test/language/statements/class/elements/after-same-line-static-gen-rs-static-privatename-identifier-initializer-alt.js [sloppy] on Fuel
# exhausted test/language/statements/class/elements/after-same-line-static-gen-rs-static-privatename-identifier-initializer-alt.js [strict] on Fuel
# exhausted test/language/statements/class/elements/after-same-line-static-gen-rs-static-privatename-identifier-initializer.js [sloppy] on Fuel
# exhausted test/language/statements/class/elements/after-same-line-static-gen-rs-static-privatename-identifier-initializer.js [strict] on Fuel
# exhausted test/language/statements/class/elements/after-same-line-static-gen-rs-static-privatename-identifier.js [sloppy] on Fuel
# exhausted test/language/statements/class/elements/after-same-line-static-gen-rs-static-privatename-identifier.js [strict] on Fuel
# exhausted test/language/statements/class/elements/after-same-line-static-gen-static-private-fields.js [sloppy] on Fuel
# exhausted test/language/statements/class/elements/after-same-line-static-gen-static-private-fields.js [strict] on Fuel
# exhausted test/language/statements/class/elements/after-same-line-static-gen-static-private-methods-with-fields.js [sloppy] on Fuel
# exhausted test/language/statements/class/elements/after-same-line-static-gen-static-private-methods-with-fields.js [strict] on Fuel
# exhausted test/language/statements/class/elements/after-same-line-static-gen-static-private-methods.js [sloppy] on Fuel
# exhausted test/language/statements/class/elements/after-same-line-static-gen-static-private-methods.js [strict] on Fuel
# exhausted test/language/statements/class/elements/after-same-line-static-gen-string-literal-names.js [sloppy] on Fuel
# exhausted test/language/statements/class/elements/after-same-line-static-gen-string-literal-names.js [strict] on Fuel
# exhausted test/language/statements/class/elements/after-same-line-static-method-computed-names.js [sloppy] on Fuel
# exhausted test/language/statements/class/elements/after-same-line-static-method-computed-names.js [strict] on Fuel
# exhausted test/language/statements/class/elements/after-same-line-static-method-computed-symbol-names.js [sloppy] on Fuel
# exhausted test/language/statements/class/elements/after-same-line-static-method-computed-symbol-names.js [strict] on Fuel
# exhausted test/language/statements/class/elements/after-same-line-static-method-grammar-privatename-identifier-semantics-stringvalue.js [sloppy] on Fuel
# exhausted test/language/statements/class/elements/after-same-line-static-method-grammar-privatename-identifier-semantics-stringvalue.js [strict] on Fuel
# exhausted test/language/statements/class/elements/after-same-line-static-method-literal-names-asi.js [sloppy] on Fuel
# exhausted test/language/statements/class/elements/after-same-line-static-method-literal-names-asi.js [strict] on Fuel
# exhausted test/language/statements/class/elements/after-same-line-static-method-literal-names.js [sloppy] on Fuel
# exhausted test/language/statements/class/elements/after-same-line-static-method-literal-names.js [strict] on Fuel
# exhausted test/language/statements/class/elements/after-same-line-static-method-private-field-usage.js [sloppy] on Fuel
# exhausted test/language/statements/class/elements/after-same-line-static-method-private-field-usage.js [strict] on Fuel
# exhausted test/language/statements/class/elements/after-same-line-static-method-private-method-getter-usage.js [sloppy] on Fuel
# exhausted test/language/statements/class/elements/after-same-line-static-method-private-method-getter-usage.js [strict] on Fuel
# exhausted test/language/statements/class/elements/after-same-line-static-method-private-method-usage.js [sloppy] on Fuel
# exhausted test/language/statements/class/elements/after-same-line-static-method-private-method-usage.js [strict] on Fuel
# exhausted test/language/statements/class/elements/after-same-line-static-method-private-names.js [sloppy] on Fuel
# exhausted test/language/statements/class/elements/after-same-line-static-method-private-names.js [strict] on Fuel
# exhausted test/language/statements/class/elements/after-same-line-static-method-rs-field-identifier-initializer.js [sloppy] on Fuel
# exhausted test/language/statements/class/elements/after-same-line-static-method-rs-field-identifier-initializer.js [strict] on Fuel
# exhausted test/language/statements/class/elements/after-same-line-static-method-rs-field-identifier.js [sloppy] on Fuel
# exhausted test/language/statements/class/elements/after-same-line-static-method-rs-field-identifier.js [strict] on Fuel
# exhausted test/language/statements/class/elements/after-same-line-static-method-rs-private-getter-alt.js [sloppy] on Fuel
# exhausted test/language/statements/class/elements/after-same-line-static-method-rs-private-getter-alt.js [strict] on Fuel
# exhausted test/language/statements/class/elements/after-same-line-static-method-rs-private-getter.js [sloppy] on Fuel
# exhausted test/language/statements/class/elements/after-same-line-static-method-rs-private-getter.js [strict] on Fuel
# exhausted test/language/statements/class/elements/after-same-line-static-method-rs-private-method-alt.js [sloppy] on Fuel
# exhausted test/language/statements/class/elements/after-same-line-static-method-rs-private-method-alt.js [strict] on Fuel
# exhausted test/language/statements/class/elements/after-same-line-static-method-rs-private-method.js [sloppy] on Fuel
# exhausted test/language/statements/class/elements/after-same-line-static-method-rs-private-method.js [strict] on Fuel
# exhausted test/language/statements/class/elements/after-same-line-static-method-rs-private-setter-alt.js [sloppy] on Fuel
# exhausted test/language/statements/class/elements/after-same-line-static-method-rs-private-setter-alt.js [strict] on Fuel
# exhausted test/language/statements/class/elements/after-same-line-static-method-rs-private-setter.js [sloppy] on Fuel
# exhausted test/language/statements/class/elements/after-same-line-static-method-rs-private-setter.js [strict] on Fuel
# exhausted test/language/statements/class/elements/after-same-line-static-method-rs-privatename-identifier-alt.js [sloppy] on Fuel
# exhausted test/language/statements/class/elements/after-same-line-static-method-rs-privatename-identifier-alt.js [strict] on Fuel
# exhausted test/language/statements/class/elements/after-same-line-static-method-rs-privatename-identifier-initializer-alt.js [sloppy] on Fuel
# exhausted test/language/statements/class/elements/after-same-line-static-method-rs-privatename-identifier-initializer-alt.js [strict] on Fuel
# exhausted test/language/statements/class/elements/after-same-line-static-method-rs-privatename-identifier-initializer.js [sloppy] on Fuel
# exhausted test/language/statements/class/elements/after-same-line-static-method-rs-privatename-identifier-initializer.js [strict] on Fuel
# exhausted test/language/statements/class/elements/after-same-line-static-method-rs-privatename-identifier.js [sloppy] on Fuel
# exhausted test/language/statements/class/elements/after-same-line-static-method-rs-privatename-identifier.js [strict] on Fuel
# exhausted test/language/statements/class/elements/after-same-line-static-method-rs-static-async-generator-method-privatename-identifier-alt.js [sloppy] on Fuel
# exhausted test/language/statements/class/elements/after-same-line-static-method-rs-static-async-generator-method-privatename-identifier-alt.js [strict] on Fuel
# exhausted test/language/statements/class/elements/after-same-line-static-method-rs-static-async-generator-method-privatename-identifier.js [sloppy] on Fuel
# exhausted test/language/statements/class/elements/after-same-line-static-method-rs-static-async-generator-method-privatename-identifier.js [strict] on Fuel
# exhausted test/language/statements/class/elements/after-same-line-static-method-rs-static-async-method-privatename-identifier-alt.js [sloppy] on Fuel
# exhausted test/language/statements/class/elements/after-same-line-static-method-rs-static-async-method-privatename-identifier-alt.js [strict] on Fuel
# exhausted test/language/statements/class/elements/after-same-line-static-method-rs-static-async-method-privatename-identifier.js [sloppy] on Fuel
# exhausted test/language/statements/class/elements/after-same-line-static-method-rs-static-async-method-privatename-identifier.js [strict] on Fuel
# exhausted test/language/statements/class/elements/after-same-line-static-method-rs-static-generator-method-privatename-identifier-alt.js [sloppy] on Fuel
# exhausted test/language/statements/class/elements/after-same-line-static-method-rs-static-generator-method-privatename-identifier-alt.js [strict] on Fuel
# exhausted test/language/statements/class/elements/after-same-line-static-method-rs-static-generator-method-privatename-identifier.js [sloppy] on Fuel
# exhausted test/language/statements/class/elements/after-same-line-static-method-rs-static-generator-method-privatename-identifier.js [strict] on Fuel
# exhausted test/language/statements/class/elements/after-same-line-static-method-rs-static-method-privatename-identifier-alt.js [sloppy] on Fuel
# exhausted test/language/statements/class/elements/after-same-line-static-method-rs-static-method-privatename-identifier-alt.js [strict] on Fuel
# exhausted test/language/statements/class/elements/after-same-line-static-method-rs-static-method-privatename-identifier.js [sloppy] on Fuel
# exhausted test/language/statements/class/elements/after-same-line-static-method-rs-static-method-privatename-identifier.js [strict] on Fuel
# exhausted test/language/statements/class/elements/after-same-line-static-method-rs-static-privatename-identifier-alt-by-classname.js [sloppy] on Fuel
# exhausted test/language/statements/class/elements/after-same-line-static-method-rs-static-privatename-identifier-alt-by-classname.js [strict] on Fuel
# exhausted test/language/statements/class/elements/after-same-line-static-method-rs-static-privatename-identifier-alt.js [sloppy] on Fuel
# exhausted test/language/statements/class/elements/after-same-line-static-method-rs-static-privatename-identifier-alt.js [strict] on Fuel
# exhausted test/language/statements/class/elements/after-same-line-static-method-rs-static-privatename-identifier-by-classname.js [sloppy] on Fuel
# exhausted test/language/statements/class/elements/after-same-line-static-method-rs-static-privatename-identifier-by-classname.js [strict] on Fuel
# exhausted test/language/statements/class/elements/after-same-line-static-method-rs-static-privatename-identifier-initializer-alt-by-classname.js [sloppy] on Fuel
# exhausted test/language/statements/class/elements/after-same-line-static-method-rs-static-privatename-identifier-initializer-alt-by-classname.js [strict] on Fuel
# exhausted test/language/statements/class/elements/after-same-line-static-method-rs-static-privatename-identifier-initializer-alt.js [sloppy] on Fuel
# exhausted test/language/statements/class/elements/after-same-line-static-method-rs-static-privatename-identifier-initializer-alt.js [strict] on Fuel
# exhausted test/language/statements/class/elements/after-same-line-static-method-rs-static-privatename-identifier-initializer.js [sloppy] on Fuel
# exhausted test/language/statements/class/elements/after-same-line-static-method-rs-static-privatename-identifier-initializer.js [strict] on Fuel
# exhausted test/language/statements/class/elements/after-same-line-static-method-rs-static-privatename-identifier.js [sloppy] on Fuel
# exhausted test/language/statements/class/elements/after-same-line-static-method-rs-static-privatename-identifier.js [strict] on Fuel
# exhausted test/language/statements/class/elements/after-same-line-static-method-static-private-fields.js [sloppy] on Fuel
# exhausted test/language/statements/class/elements/after-same-line-static-method-static-private-fields.js [strict] on Fuel
# exhausted test/language/statements/class/elements/after-same-line-static-method-static-private-methods-with-fields.js [sloppy] on Fuel
# exhausted test/language/statements/class/elements/after-same-line-static-method-static-private-methods-with-fields.js [strict] on Fuel
# exhausted test/language/statements/class/elements/after-same-line-static-method-static-private-methods.js [sloppy] on Fuel
# exhausted test/language/statements/class/elements/after-same-line-static-method-static-private-methods.js [strict] on Fuel
# exhausted test/language/statements/class/elements/after-same-line-static-method-string-literal-names.js [sloppy] on Fuel
# exhausted test/language/statements/class/elements/after-same-line-static-method-string-literal-names.js [strict] on Fuel
# exhausted test/language/statements/class/elements/async-gen-private-method-static/yield-star-async-next.js [sloppy] on Fuel
# exhausted test/language/statements/class/elements/async-gen-private-method-static/yield-star-async-next.js [strict] on Fuel
# exhausted test/language/statements/class/elements/async-gen-private-method-static/yield-star-async-return.js [sloppy] on Fuel
# exhausted test/language/statements/class/elements/async-gen-private-method-static/yield-star-async-return.js [strict] on Fuel
# exhausted test/language/statements/class/elements/async-gen-private-method-static/yield-star-async-throw.js [sloppy] on Fuel
# exhausted test/language/statements/class/elements/async-gen-private-method-static/yield-star-async-throw.js [strict] on Fuel
# exhausted test/language/statements/class/elements/async-gen-private-method-static/yield-star-sync-next.js [sloppy] on Fuel
# exhausted test/language/statements/class/elements/async-gen-private-method-static/yield-star-sync-next.js [strict] on Fuel
# exhausted test/language/statements/class/elements/async-gen-private-method-static/yield-star-sync-return.js [sloppy] on Fuel
# exhausted test/language/statements/class/elements/async-gen-private-method-static/yield-star-sync-return.js [strict] on Fuel
# exhausted test/language/statements/class/elements/async-gen-private-method-static/yield-star-sync-throw.js [sloppy] on Fuel
# exhausted test/language/statements/class/elements/async-gen-private-method-static/yield-star-sync-throw.js [strict] on Fuel
# exhausted test/language/statements/class/elements/async-gen-private-method/yield-spread-arr-multiple.js [sloppy] on Fuel
# exhausted test/language/statements/class/elements/async-gen-private-method/yield-spread-arr-multiple.js [strict] on Fuel
# exhausted test/language/statements/class/elements/async-gen-private-method/yield-star-async-next.js [sloppy] on Fuel
# exhausted test/language/statements/class/elements/async-gen-private-method/yield-star-async-next.js [strict] on Fuel
# exhausted test/language/statements/class/elements/async-gen-private-method/yield-star-async-return.js [sloppy] on Fuel
# exhausted test/language/statements/class/elements/async-gen-private-method/yield-star-async-return.js [strict] on Fuel
# exhausted test/language/statements/class/elements/async-gen-private-method/yield-star-async-throw.js [sloppy] on Fuel
# exhausted test/language/statements/class/elements/async-gen-private-method/yield-star-async-throw.js [strict] on Fuel
# exhausted test/language/statements/class/elements/async-gen-private-method/yield-star-sync-next.js [sloppy] on Fuel
# exhausted test/language/statements/class/elements/async-gen-private-method/yield-star-sync-next.js [strict] on Fuel
# exhausted test/language/statements/class/elements/async-gen-private-method/yield-star-sync-return.js [sloppy] on Fuel
# exhausted test/language/statements/class/elements/async-gen-private-method/yield-star-sync-return.js [strict] on Fuel
# exhausted test/language/statements/class/elements/async-gen-private-method/yield-star-sync-throw.js [sloppy] on Fuel
# exhausted test/language/statements/class/elements/async-gen-private-method/yield-star-sync-throw.js [strict] on Fuel
# exhausted test/language/statements/class/elements/class-field-is-observable-by-proxy.js [sloppy] on Fuel
# exhausted test/language/statements/class/elements/class-field-is-observable-by-proxy.js [strict] on Fuel
# exhausted test/language/statements/class/elements/computed-name-toprimitive.js [sloppy] on Fuel
# exhausted test/language/statements/class/elements/computed-name-toprimitive.js [strict] on Fuel
# exhausted test/language/statements/class/elements/field-declaration.js [sloppy] on Fuel
# exhausted test/language/statements/class/elements/field-declaration.js [strict] on Fuel
# exhausted test/language/statements/class/elements/fields-computed-name-static-computed-var-propname-constructor.js [sloppy] on Fuel
# exhausted test/language/statements/class/elements/fields-computed-name-static-computed-var-propname-constructor.js [strict] on Fuel
# exhausted test/language/statements/class/elements/fields-computed-name-static-propname-constructor.js [sloppy] on Fuel
# exhausted test/language/statements/class/elements/fields-computed-name-static-propname-constructor.js [strict] on Fuel
# exhausted test/language/statements/class/elements/fields-hash-constructor-is-a-valid-name.js [sloppy] on Fuel
# exhausted test/language/statements/class/elements/fields-hash-constructor-is-a-valid-name.js [strict] on Fuel
# exhausted test/language/statements/class/elements/init-value-defined-after-class.js [sloppy] on Fuel
# exhausted test/language/statements/class/elements/init-value-defined-after-class.js [strict] on Fuel
# exhausted test/language/statements/class/elements/init-value-incremental.js [sloppy] on Fuel
# exhausted test/language/statements/class/elements/init-value-incremental.js [strict] on Fuel
# exhausted test/language/statements/class/elements/intercalated-static-non-static-computed-fields.js [sloppy] on Fuel
# exhausted test/language/statements/class/elements/intercalated-static-non-static-computed-fields.js [strict] on Fuel
# exhausted test/language/statements/class/elements/multiple-definitions-computed-names.js [sloppy] on Fuel
# exhausted test/language/statements/class/elements/multiple-definitions-computed-names.js [strict] on Fuel
# exhausted test/language/statements/class/elements/multiple-definitions-computed-symbol-names.js [sloppy] on Fuel
# exhausted test/language/statements/class/elements/multiple-definitions-computed-symbol-names.js [strict] on Fuel
# exhausted test/language/statements/class/elements/multiple-definitions-grammar-privatename-identifier-semantics-stringvalue.js [sloppy] on Fuel
# exhausted test/language/statements/class/elements/multiple-definitions-grammar-privatename-identifier-semantics-stringvalue.js [strict] on Fuel
# exhausted test/language/statements/class/elements/multiple-definitions-literal-names-asi.js [sloppy] on Fuel
# exhausted test/language/statements/class/elements/multiple-definitions-literal-names-asi.js [strict] on Fuel
# exhausted test/language/statements/class/elements/multiple-definitions-literal-names.js [sloppy] on Fuel
# exhausted test/language/statements/class/elements/multiple-definitions-literal-names.js [strict] on Fuel
# exhausted test/language/statements/class/elements/multiple-definitions-private-field-usage.js [sloppy] on Fuel
# exhausted test/language/statements/class/elements/multiple-definitions-private-field-usage.js [strict] on Fuel
# exhausted test/language/statements/class/elements/multiple-definitions-private-method-getter-usage.js [sloppy] on Fuel
# exhausted test/language/statements/class/elements/multiple-definitions-private-method-getter-usage.js [strict] on Fuel
# exhausted test/language/statements/class/elements/multiple-definitions-private-method-usage.js [sloppy] on Fuel
# exhausted test/language/statements/class/elements/multiple-definitions-private-method-usage.js [strict] on Fuel
# exhausted test/language/statements/class/elements/multiple-definitions-private-names.js [sloppy] on Fuel
# exhausted test/language/statements/class/elements/multiple-definitions-private-names.js [strict] on Fuel
# exhausted test/language/statements/class/elements/multiple-definitions-rs-field-identifier-initializer.js [sloppy] on Fuel
# exhausted test/language/statements/class/elements/multiple-definitions-rs-field-identifier-initializer.js [strict] on Fuel
# exhausted test/language/statements/class/elements/multiple-definitions-rs-field-identifier.js [sloppy] on Fuel
# exhausted test/language/statements/class/elements/multiple-definitions-rs-field-identifier.js [strict] on Fuel
# exhausted test/language/statements/class/elements/multiple-definitions-rs-private-getter-alt.js [sloppy] on Fuel
# exhausted test/language/statements/class/elements/multiple-definitions-rs-private-getter-alt.js [strict] on Fuel
# exhausted test/language/statements/class/elements/multiple-definitions-rs-private-getter.js [sloppy] on Fuel
# exhausted test/language/statements/class/elements/multiple-definitions-rs-private-getter.js [strict] on Fuel
# exhausted test/language/statements/class/elements/multiple-definitions-rs-private-method-alt.js [sloppy] on Fuel
# exhausted test/language/statements/class/elements/multiple-definitions-rs-private-method-alt.js [strict] on Fuel
# exhausted test/language/statements/class/elements/multiple-definitions-rs-private-method.js [sloppy] on Fuel
# exhausted test/language/statements/class/elements/multiple-definitions-rs-private-method.js [strict] on Fuel
# exhausted test/language/statements/class/elements/multiple-definitions-rs-private-setter-alt.js [sloppy] on Fuel
# exhausted test/language/statements/class/elements/multiple-definitions-rs-private-setter-alt.js [strict] on Fuel
# exhausted test/language/statements/class/elements/multiple-definitions-rs-private-setter.js [sloppy] on Fuel
# exhausted test/language/statements/class/elements/multiple-definitions-rs-private-setter.js [strict] on Fuel
# exhausted test/language/statements/class/elements/multiple-definitions-rs-privatename-identifier-alt.js [sloppy] on Fuel
# exhausted test/language/statements/class/elements/multiple-definitions-rs-privatename-identifier-alt.js [strict] on Fuel
# exhausted test/language/statements/class/elements/multiple-definitions-rs-privatename-identifier-initializer-alt.js [sloppy] on Fuel
# exhausted test/language/statements/class/elements/multiple-definitions-rs-privatename-identifier-initializer-alt.js [strict] on Fuel
# exhausted test/language/statements/class/elements/multiple-definitions-rs-privatename-identifier-initializer.js [sloppy] on Fuel
# exhausted test/language/statements/class/elements/multiple-definitions-rs-privatename-identifier-initializer.js [strict] on Fuel
# exhausted test/language/statements/class/elements/multiple-definitions-rs-privatename-identifier.js [sloppy] on Fuel
# exhausted test/language/statements/class/elements/multiple-definitions-rs-privatename-identifier.js [strict] on Fuel
# exhausted test/language/statements/class/elements/multiple-definitions-rs-static-async-generator-method-privatename-identifier-alt.js [sloppy] on Fuel
# exhausted test/language/statements/class/elements/multiple-definitions-rs-static-async-generator-method-privatename-identifier-alt.js [strict] on Fuel
# exhausted test/language/statements/class/elements/multiple-definitions-rs-static-async-generator-method-privatename-identifier.js [sloppy] on Fuel
# exhausted test/language/statements/class/elements/multiple-definitions-rs-static-async-generator-method-privatename-identifier.js [strict] on Fuel
# exhausted test/language/statements/class/elements/multiple-definitions-rs-static-async-method-privatename-identifier-alt.js [sloppy] on Fuel
# exhausted test/language/statements/class/elements/multiple-definitions-rs-static-async-method-privatename-identifier-alt.js [strict] on Fuel
# exhausted test/language/statements/class/elements/multiple-definitions-rs-static-async-method-privatename-identifier.js [sloppy] on Fuel
# exhausted test/language/statements/class/elements/multiple-definitions-rs-static-async-method-privatename-identifier.js [strict] on Fuel
# exhausted test/language/statements/class/elements/multiple-definitions-rs-static-generator-method-privatename-identifier-alt.js [sloppy] on Fuel
# exhausted test/language/statements/class/elements/multiple-definitions-rs-static-generator-method-privatename-identifier-alt.js [strict] on Fuel
# exhausted test/language/statements/class/elements/multiple-definitions-rs-static-generator-method-privatename-identifier.js [sloppy] on Fuel
# exhausted test/language/statements/class/elements/multiple-definitions-rs-static-generator-method-privatename-identifier.js [strict] on Fuel
# exhausted test/language/statements/class/elements/multiple-definitions-rs-static-method-privatename-identifier-alt.js [sloppy] on Fuel
# exhausted test/language/statements/class/elements/multiple-definitions-rs-static-method-privatename-identifier-alt.js [strict] on Fuel
# exhausted test/language/statements/class/elements/multiple-definitions-rs-static-method-privatename-identifier.js [sloppy] on Fuel
# exhausted test/language/statements/class/elements/multiple-definitions-rs-static-method-privatename-identifier.js [strict] on Fuel
# exhausted test/language/statements/class/elements/multiple-definitions-rs-static-privatename-identifier-alt-by-classname.js [sloppy] on Fuel
# exhausted test/language/statements/class/elements/multiple-definitions-rs-static-privatename-identifier-alt-by-classname.js [strict] on Fuel
# exhausted test/language/statements/class/elements/multiple-definitions-rs-static-privatename-identifier-alt.js [sloppy] on Fuel
# exhausted test/language/statements/class/elements/multiple-definitions-rs-static-privatename-identifier-alt.js [strict] on Fuel
# exhausted test/language/statements/class/elements/multiple-definitions-rs-static-privatename-identifier-by-classname.js [sloppy] on Fuel
# exhausted test/language/statements/class/elements/multiple-definitions-rs-static-privatename-identifier-by-classname.js [strict] on Fuel
# exhausted test/language/statements/class/elements/multiple-definitions-rs-static-privatename-identifier-initializer-alt-by-classname.js [sloppy] on Fuel
# exhausted test/language/statements/class/elements/multiple-definitions-rs-static-privatename-identifier-initializer-alt-by-classname.js [strict] on Fuel
# exhausted test/language/statements/class/elements/multiple-definitions-rs-static-privatename-identifier-initializer-alt.js [sloppy] on Fuel
# exhausted test/language/statements/class/elements/multiple-definitions-rs-static-privatename-identifier-initializer-alt.js [strict] on Fuel
# exhausted test/language/statements/class/elements/multiple-definitions-rs-static-privatename-identifier-initializer.js [sloppy] on Fuel
# exhausted test/language/statements/class/elements/multiple-definitions-rs-static-privatename-identifier-initializer.js [strict] on Fuel
# exhausted test/language/statements/class/elements/multiple-definitions-rs-static-privatename-identifier.js [sloppy] on Fuel
# exhausted test/language/statements/class/elements/multiple-definitions-rs-static-privatename-identifier.js [strict] on Fuel
# exhausted test/language/statements/class/elements/multiple-definitions-static-private-fields.js [sloppy] on Fuel
# exhausted test/language/statements/class/elements/multiple-definitions-static-private-fields.js [strict] on Fuel
# exhausted test/language/statements/class/elements/multiple-definitions-static-private-methods-with-fields.js [sloppy] on Fuel
# exhausted test/language/statements/class/elements/multiple-definitions-static-private-methods-with-fields.js [strict] on Fuel
# exhausted test/language/statements/class/elements/multiple-definitions-static-private-methods.js [sloppy] on Fuel
# exhausted test/language/statements/class/elements/multiple-definitions-static-private-methods.js [strict] on Fuel
# exhausted test/language/statements/class/elements/multiple-definitions-string-literal-names.js [sloppy] on Fuel
# exhausted test/language/statements/class/elements/multiple-definitions-string-literal-names.js [strict] on Fuel
# exhausted test/language/statements/class/elements/multiple-stacked-definitions-computed-names.js [sloppy] on Fuel
# exhausted test/language/statements/class/elements/multiple-stacked-definitions-computed-names.js [strict] on Fuel
# exhausted test/language/statements/class/elements/multiple-stacked-definitions-computed-symbol-names.js [sloppy] on Fuel
# exhausted test/language/statements/class/elements/multiple-stacked-definitions-computed-symbol-names.js [strict] on Fuel
# exhausted test/language/statements/class/elements/multiple-stacked-definitions-grammar-privatename-identifier-semantics-stringvalue.js [sloppy] on Fuel
# exhausted test/language/statements/class/elements/multiple-stacked-definitions-grammar-privatename-identifier-semantics-stringvalue.js [strict] on Fuel
# exhausted test/language/statements/class/elements/multiple-stacked-definitions-literal-names-asi.js [sloppy] on Fuel
# exhausted test/language/statements/class/elements/multiple-stacked-definitions-literal-names-asi.js [strict] on Fuel
# exhausted test/language/statements/class/elements/multiple-stacked-definitions-literal-names.js [sloppy] on Fuel
# exhausted test/language/statements/class/elements/multiple-stacked-definitions-literal-names.js [strict] on Fuel
# exhausted test/language/statements/class/elements/multiple-stacked-definitions-private-field-usage.js [sloppy] on Fuel
# exhausted test/language/statements/class/elements/multiple-stacked-definitions-private-field-usage.js [strict] on Fuel
# exhausted test/language/statements/class/elements/multiple-stacked-definitions-private-method-getter-usage.js [sloppy] on Fuel
# exhausted test/language/statements/class/elements/multiple-stacked-definitions-private-method-getter-usage.js [strict] on Fuel
# exhausted test/language/statements/class/elements/multiple-stacked-definitions-private-method-usage.js [sloppy] on Fuel
# exhausted test/language/statements/class/elements/multiple-stacked-definitions-private-method-usage.js [strict] on Fuel
# exhausted test/language/statements/class/elements/multiple-stacked-definitions-private-names.js [sloppy] on Fuel
# exhausted test/language/statements/class/elements/multiple-stacked-definitions-private-names.js [strict] on Fuel
# exhausted test/language/statements/class/elements/multiple-stacked-definitions-rs-field-identifier-initializer.js [sloppy] on Fuel
# exhausted test/language/statements/class/elements/multiple-stacked-definitions-rs-field-identifier-initializer.js [strict] on Fuel
# exhausted test/language/statements/class/elements/multiple-stacked-definitions-rs-field-identifier.js [sloppy] on Fuel
# exhausted test/language/statements/class/elements/multiple-stacked-definitions-rs-field-identifier.js [strict] on Fuel
# exhausted test/language/statements/class/elements/multiple-stacked-definitions-rs-private-getter-alt.js [sloppy] on Fuel
# exhausted test/language/statements/class/elements/multiple-stacked-definitions-rs-private-getter-alt.js [strict] on Fuel
# exhausted test/language/statements/class/elements/multiple-stacked-definitions-rs-private-getter.js [sloppy] on Fuel
# exhausted test/language/statements/class/elements/multiple-stacked-definitions-rs-private-getter.js [strict] on Fuel
# exhausted test/language/statements/class/elements/multiple-stacked-definitions-rs-private-method-alt.js [sloppy] on Fuel
# exhausted test/language/statements/class/elements/multiple-stacked-definitions-rs-private-method-alt.js [strict] on Fuel
# exhausted test/language/statements/class/elements/multiple-stacked-definitions-rs-private-method.js [sloppy] on Fuel
# exhausted test/language/statements/class/elements/multiple-stacked-definitions-rs-private-method.js [strict] on Fuel
# exhausted test/language/statements/class/elements/multiple-stacked-definitions-rs-private-setter-alt.js [sloppy] on Fuel
# exhausted test/language/statements/class/elements/multiple-stacked-definitions-rs-private-setter-alt.js [strict] on Fuel
# exhausted test/language/statements/class/elements/multiple-stacked-definitions-rs-private-setter.js [sloppy] on Fuel
# exhausted test/language/statements/class/elements/multiple-stacked-definitions-rs-private-setter.js [strict] on Fuel
# exhausted test/language/statements/class/elements/multiple-stacked-definitions-rs-privatename-identifier-alt.js [sloppy] on Fuel
# exhausted test/language/statements/class/elements/multiple-stacked-definitions-rs-privatename-identifier-alt.js [strict] on Fuel
# exhausted test/language/statements/class/elements/multiple-stacked-definitions-rs-privatename-identifier-initializer-alt.js [sloppy] on Fuel
# exhausted test/language/statements/class/elements/multiple-stacked-definitions-rs-privatename-identifier-initializer-alt.js [strict] on Fuel
# exhausted test/language/statements/class/elements/multiple-stacked-definitions-rs-privatename-identifier-initializer.js [sloppy] on Fuel
# exhausted test/language/statements/class/elements/multiple-stacked-definitions-rs-privatename-identifier-initializer.js [strict] on Fuel
# exhausted test/language/statements/class/elements/multiple-stacked-definitions-rs-privatename-identifier.js [sloppy] on Fuel
# exhausted test/language/statements/class/elements/multiple-stacked-definitions-rs-privatename-identifier.js [strict] on Fuel
# exhausted test/language/statements/class/elements/multiple-stacked-definitions-rs-static-async-generator-method-privatename-identifier-alt.js [sloppy] on Fuel
# exhausted test/language/statements/class/elements/multiple-stacked-definitions-rs-static-async-generator-method-privatename-identifier-alt.js [strict] on Fuel
# exhausted test/language/statements/class/elements/multiple-stacked-definitions-rs-static-async-generator-method-privatename-identifier.js [sloppy] on Fuel
# exhausted test/language/statements/class/elements/multiple-stacked-definitions-rs-static-async-generator-method-privatename-identifier.js [strict] on Fuel
# exhausted test/language/statements/class/elements/multiple-stacked-definitions-rs-static-async-method-privatename-identifier-alt.js [sloppy] on Fuel
# exhausted test/language/statements/class/elements/multiple-stacked-definitions-rs-static-async-method-privatename-identifier-alt.js [strict] on Fuel
# exhausted test/language/statements/class/elements/multiple-stacked-definitions-rs-static-async-method-privatename-identifier.js [sloppy] on Fuel
# exhausted test/language/statements/class/elements/multiple-stacked-definitions-rs-static-async-method-privatename-identifier.js [strict] on Fuel
# exhausted test/language/statements/class/elements/multiple-stacked-definitions-rs-static-generator-method-privatename-identifier-alt.js [sloppy] on Fuel
# exhausted test/language/statements/class/elements/multiple-stacked-definitions-rs-static-generator-method-privatename-identifier-alt.js [strict] on Fuel
# exhausted test/language/statements/class/elements/multiple-stacked-definitions-rs-static-generator-method-privatename-identifier.js [sloppy] on Fuel
# exhausted test/language/statements/class/elements/multiple-stacked-definitions-rs-static-generator-method-privatename-identifier.js [strict] on Fuel
# exhausted test/language/statements/class/elements/multiple-stacked-definitions-rs-static-method-privatename-identifier-alt.js [sloppy] on Fuel
# exhausted test/language/statements/class/elements/multiple-stacked-definitions-rs-static-method-privatename-identifier-alt.js [strict] on Fuel
# exhausted test/language/statements/class/elements/multiple-stacked-definitions-rs-static-method-privatename-identifier.js [sloppy] on Fuel
# exhausted test/language/statements/class/elements/multiple-stacked-definitions-rs-static-method-privatename-identifier.js [strict] on Fuel
# exhausted test/language/statements/class/elements/multiple-stacked-definitions-rs-static-privatename-identifier-alt-by-classname.js [sloppy] on Fuel
# exhausted test/language/statements/class/elements/multiple-stacked-definitions-rs-static-privatename-identifier-alt-by-classname.js [strict] on Fuel
# exhausted test/language/statements/class/elements/multiple-stacked-definitions-rs-static-privatename-identifier-alt.js [sloppy] on Fuel
# exhausted test/language/statements/class/elements/multiple-stacked-definitions-rs-static-privatename-identifier-alt.js [strict] on Fuel
# exhausted test/language/statements/class/elements/multiple-stacked-definitions-rs-static-privatename-identifier-by-classname.js [sloppy] on Fuel
# exhausted test/language/statements/class/elements/multiple-stacked-definitions-rs-static-privatename-identifier-by-classname.js [strict] on Fuel
# exhausted test/language/statements/class/elements/multiple-stacked-definitions-rs-static-privatename-identifier-initializer-alt-by-classname.js [sloppy] on Fuel
# exhausted test/language/statements/class/elements/multiple-stacked-definitions-rs-static-privatename-identifier-initializer-alt-by-classname.js [strict] on Fuel
# exhausted test/language/statements/class/elements/multiple-stacked-definitions-rs-static-privatename-identifier-initializer-alt.js [sloppy] on Fuel
# exhausted test/language/statements/class/elements/multiple-stacked-definitions-rs-static-privatename-identifier-initializer-alt.js [strict] on Fuel
# exhausted test/language/statements/class/elements/multiple-stacked-definitions-rs-static-privatename-identifier-initializer.js [sloppy] on Fuel
# exhausted test/language/statements/class/elements/multiple-stacked-definitions-rs-static-privatename-identifier-initializer.js [strict] on Fuel
# exhausted test/language/statements/class/elements/multiple-stacked-definitions-rs-static-privatename-identifier.js [sloppy] on Fuel
# exhausted test/language/statements/class/elements/multiple-stacked-definitions-rs-static-privatename-identifier.js [strict] on Fuel
# exhausted test/language/statements/class/elements/multiple-stacked-definitions-static-private-fields.js [sloppy] on Fuel
# exhausted test/language/statements/class/elements/multiple-stacked-definitions-static-private-fields.js [strict] on Fuel
# exhausted test/language/statements/class/elements/multiple-stacked-definitions-static-private-methods-with-fields.js [sloppy] on Fuel
# exhausted test/language/statements/class/elements/multiple-stacked-definitions-static-private-methods-with-fields.js [strict] on Fuel
# exhausted test/language/statements/class/elements/multiple-stacked-definitions-static-private-methods.js [sloppy] on Fuel
# exhausted test/language/statements/class/elements/multiple-stacked-definitions-static-private-methods.js [strict] on Fuel
# exhausted test/language/statements/class/elements/multiple-stacked-definitions-string-literal-names.js [sloppy] on Fuel
# exhausted test/language/statements/class/elements/multiple-stacked-definitions-string-literal-names.js [strict] on Fuel
# exhausted test/language/statements/class/elements/new-no-sc-line-method-computed-names.js [sloppy] on Fuel
# exhausted test/language/statements/class/elements/new-no-sc-line-method-computed-names.js [strict] on Fuel
# exhausted test/language/statements/class/elements/new-no-sc-line-method-computed-symbol-names.js [sloppy] on Fuel
# exhausted test/language/statements/class/elements/new-no-sc-line-method-computed-symbol-names.js [strict] on Fuel
# exhausted test/language/statements/class/elements/new-no-sc-line-method-grammar-privatename-identifier-semantics-stringvalue.js [sloppy] on Fuel
# exhausted test/language/statements/class/elements/new-no-sc-line-method-grammar-privatename-identifier-semantics-stringvalue.js [strict] on Fuel
# exhausted test/language/statements/class/elements/new-no-sc-line-method-literal-names-asi.js [sloppy] on Fuel
# exhausted test/language/statements/class/elements/new-no-sc-line-method-literal-names-asi.js [strict] on Fuel
# exhausted test/language/statements/class/elements/new-no-sc-line-method-literal-names.js [sloppy] on Fuel
# exhausted test/language/statements/class/elements/new-no-sc-line-method-literal-names.js [strict] on Fuel
# exhausted test/language/statements/class/elements/new-no-sc-line-method-private-field-usage.js [sloppy] on Fuel
# exhausted test/language/statements/class/elements/new-no-sc-line-method-private-field-usage.js [strict] on Fuel
# exhausted test/language/statements/class/elements/new-no-sc-line-method-private-method-getter-usage.js [sloppy] on Fuel
# exhausted test/language/statements/class/elements/new-no-sc-line-method-private-method-getter-usage.js [strict] on Fuel
# exhausted test/language/statements/class/elements/new-no-sc-line-method-private-method-usage.js [sloppy] on Fuel
# exhausted test/language/statements/class/elements/new-no-sc-line-method-private-method-usage.js [strict] on Fuel
# exhausted test/language/statements/class/elements/new-no-sc-line-method-private-names.js [sloppy] on Fuel
# exhausted test/language/statements/class/elements/new-no-sc-line-method-private-names.js [strict] on Fuel
# exhausted test/language/statements/class/elements/new-no-sc-line-method-rs-field-identifier-initializer.js [sloppy] on Fuel
# exhausted test/language/statements/class/elements/new-no-sc-line-method-rs-field-identifier-initializer.js [strict] on Fuel
# exhausted test/language/statements/class/elements/new-no-sc-line-method-rs-field-identifier.js [sloppy] on Fuel
# exhausted test/language/statements/class/elements/new-no-sc-line-method-rs-field-identifier.js [strict] on Fuel
# exhausted test/language/statements/class/elements/new-no-sc-line-method-rs-private-getter-alt.js [sloppy] on Fuel
# exhausted test/language/statements/class/elements/new-no-sc-line-method-rs-private-getter-alt.js [strict] on Fuel
# exhausted test/language/statements/class/elements/new-no-sc-line-method-rs-private-getter.js [sloppy] on Fuel
# exhausted test/language/statements/class/elements/new-no-sc-line-method-rs-private-getter.js [strict] on Fuel
# exhausted test/language/statements/class/elements/new-no-sc-line-method-rs-private-method-alt.js [sloppy] on Fuel
# exhausted test/language/statements/class/elements/new-no-sc-line-method-rs-private-method-alt.js [strict] on Fuel
# exhausted test/language/statements/class/elements/new-no-sc-line-method-rs-private-method.js [sloppy] on Fuel
# exhausted test/language/statements/class/elements/new-no-sc-line-method-rs-private-method.js [strict] on Fuel
# exhausted test/language/statements/class/elements/new-no-sc-line-method-rs-private-setter-alt.js [sloppy] on Fuel
# exhausted test/language/statements/class/elements/new-no-sc-line-method-rs-private-setter-alt.js [strict] on Fuel
# exhausted test/language/statements/class/elements/new-no-sc-line-method-rs-private-setter.js [sloppy] on Fuel
# exhausted test/language/statements/class/elements/new-no-sc-line-method-rs-private-setter.js [strict] on Fuel
# exhausted test/language/statements/class/elements/new-no-sc-line-method-rs-privatename-identifier-alt.js [sloppy] on Fuel
# exhausted test/language/statements/class/elements/new-no-sc-line-method-rs-privatename-identifier-alt.js [strict] on Fuel
# exhausted test/language/statements/class/elements/new-no-sc-line-method-rs-privatename-identifier-initializer-alt.js [sloppy] on Fuel
# exhausted test/language/statements/class/elements/new-no-sc-line-method-rs-privatename-identifier-initializer-alt.js [strict] on Fuel
# exhausted test/language/statements/class/elements/new-no-sc-line-method-rs-privatename-identifier-initializer.js [sloppy] on Fuel
# exhausted test/language/statements/class/elements/new-no-sc-line-method-rs-privatename-identifier-initializer.js [strict] on Fuel
# exhausted test/language/statements/class/elements/new-no-sc-line-method-rs-privatename-identifier.js [sloppy] on Fuel
# exhausted test/language/statements/class/elements/new-no-sc-line-method-rs-privatename-identifier.js [strict] on Fuel
# exhausted test/language/statements/class/elements/new-no-sc-line-method-rs-static-async-generator-method-privatename-identifier-alt.js [sloppy] on Fuel
# exhausted test/language/statements/class/elements/new-no-sc-line-method-rs-static-async-generator-method-privatename-identifier-alt.js [strict] on Fuel
# exhausted test/language/statements/class/elements/new-no-sc-line-method-rs-static-async-generator-method-privatename-identifier.js [sloppy] on Fuel
# exhausted test/language/statements/class/elements/new-no-sc-line-method-rs-static-async-generator-method-privatename-identifier.js [strict] on Fuel
# exhausted test/language/statements/class/elements/new-no-sc-line-method-rs-static-async-method-privatename-identifier-alt.js [sloppy] on Fuel
# exhausted test/language/statements/class/elements/new-no-sc-line-method-rs-static-async-method-privatename-identifier-alt.js [strict] on Fuel
# exhausted test/language/statements/class/elements/new-no-sc-line-method-rs-static-async-method-privatename-identifier.js [sloppy] on Fuel
# exhausted test/language/statements/class/elements/new-no-sc-line-method-rs-static-async-method-privatename-identifier.js [strict] on Fuel
# exhausted test/language/statements/class/elements/new-no-sc-line-method-rs-static-generator-method-privatename-identifier-alt.js [sloppy] on Fuel
# exhausted test/language/statements/class/elements/new-no-sc-line-method-rs-static-generator-method-privatename-identifier-alt.js [strict] on Fuel
# exhausted test/language/statements/class/elements/new-no-sc-line-method-rs-static-generator-method-privatename-identifier.js [sloppy] on Fuel
# exhausted test/language/statements/class/elements/new-no-sc-line-method-rs-static-generator-method-privatename-identifier.js [strict] on Fuel
# exhausted test/language/statements/class/elements/new-no-sc-line-method-rs-static-method-privatename-identifier-alt.js [sloppy] on Fuel
# exhausted test/language/statements/class/elements/new-no-sc-line-method-rs-static-method-privatename-identifier-alt.js [strict] on Fuel
# exhausted test/language/statements/class/elements/new-no-sc-line-method-rs-static-method-privatename-identifier.js [sloppy] on Fuel
# exhausted test/language/statements/class/elements/new-no-sc-line-method-rs-static-method-privatename-identifier.js [strict] on Fuel
# exhausted test/language/statements/class/elements/new-no-sc-line-method-rs-static-privatename-identifier-alt-by-classname.js [sloppy] on Fuel
# exhausted test/language/statements/class/elements/new-no-sc-line-method-rs-static-privatename-identifier-alt-by-classname.js [strict] on Fuel
# exhausted test/language/statements/class/elements/new-no-sc-line-method-rs-static-privatename-identifier-alt.js [sloppy] on Fuel
# exhausted test/language/statements/class/elements/new-no-sc-line-method-rs-static-privatename-identifier-alt.js [strict] on Fuel
# exhausted test/language/statements/class/elements/new-no-sc-line-method-rs-static-privatename-identifier-by-classname.js [sloppy] on Fuel
# exhausted test/language/statements/class/elements/new-no-sc-line-method-rs-static-privatename-identifier-by-classname.js [strict] on Fuel
# exhausted test/language/statements/class/elements/new-no-sc-line-method-rs-static-privatename-identifier-initializer-alt-by-classname.js [sloppy] on Fuel
# exhausted test/language/statements/class/elements/new-no-sc-line-method-rs-static-privatename-identifier-initializer-alt-by-classname.js [strict] on Fuel
# exhausted test/language/statements/class/elements/new-no-sc-line-method-rs-static-privatename-identifier-initializer-alt.js [sloppy] on Fuel
# exhausted test/language/statements/class/elements/new-no-sc-line-method-rs-static-privatename-identifier-initializer-alt.js [strict] on Fuel
# exhausted test/language/statements/class/elements/new-no-sc-line-method-rs-static-privatename-identifier-initializer.js [sloppy] on Fuel
# exhausted test/language/statements/class/elements/new-no-sc-line-method-rs-static-privatename-identifier-initializer.js [strict] on Fuel
# exhausted test/language/statements/class/elements/new-no-sc-line-method-rs-static-privatename-identifier.js [sloppy] on Fuel
# exhausted test/language/statements/class/elements/new-no-sc-line-method-rs-static-privatename-identifier.js [strict] on Fuel
# exhausted test/language/statements/class/elements/new-no-sc-line-method-static-private-fields.js [sloppy] on Fuel
# exhausted test/language/statements/class/elements/new-no-sc-line-method-static-private-fields.js [strict] on Fuel
# exhausted test/language/statements/class/elements/new-no-sc-line-method-static-private-methods-with-fields.js [sloppy] on Fuel
# exhausted test/language/statements/class/elements/new-no-sc-line-method-static-private-methods-with-fields.js [strict] on Fuel
# exhausted test/language/statements/class/elements/new-no-sc-line-method-static-private-methods.js [sloppy] on Fuel
# exhausted test/language/statements/class/elements/new-no-sc-line-method-static-private-methods.js [strict] on Fuel
# exhausted test/language/statements/class/elements/new-no-sc-line-method-string-literal-names.js [sloppy] on Fuel
# exhausted test/language/statements/class/elements/new-no-sc-line-method-string-literal-names.js [strict] on Fuel
# exhausted test/language/statements/class/elements/new-sc-line-gen-computed-names.js [sloppy] on Fuel
# exhausted test/language/statements/class/elements/new-sc-line-gen-computed-names.js [strict] on Fuel
# exhausted test/language/statements/class/elements/new-sc-line-gen-computed-symbol-names.js [sloppy] on Fuel
# exhausted test/language/statements/class/elements/new-sc-line-gen-computed-symbol-names.js [strict] on Fuel
# exhausted test/language/statements/class/elements/new-sc-line-gen-grammar-privatename-identifier-semantics-stringvalue.js [sloppy] on Fuel
# exhausted test/language/statements/class/elements/new-sc-line-gen-grammar-privatename-identifier-semantics-stringvalue.js [strict] on Fuel
# exhausted test/language/statements/class/elements/new-sc-line-gen-literal-names-asi.js [sloppy] on Fuel
# exhausted test/language/statements/class/elements/new-sc-line-gen-literal-names-asi.js [strict] on Fuel
# exhausted test/language/statements/class/elements/new-sc-line-gen-literal-names.js [sloppy] on Fuel
# exhausted test/language/statements/class/elements/new-sc-line-gen-literal-names.js [strict] on Fuel
# exhausted test/language/statements/class/elements/new-sc-line-gen-private-field-usage.js [sloppy] on Fuel
# exhausted test/language/statements/class/elements/new-sc-line-gen-private-field-usage.js [strict] on Fuel
# exhausted test/language/statements/class/elements/new-sc-line-gen-private-method-getter-usage.js [sloppy] on Fuel
# exhausted test/language/statements/class/elements/new-sc-line-gen-private-method-getter-usage.js [strict] on Fuel
# exhausted test/language/statements/class/elements/new-sc-line-gen-private-method-usage.js [sloppy] on Fuel
# exhausted test/language/statements/class/elements/new-sc-line-gen-private-method-usage.js [strict] on Fuel
# exhausted test/language/statements/class/elements/new-sc-line-gen-private-names.js [sloppy] on Fuel
# exhausted test/language/statements/class/elements/new-sc-line-gen-private-names.js [strict] on Fuel
# exhausted test/language/statements/class/elements/new-sc-line-gen-rs-field-identifier-initializer.js [sloppy] on Fuel
# exhausted test/language/statements/class/elements/new-sc-line-gen-rs-field-identifier-initializer.js [strict] on Fuel
# exhausted test/language/statements/class/elements/new-sc-line-gen-rs-field-identifier.js [sloppy] on Fuel
# exhausted test/language/statements/class/elements/new-sc-line-gen-rs-field-identifier.js [strict] on Fuel
# exhausted test/language/statements/class/elements/new-sc-line-gen-rs-private-getter-alt.js [sloppy] on Fuel
# exhausted test/language/statements/class/elements/new-sc-line-gen-rs-private-getter-alt.js [strict] on Fuel
# exhausted test/language/statements/class/elements/new-sc-line-gen-rs-private-getter.js [sloppy] on Fuel
# exhausted test/language/statements/class/elements/new-sc-line-gen-rs-private-getter.js [strict] on Fuel
# exhausted test/language/statements/class/elements/new-sc-line-gen-rs-private-method-alt.js [sloppy] on Fuel
# exhausted test/language/statements/class/elements/new-sc-line-gen-rs-private-method-alt.js [strict] on Fuel
# exhausted test/language/statements/class/elements/new-sc-line-gen-rs-private-method.js [sloppy] on Fuel
# exhausted test/language/statements/class/elements/new-sc-line-gen-rs-private-method.js [strict] on Fuel
# exhausted test/language/statements/class/elements/new-sc-line-gen-rs-private-setter-alt.js [sloppy] on Fuel
# exhausted test/language/statements/class/elements/new-sc-line-gen-rs-private-setter-alt.js [strict] on Fuel
# exhausted test/language/statements/class/elements/new-sc-line-gen-rs-private-setter.js [sloppy] on Fuel
# exhausted test/language/statements/class/elements/new-sc-line-gen-rs-private-setter.js [strict] on Fuel
# exhausted test/language/statements/class/elements/new-sc-line-gen-rs-privatename-identifier-alt.js [sloppy] on Fuel
# exhausted test/language/statements/class/elements/new-sc-line-gen-rs-privatename-identifier-alt.js [strict] on Fuel
# exhausted test/language/statements/class/elements/new-sc-line-gen-rs-privatename-identifier-initializer-alt.js [sloppy] on Fuel
# exhausted test/language/statements/class/elements/new-sc-line-gen-rs-privatename-identifier-initializer-alt.js [strict] on Fuel
# exhausted test/language/statements/class/elements/new-sc-line-gen-rs-privatename-identifier-initializer.js [sloppy] on Fuel
# exhausted test/language/statements/class/elements/new-sc-line-gen-rs-privatename-identifier-initializer.js [strict] on Fuel
# exhausted test/language/statements/class/elements/new-sc-line-gen-rs-privatename-identifier.js [sloppy] on Fuel
# exhausted test/language/statements/class/elements/new-sc-line-gen-rs-privatename-identifier.js [strict] on Fuel
# exhausted test/language/statements/class/elements/new-sc-line-gen-rs-static-async-generator-method-privatename-identifier-alt.js [sloppy] on Fuel
# exhausted test/language/statements/class/elements/new-sc-line-gen-rs-static-async-generator-method-privatename-identifier-alt.js [strict] on Fuel
# exhausted test/language/statements/class/elements/new-sc-line-gen-rs-static-async-generator-method-privatename-identifier.js [sloppy] on Fuel
# exhausted test/language/statements/class/elements/new-sc-line-gen-rs-static-async-generator-method-privatename-identifier.js [strict] on Fuel
# exhausted test/language/statements/class/elements/new-sc-line-gen-rs-static-async-method-privatename-identifier-alt.js [sloppy] on Fuel
# exhausted test/language/statements/class/elements/new-sc-line-gen-rs-static-async-method-privatename-identifier-alt.js [strict] on Fuel
# exhausted test/language/statements/class/elements/new-sc-line-gen-rs-static-async-method-privatename-identifier.js [sloppy] on Fuel
# exhausted test/language/statements/class/elements/new-sc-line-gen-rs-static-async-method-privatename-identifier.js [strict] on Fuel
# exhausted test/language/statements/class/elements/new-sc-line-gen-rs-static-generator-method-privatename-identifier-alt.js [sloppy] on Fuel
# exhausted test/language/statements/class/elements/new-sc-line-gen-rs-static-generator-method-privatename-identifier-alt.js [strict] on Fuel
# exhausted test/language/statements/class/elements/new-sc-line-gen-rs-static-generator-method-privatename-identifier.js [sloppy] on Fuel
# exhausted test/language/statements/class/elements/new-sc-line-gen-rs-static-generator-method-privatename-identifier.js [strict] on Fuel
# exhausted test/language/statements/class/elements/new-sc-line-gen-rs-static-method-privatename-identifier-alt.js [sloppy] on Fuel
# exhausted test/language/statements/class/elements/new-sc-line-gen-rs-static-method-privatename-identifier-alt.js [strict] on Fuel
# exhausted test/language/statements/class/elements/new-sc-line-gen-rs-static-method-privatename-identifier.js [sloppy] on Fuel
# exhausted test/language/statements/class/elements/new-sc-line-gen-rs-static-method-privatename-identifier.js [strict] on Fuel
# exhausted test/language/statements/class/elements/new-sc-line-gen-rs-static-privatename-identifier-alt-by-classname.js [sloppy] on Fuel
# exhausted test/language/statements/class/elements/new-sc-line-gen-rs-static-privatename-identifier-alt-by-classname.js [strict] on Fuel
# exhausted test/language/statements/class/elements/new-sc-line-gen-rs-static-privatename-identifier-alt.js [sloppy] on Fuel
# exhausted test/language/statements/class/elements/new-sc-line-gen-rs-static-privatename-identifier-alt.js [strict] on Fuel
# exhausted test/language/statements/class/elements/new-sc-line-gen-rs-static-privatename-identifier-by-classname.js [sloppy] on Fuel
# exhausted test/language/statements/class/elements/new-sc-line-gen-rs-static-privatename-identifier-by-classname.js [strict] on Fuel
# exhausted test/language/statements/class/elements/new-sc-line-gen-rs-static-privatename-identifier-initializer-alt-by-classname.js [sloppy] on Fuel
# exhausted test/language/statements/class/elements/new-sc-line-gen-rs-static-privatename-identifier-initializer-alt-by-classname.js [strict] on Fuel
# exhausted test/language/statements/class/elements/new-sc-line-gen-rs-static-privatename-identifier-initializer-alt.js [sloppy] on Fuel
# exhausted test/language/statements/class/elements/new-sc-line-gen-rs-static-privatename-identifier-initializer-alt.js [strict] on Fuel
# exhausted test/language/statements/class/elements/new-sc-line-gen-rs-static-privatename-identifier-initializer.js [sloppy] on Fuel
# exhausted test/language/statements/class/elements/new-sc-line-gen-rs-static-privatename-identifier-initializer.js [strict] on Fuel
# exhausted test/language/statements/class/elements/new-sc-line-gen-rs-static-privatename-identifier.js [sloppy] on Fuel
# exhausted test/language/statements/class/elements/new-sc-line-gen-rs-static-privatename-identifier.js [strict] on Fuel
# exhausted test/language/statements/class/elements/new-sc-line-gen-static-private-fields.js [sloppy] on Fuel
# exhausted test/language/statements/class/elements/new-sc-line-gen-static-private-fields.js [strict] on Fuel
# exhausted test/language/statements/class/elements/new-sc-line-gen-static-private-methods-with-fields.js [sloppy] on Fuel
# exhausted test/language/statements/class/elements/new-sc-line-gen-static-private-methods-with-fields.js [strict] on Fuel
# exhausted test/language/statements/class/elements/new-sc-line-gen-static-private-methods.js [sloppy] on Fuel
# exhausted test/language/statements/class/elements/new-sc-line-gen-static-private-methods.js [strict] on Fuel
# exhausted test/language/statements/class/elements/new-sc-line-gen-string-literal-names.js [sloppy] on Fuel
# exhausted test/language/statements/class/elements/new-sc-line-gen-string-literal-names.js [strict] on Fuel
# exhausted test/language/statements/class/elements/new-sc-line-method-computed-names.js [sloppy] on Fuel
# exhausted test/language/statements/class/elements/new-sc-line-method-computed-names.js [strict] on Fuel
# exhausted test/language/statements/class/elements/new-sc-line-method-computed-symbol-names.js [sloppy] on Fuel
# exhausted test/language/statements/class/elements/new-sc-line-method-computed-symbol-names.js [strict] on Fuel
# exhausted test/language/statements/class/elements/new-sc-line-method-grammar-privatename-identifier-semantics-stringvalue.js [sloppy] on Fuel
# exhausted test/language/statements/class/elements/new-sc-line-method-grammar-privatename-identifier-semantics-stringvalue.js [strict] on Fuel
# exhausted test/language/statements/class/elements/new-sc-line-method-literal-names-asi.js [sloppy] on Fuel
# exhausted test/language/statements/class/elements/new-sc-line-method-literal-names-asi.js [strict] on Fuel
# exhausted test/language/statements/class/elements/new-sc-line-method-literal-names.js [sloppy] on Fuel
# exhausted test/language/statements/class/elements/new-sc-line-method-literal-names.js [strict] on Fuel
# exhausted test/language/statements/class/elements/new-sc-line-method-private-field-usage.js [sloppy] on Fuel
# exhausted test/language/statements/class/elements/new-sc-line-method-private-field-usage.js [strict] on Fuel
# exhausted test/language/statements/class/elements/new-sc-line-method-private-method-getter-usage.js [sloppy] on Fuel
# exhausted test/language/statements/class/elements/new-sc-line-method-private-method-getter-usage.js [strict] on Fuel
# exhausted test/language/statements/class/elements/new-sc-line-method-private-method-usage.js [sloppy] on Fuel
# exhausted test/language/statements/class/elements/new-sc-line-method-private-method-usage.js [strict] on Fuel
# exhausted test/language/statements/class/elements/new-sc-line-method-private-names.js [sloppy] on Fuel
# exhausted test/language/statements/class/elements/new-sc-line-method-private-names.js [strict] on Fuel
# exhausted test/language/statements/class/elements/new-sc-line-method-rs-field-identifier-initializer.js [sloppy] on Fuel
# exhausted test/language/statements/class/elements/new-sc-line-method-rs-field-identifier-initializer.js [strict] on Fuel
# exhausted test/language/statements/class/elements/new-sc-line-method-rs-field-identifier.js [sloppy] on Fuel
# exhausted test/language/statements/class/elements/new-sc-line-method-rs-field-identifier.js [strict] on Fuel
# exhausted test/language/statements/class/elements/new-sc-line-method-rs-private-getter-alt.js [sloppy] on Fuel
# exhausted test/language/statements/class/elements/new-sc-line-method-rs-private-getter-alt.js [strict] on Fuel
# exhausted test/language/statements/class/elements/new-sc-line-method-rs-private-getter.js [sloppy] on Fuel
# exhausted test/language/statements/class/elements/new-sc-line-method-rs-private-getter.js [strict] on Fuel
# exhausted test/language/statements/class/elements/new-sc-line-method-rs-private-method-alt.js [sloppy] on Fuel
# exhausted test/language/statements/class/elements/new-sc-line-method-rs-private-method-alt.js [strict] on Fuel
# exhausted test/language/statements/class/elements/new-sc-line-method-rs-private-method.js [sloppy] on Fuel
# exhausted test/language/statements/class/elements/new-sc-line-method-rs-private-method.js [strict] on Fuel
# exhausted test/language/statements/class/elements/new-sc-line-method-rs-private-setter-alt.js [sloppy] on Fuel
# exhausted test/language/statements/class/elements/new-sc-line-method-rs-private-setter-alt.js [strict] on Fuel
# exhausted test/language/statements/class/elements/new-sc-line-method-rs-private-setter.js [sloppy] on Fuel
# exhausted test/language/statements/class/elements/new-sc-line-method-rs-private-setter.js [strict] on Fuel
# exhausted test/language/statements/class/elements/new-sc-line-method-rs-privatename-identifier-alt.js [sloppy] on Fuel
# exhausted test/language/statements/class/elements/new-sc-line-method-rs-privatename-identifier-alt.js [strict] on Fuel
# exhausted test/language/statements/class/elements/new-sc-line-method-rs-privatename-identifier-initializer-alt.js [sloppy] on Fuel
# exhausted test/language/statements/class/elements/new-sc-line-method-rs-privatename-identifier-initializer-alt.js [strict] on Fuel
# exhausted test/language/statements/class/elements/new-sc-line-method-rs-privatename-identifier-initializer.js [sloppy] on Fuel
# exhausted test/language/statements/class/elements/new-sc-line-method-rs-privatename-identifier-initializer.js [strict] on Fuel
# exhausted test/language/statements/class/elements/new-sc-line-method-rs-privatename-identifier.js [sloppy] on Fuel
# exhausted test/language/statements/class/elements/new-sc-line-method-rs-privatename-identifier.js [strict] on Fuel
# exhausted test/language/statements/class/elements/new-sc-line-method-rs-static-async-generator-method-privatename-identifier-alt.js [sloppy] on Fuel
# exhausted test/language/statements/class/elements/new-sc-line-method-rs-static-async-generator-method-privatename-identifier-alt.js [strict] on Fuel
# exhausted test/language/statements/class/elements/new-sc-line-method-rs-static-async-generator-method-privatename-identifier.js [sloppy] on Fuel
# exhausted test/language/statements/class/elements/new-sc-line-method-rs-static-async-generator-method-privatename-identifier.js [strict] on Fuel
# exhausted test/language/statements/class/elements/new-sc-line-method-rs-static-async-method-privatename-identifier-alt.js [sloppy] on Fuel
# exhausted test/language/statements/class/elements/new-sc-line-method-rs-static-async-method-privatename-identifier-alt.js [strict] on Fuel
# exhausted test/language/statements/class/elements/new-sc-line-method-rs-static-async-method-privatename-identifier.js [sloppy] on Fuel
# exhausted test/language/statements/class/elements/new-sc-line-method-rs-static-async-method-privatename-identifier.js [strict] on Fuel
# exhausted test/language/statements/class/elements/new-sc-line-method-rs-static-generator-method-privatename-identifier-alt.js [sloppy] on Fuel
# exhausted test/language/statements/class/elements/new-sc-line-method-rs-static-generator-method-privatename-identifier-alt.js [strict] on Fuel
# exhausted test/language/statements/class/elements/new-sc-line-method-rs-static-generator-method-privatename-identifier.js [sloppy] on Fuel
# exhausted test/language/statements/class/elements/new-sc-line-method-rs-static-generator-method-privatename-identifier.js [strict] on Fuel
# exhausted test/language/statements/class/elements/new-sc-line-method-rs-static-method-privatename-identifier-alt.js [sloppy] on Fuel
# exhausted test/language/statements/class/elements/new-sc-line-method-rs-static-method-privatename-identifier-alt.js [strict] on Fuel
# exhausted test/language/statements/class/elements/new-sc-line-method-rs-static-method-privatename-identifier.js [sloppy] on Fuel
# exhausted test/language/statements/class/elements/new-sc-line-method-rs-static-method-privatename-identifier.js [strict] on Fuel
# exhausted test/language/statements/class/elements/new-sc-line-method-rs-static-privatename-identifier-alt-by-classname.js [sloppy] on Fuel
# exhausted test/language/statements/class/elements/new-sc-line-method-rs-static-privatename-identifier-alt-by-classname.js [strict] on Fuel
# exhausted test/language/statements/class/elements/new-sc-line-method-rs-static-privatename-identifier-alt.js [sloppy] on Fuel
# exhausted test/language/statements/class/elements/new-sc-line-method-rs-static-privatename-identifier-alt.js [strict] on Fuel
# exhausted test/language/statements/class/elements/new-sc-line-method-rs-static-privatename-identifier-by-classname.js [sloppy] on Fuel
# exhausted test/language/statements/class/elements/new-sc-line-method-rs-static-privatename-identifier-by-classname.js [strict] on Fuel
# exhausted test/language/statements/class/elements/new-sc-line-method-rs-static-privatename-identifier-initializer-alt-by-classname.js [sloppy] on Fuel
# exhausted test/language/statements/class/elements/new-sc-line-method-rs-static-privatename-identifier-initializer-alt-by-classname.js [strict] on Fuel
# exhausted test/language/statements/class/elements/new-sc-line-method-rs-static-privatename-identifier-initializer-alt.js [sloppy] on Fuel
# exhausted test/language/statements/class/elements/new-sc-line-method-rs-static-privatename-identifier-initializer-alt.js [strict] on Fuel
# exhausted test/language/statements/class/elements/new-sc-line-method-rs-static-privatename-identifier-initializer.js [sloppy] on Fuel
# exhausted test/language/statements/class/elements/new-sc-line-method-rs-static-privatename-identifier-initializer.js [strict] on Fuel
# exhausted test/language/statements/class/elements/new-sc-line-method-rs-static-privatename-identifier.js [sloppy] on Fuel
# exhausted test/language/statements/class/elements/new-sc-line-method-rs-static-privatename-identifier.js [strict] on Fuel
# exhausted test/language/statements/class/elements/new-sc-line-method-static-private-fields.js [sloppy] on Fuel
# exhausted test/language/statements/class/elements/new-sc-line-method-static-private-fields.js [strict] on Fuel
# exhausted test/language/statements/class/elements/new-sc-line-method-static-private-methods-with-fields.js [sloppy] on Fuel
# exhausted test/language/statements/class/elements/new-sc-line-method-static-private-methods-with-fields.js [strict] on Fuel
# exhausted test/language/statements/class/elements/new-sc-line-method-static-private-methods.js [sloppy] on Fuel
# exhausted test/language/statements/class/elements/new-sc-line-method-static-private-methods.js [strict] on Fuel
# exhausted test/language/statements/class/elements/new-sc-line-method-string-literal-names.js [sloppy] on Fuel
# exhausted test/language/statements/class/elements/new-sc-line-method-string-literal-names.js [strict] on Fuel
# exhausted test/language/statements/class/elements/private-methods/prod-private-async-generator.js [sloppy] on Fuel
# exhausted test/language/statements/class/elements/private-methods/prod-private-async-generator.js [strict] on Fuel
# exhausted test/language/statements/class/elements/private-methods/prod-private-async-method.js [sloppy] on Fuel
# exhausted test/language/statements/class/elements/private-methods/prod-private-async-method.js [strict] on Fuel
# exhausted test/language/statements/class/elements/private-methods/prod-private-generator.js [sloppy] on Fuel
# exhausted test/language/statements/class/elements/private-methods/prod-private-generator.js [strict] on Fuel
# exhausted test/language/statements/class/elements/private-methods/prod-private-method-initialize-order.js [sloppy] on Fuel
# exhausted test/language/statements/class/elements/private-methods/prod-private-method-initialize-order.js [strict] on Fuel
# exhausted test/language/statements/class/elements/private-methods/prod-private-method.js [sloppy] on Fuel
# exhausted test/language/statements/class/elements/private-methods/prod-private-method.js [strict] on Fuel
# exhausted test/language/statements/class/elements/public-class-field-initialization-on-super-class-with-setter.js [sloppy] on Fuel
# exhausted test/language/statements/class/elements/public-class-field-initialization-on-super-class-with-setter.js [strict] on Fuel
# exhausted test/language/statements/class/elements/redeclaration-symbol.js [sloppy] on Fuel
# exhausted test/language/statements/class/elements/redeclaration-symbol.js [strict] on Fuel
# exhausted test/language/statements/class/elements/redeclaration.js [sloppy] on Fuel
# exhausted test/language/statements/class/elements/redeclaration.js [strict] on Fuel
# exhausted test/language/statements/class/elements/regular-definitions-computed-names.js [sloppy] on Fuel
# exhausted test/language/statements/class/elements/regular-definitions-computed-names.js [strict] on Fuel
# exhausted test/language/statements/class/elements/regular-definitions-computed-symbol-names.js [sloppy] on Fuel
# exhausted test/language/statements/class/elements/regular-definitions-computed-symbol-names.js [strict] on Fuel
# exhausted test/language/statements/class/elements/regular-definitions-literal-names-asi.js [sloppy] on Fuel
# exhausted test/language/statements/class/elements/regular-definitions-literal-names-asi.js [strict] on Fuel
# exhausted test/language/statements/class/elements/regular-definitions-literal-names.js [sloppy] on Fuel
# exhausted test/language/statements/class/elements/regular-definitions-literal-names.js [strict] on Fuel
# exhausted test/language/statements/class/elements/regular-definitions-rs-static-async-generator-method-privatename-identifier-alt.js [sloppy] on Fuel
# exhausted test/language/statements/class/elements/regular-definitions-rs-static-async-generator-method-privatename-identifier-alt.js [strict] on Fuel
# exhausted test/language/statements/class/elements/regular-definitions-rs-static-async-generator-method-privatename-identifier.js [sloppy] on Fuel
# exhausted test/language/statements/class/elements/regular-definitions-rs-static-async-generator-method-privatename-identifier.js [strict] on Fuel
# exhausted test/language/statements/class/elements/regular-definitions-rs-static-async-method-privatename-identifier-alt.js [sloppy] on Fuel
# exhausted test/language/statements/class/elements/regular-definitions-rs-static-async-method-privatename-identifier-alt.js [strict] on Fuel
# exhausted test/language/statements/class/elements/regular-definitions-rs-static-async-method-privatename-identifier.js [sloppy] on Fuel
# exhausted test/language/statements/class/elements/regular-definitions-rs-static-async-method-privatename-identifier.js [strict] on Fuel
# exhausted test/language/statements/class/elements/regular-definitions-string-literal-names.js [sloppy] on Fuel
# exhausted test/language/statements/class/elements/regular-definitions-string-literal-names.js [strict] on Fuel
# exhausted test/language/statements/class/elements/same-line-async-gen-computed-names.js [sloppy] on Fuel
# exhausted test/language/statements/class/elements/same-line-async-gen-computed-names.js [strict] on Fuel
# exhausted test/language/statements/class/elements/same-line-async-gen-computed-symbol-names.js [sloppy] on Fuel
# exhausted test/language/statements/class/elements/same-line-async-gen-computed-symbol-names.js [strict] on Fuel
# exhausted test/language/statements/class/elements/same-line-async-gen-grammar-privatename-identifier-semantics-stringvalue.js [sloppy] on Fuel
# exhausted test/language/statements/class/elements/same-line-async-gen-grammar-privatename-identifier-semantics-stringvalue.js [strict] on Fuel
# exhausted test/language/statements/class/elements/same-line-async-gen-literal-names-asi.js [sloppy] on Fuel
# exhausted test/language/statements/class/elements/same-line-async-gen-literal-names-asi.js [strict] on Fuel
# exhausted test/language/statements/class/elements/same-line-async-gen-literal-names.js [sloppy] on Fuel
# exhausted test/language/statements/class/elements/same-line-async-gen-literal-names.js [strict] on Fuel
# exhausted test/language/statements/class/elements/same-line-async-gen-private-field-usage.js [sloppy] on Fuel
# exhausted test/language/statements/class/elements/same-line-async-gen-private-field-usage.js [strict] on Fuel
# exhausted test/language/statements/class/elements/same-line-async-gen-private-method-getter-usage.js [sloppy] on Fuel
# exhausted test/language/statements/class/elements/same-line-async-gen-private-method-getter-usage.js [strict] on Fuel
# exhausted test/language/statements/class/elements/same-line-async-gen-private-method-usage.js [sloppy] on Fuel
# exhausted test/language/statements/class/elements/same-line-async-gen-private-method-usage.js [strict] on Fuel
# exhausted test/language/statements/class/elements/same-line-async-gen-private-names.js [sloppy] on Fuel
# exhausted test/language/statements/class/elements/same-line-async-gen-private-names.js [strict] on Fuel
# exhausted test/language/statements/class/elements/same-line-async-gen-rs-field-identifier-initializer.js [sloppy] on Fuel
# exhausted test/language/statements/class/elements/same-line-async-gen-rs-field-identifier-initializer.js [strict] on Fuel
# exhausted test/language/statements/class/elements/same-line-async-gen-rs-field-identifier.js [sloppy] on Fuel
# exhausted test/language/statements/class/elements/same-line-async-gen-rs-field-identifier.js [strict] on Fuel
# exhausted test/language/statements/class/elements/same-line-async-gen-rs-private-getter-alt.js [sloppy] on Fuel
# exhausted test/language/statements/class/elements/same-line-async-gen-rs-private-getter-alt.js [strict] on Fuel
# exhausted test/language/statements/class/elements/same-line-async-gen-rs-private-getter.js [sloppy] on Fuel
# exhausted test/language/statements/class/elements/same-line-async-gen-rs-private-getter.js [strict] on Fuel
# exhausted test/language/statements/class/elements/same-line-async-gen-rs-private-method-alt.js [sloppy] on Fuel
# exhausted test/language/statements/class/elements/same-line-async-gen-rs-private-method-alt.js [strict] on Fuel
# exhausted test/language/statements/class/elements/same-line-async-gen-rs-private-method.js [sloppy] on Fuel
# exhausted test/language/statements/class/elements/same-line-async-gen-rs-private-method.js [strict] on Fuel
# exhausted test/language/statements/class/elements/same-line-async-gen-rs-private-setter-alt.js [sloppy] on Fuel
# exhausted test/language/statements/class/elements/same-line-async-gen-rs-private-setter-alt.js [strict] on Fuel
# exhausted test/language/statements/class/elements/same-line-async-gen-rs-private-setter.js [sloppy] on Fuel
# exhausted test/language/statements/class/elements/same-line-async-gen-rs-private-setter.js [strict] on Fuel
# exhausted test/language/statements/class/elements/same-line-async-gen-rs-privatename-identifier-alt.js [sloppy] on Fuel
# exhausted test/language/statements/class/elements/same-line-async-gen-rs-privatename-identifier-alt.js [strict] on Fuel
# exhausted test/language/statements/class/elements/same-line-async-gen-rs-privatename-identifier-initializer-alt.js [sloppy] on Fuel
# exhausted test/language/statements/class/elements/same-line-async-gen-rs-privatename-identifier-initializer-alt.js [strict] on Fuel
# exhausted test/language/statements/class/elements/same-line-async-gen-rs-privatename-identifier-initializer.js [sloppy] on Fuel
# exhausted test/language/statements/class/elements/same-line-async-gen-rs-privatename-identifier-initializer.js [strict] on Fuel
# exhausted test/language/statements/class/elements/same-line-async-gen-rs-privatename-identifier.js [sloppy] on Fuel
# exhausted test/language/statements/class/elements/same-line-async-gen-rs-privatename-identifier.js [strict] on Fuel
# exhausted test/language/statements/class/elements/same-line-async-gen-rs-static-async-generator-method-privatename-identifier-alt.js [sloppy] on Fuel
# exhausted test/language/statements/class/elements/same-line-async-gen-rs-static-async-generator-method-privatename-identifier-alt.js [strict] on Fuel
# exhausted test/language/statements/class/elements/same-line-async-gen-rs-static-async-generator-method-privatename-identifier.js [sloppy] on Fuel
# exhausted test/language/statements/class/elements/same-line-async-gen-rs-static-async-generator-method-privatename-identifier.js [strict] on Fuel
# exhausted test/language/statements/class/elements/same-line-async-gen-rs-static-async-method-privatename-identifier-alt.js [sloppy] on Fuel
# exhausted test/language/statements/class/elements/same-line-async-gen-rs-static-async-method-privatename-identifier-alt.js [strict] on Fuel
# exhausted test/language/statements/class/elements/same-line-async-gen-rs-static-async-method-privatename-identifier.js [sloppy] on Fuel
# exhausted test/language/statements/class/elements/same-line-async-gen-rs-static-async-method-privatename-identifier.js [strict] on Fuel
# exhausted test/language/statements/class/elements/same-line-async-gen-rs-static-generator-method-privatename-identifier-alt.js [sloppy] on Fuel
# exhausted test/language/statements/class/elements/same-line-async-gen-rs-static-generator-method-privatename-identifier-alt.js [strict] on Fuel
# exhausted test/language/statements/class/elements/same-line-async-gen-rs-static-generator-method-privatename-identifier.js [sloppy] on Fuel
# exhausted test/language/statements/class/elements/same-line-async-gen-rs-static-generator-method-privatename-identifier.js [strict] on Fuel
# exhausted test/language/statements/class/elements/same-line-async-gen-rs-static-method-privatename-identifier-alt.js [sloppy] on Fuel
# exhausted test/language/statements/class/elements/same-line-async-gen-rs-static-method-privatename-identifier-alt.js [strict] on Fuel
# exhausted test/language/statements/class/elements/same-line-async-gen-rs-static-method-privatename-identifier.js [sloppy] on Fuel
# exhausted test/language/statements/class/elements/same-line-async-gen-rs-static-method-privatename-identifier.js [strict] on Fuel
# exhausted test/language/statements/class/elements/same-line-async-gen-rs-static-privatename-identifier-alt-by-classname.js [sloppy] on Fuel
# exhausted test/language/statements/class/elements/same-line-async-gen-rs-static-privatename-identifier-alt-by-classname.js [strict] on Fuel
# exhausted test/language/statements/class/elements/same-line-async-gen-rs-static-privatename-identifier-alt.js [sloppy] on Fuel
# exhausted test/language/statements/class/elements/same-line-async-gen-rs-static-privatename-identifier-alt.js [strict] on Fuel
# exhausted test/language/statements/class/elements/same-line-async-gen-rs-static-privatename-identifier-by-classname.js [sloppy] on Fuel
# exhausted test/language/statements/class/elements/same-line-async-gen-rs-static-privatename-identifier-by-classname.js [strict] on Fuel
# exhausted test/language/statements/class/elements/same-line-async-gen-rs-static-privatename-identifier-initializer-alt-by-classname.js [sloppy] on Fuel
# exhausted test/language/statements/class/elements/same-line-async-gen-rs-static-privatename-identifier-initializer-alt-by-classname.js [strict] on Fuel
# exhausted test/language/statements/class/elements/same-line-async-gen-rs-static-privatename-identifier-initializer-alt.js [sloppy] on Fuel
# exhausted test/language/statements/class/elements/same-line-async-gen-rs-static-privatename-identifier-initializer-alt.js [strict] on Fuel
# exhausted test/language/statements/class/elements/same-line-async-gen-rs-static-privatename-identifier-initializer.js [sloppy] on Fuel
# exhausted test/language/statements/class/elements/same-line-async-gen-rs-static-privatename-identifier-initializer.js [strict] on Fuel
# exhausted test/language/statements/class/elements/same-line-async-gen-rs-static-privatename-identifier.js [sloppy] on Fuel
# exhausted test/language/statements/class/elements/same-line-async-gen-rs-static-privatename-identifier.js [strict] on Fuel
# exhausted test/language/statements/class/elements/same-line-async-gen-static-private-fields.js [sloppy] on Fuel
# exhausted test/language/statements/class/elements/same-line-async-gen-static-private-fields.js [strict] on Fuel
# exhausted test/language/statements/class/elements/same-line-async-gen-static-private-methods-with-fields.js [sloppy] on Fuel
# exhausted test/language/statements/class/elements/same-line-async-gen-static-private-methods-with-fields.js [strict] on Fuel
# exhausted test/language/statements/class/elements/same-line-async-gen-static-private-methods.js [sloppy] on Fuel
# exhausted test/language/statements/class/elements/same-line-async-gen-static-private-methods.js [strict] on Fuel
# exhausted test/language/statements/class/elements/same-line-async-gen-string-literal-names.js [sloppy] on Fuel
# exhausted test/language/statements/class/elements/same-line-async-gen-string-literal-names.js [strict] on Fuel
# exhausted test/language/statements/class/elements/same-line-async-method-computed-names.js [sloppy] on Fuel
# exhausted test/language/statements/class/elements/same-line-async-method-computed-names.js [strict] on Fuel
# exhausted test/language/statements/class/elements/same-line-async-method-computed-symbol-names.js [sloppy] on Fuel
# exhausted test/language/statements/class/elements/same-line-async-method-computed-symbol-names.js [strict] on Fuel
# exhausted test/language/statements/class/elements/same-line-async-method-grammar-privatename-identifier-semantics-stringvalue.js [sloppy] on Fuel
# exhausted test/language/statements/class/elements/same-line-async-method-grammar-privatename-identifier-semantics-stringvalue.js [strict] on Fuel
# exhausted test/language/statements/class/elements/same-line-async-method-literal-names-asi.js [sloppy] on Fuel
# exhausted test/language/statements/class/elements/same-line-async-method-literal-names-asi.js [strict] on Fuel
# exhausted test/language/statements/class/elements/same-line-async-method-literal-names.js [sloppy] on Fuel
# exhausted test/language/statements/class/elements/same-line-async-method-literal-names.js [strict] on Fuel
# exhausted test/language/statements/class/elements/same-line-async-method-private-field-usage.js [sloppy] on Fuel
# exhausted test/language/statements/class/elements/same-line-async-method-private-field-usage.js [strict] on Fuel
# exhausted test/language/statements/class/elements/same-line-async-method-private-method-getter-usage.js [sloppy] on Fuel
# exhausted test/language/statements/class/elements/same-line-async-method-private-method-getter-usage.js [strict] on Fuel
# exhausted test/language/statements/class/elements/same-line-async-method-private-method-usage.js [sloppy] on Fuel
# exhausted test/language/statements/class/elements/same-line-async-method-private-method-usage.js [strict] on Fuel
# exhausted test/language/statements/class/elements/same-line-async-method-private-names.js [sloppy] on Fuel
# exhausted test/language/statements/class/elements/same-line-async-method-private-names.js [strict] on Fuel
# exhausted test/language/statements/class/elements/same-line-async-method-rs-field-identifier-initializer.js [sloppy] on Fuel
# exhausted test/language/statements/class/elements/same-line-async-method-rs-field-identifier-initializer.js [strict] on Fuel
# exhausted test/language/statements/class/elements/same-line-async-method-rs-field-identifier.js [sloppy] on Fuel
# exhausted test/language/statements/class/elements/same-line-async-method-rs-field-identifier.js [strict] on Fuel
# exhausted test/language/statements/class/elements/same-line-async-method-rs-private-getter-alt.js [sloppy] on Fuel
# exhausted test/language/statements/class/elements/same-line-async-method-rs-private-getter-alt.js [strict] on Fuel
# exhausted test/language/statements/class/elements/same-line-async-method-rs-private-getter.js [sloppy] on Fuel
# exhausted test/language/statements/class/elements/same-line-async-method-rs-private-getter.js [strict] on Fuel
# exhausted test/language/statements/class/elements/same-line-async-method-rs-private-method-alt.js [sloppy] on Fuel
# exhausted test/language/statements/class/elements/same-line-async-method-rs-private-method-alt.js [strict] on Fuel
# exhausted test/language/statements/class/elements/same-line-async-method-rs-private-method.js [sloppy] on Fuel
# exhausted test/language/statements/class/elements/same-line-async-method-rs-private-method.js [strict] on Fuel
# exhausted test/language/statements/class/elements/same-line-async-method-rs-private-setter-alt.js [sloppy] on Fuel
# exhausted test/language/statements/class/elements/same-line-async-method-rs-private-setter-alt.js [strict] on Fuel
# exhausted test/language/statements/class/elements/same-line-async-method-rs-private-setter.js [sloppy] on Fuel
# exhausted test/language/statements/class/elements/same-line-async-method-rs-private-setter.js [strict] on Fuel
# exhausted test/language/statements/class/elements/same-line-async-method-rs-privatename-identifier-alt.js [sloppy] on Fuel
# exhausted test/language/statements/class/elements/same-line-async-method-rs-privatename-identifier-alt.js [strict] on Fuel
# exhausted test/language/statements/class/elements/same-line-async-method-rs-privatename-identifier-initializer-alt.js [sloppy] on Fuel
# exhausted test/language/statements/class/elements/same-line-async-method-rs-privatename-identifier-initializer-alt.js [strict] on Fuel
# exhausted test/language/statements/class/elements/same-line-async-method-rs-privatename-identifier-initializer.js [sloppy] on Fuel
# exhausted test/language/statements/class/elements/same-line-async-method-rs-privatename-identifier-initializer.js [strict] on Fuel
# exhausted test/language/statements/class/elements/same-line-async-method-rs-privatename-identifier.js [sloppy] on Fuel
# exhausted test/language/statements/class/elements/same-line-async-method-rs-privatename-identifier.js [strict] on Fuel
# exhausted test/language/statements/class/elements/same-line-async-method-rs-static-async-generator-method-privatename-identifier-alt.js [sloppy] on Fuel
# exhausted test/language/statements/class/elements/same-line-async-method-rs-static-async-generator-method-privatename-identifier-alt.js [strict] on Fuel
# exhausted test/language/statements/class/elements/same-line-async-method-rs-static-async-generator-method-privatename-identifier.js [sloppy] on Fuel
# exhausted test/language/statements/class/elements/same-line-async-method-rs-static-async-generator-method-privatename-identifier.js [strict] on Fuel
# exhausted test/language/statements/class/elements/same-line-async-method-rs-static-async-method-privatename-identifier-alt.js [sloppy] on Fuel
# exhausted test/language/statements/class/elements/same-line-async-method-rs-static-async-method-privatename-identifier-alt.js [strict] on Fuel
# exhausted test/language/statements/class/elements/same-line-async-method-rs-static-async-method-privatename-identifier.js [sloppy] on Fuel
# exhausted test/language/statements/class/elements/same-line-async-method-rs-static-async-method-privatename-identifier.js [strict] on Fuel
# exhausted test/language/statements/class/elements/same-line-async-method-rs-static-generator-method-privatename-identifier-alt.js [sloppy] on Fuel
# exhausted test/language/statements/class/elements/same-line-async-method-rs-static-generator-method-privatename-identifier-alt.js [strict] on Fuel
# exhausted test/language/statements/class/elements/same-line-async-method-rs-static-generator-method-privatename-identifier.js [sloppy] on Fuel
# exhausted test/language/statements/class/elements/same-line-async-method-rs-static-generator-method-privatename-identifier.js [strict] on Fuel
# exhausted test/language/statements/class/elements/same-line-async-method-rs-static-method-privatename-identifier-alt.js [sloppy] on Fuel
# exhausted test/language/statements/class/elements/same-line-async-method-rs-static-method-privatename-identifier-alt.js [strict] on Fuel
# exhausted test/language/statements/class/elements/same-line-async-method-rs-static-method-privatename-identifier.js [sloppy] on Fuel
# exhausted test/language/statements/class/elements/same-line-async-method-rs-static-method-privatename-identifier.js [strict] on Fuel
# exhausted test/language/statements/class/elements/same-line-async-method-rs-static-privatename-identifier-alt-by-classname.js [sloppy] on Fuel
# exhausted test/language/statements/class/elements/same-line-async-method-rs-static-privatename-identifier-alt-by-classname.js [strict] on Fuel
# exhausted test/language/statements/class/elements/same-line-async-method-rs-static-privatename-identifier-alt.js [sloppy] on Fuel
# exhausted test/language/statements/class/elements/same-line-async-method-rs-static-privatename-identifier-alt.js [strict] on Fuel
# exhausted test/language/statements/class/elements/same-line-async-method-rs-static-privatename-identifier-by-classname.js [sloppy] on Fuel
# exhausted test/language/statements/class/elements/same-line-async-method-rs-static-privatename-identifier-by-classname.js [strict] on Fuel
# exhausted test/language/statements/class/elements/same-line-async-method-rs-static-privatename-identifier-initializer-alt-by-classname.js [sloppy] on Fuel
# exhausted test/language/statements/class/elements/same-line-async-method-rs-static-privatename-identifier-initializer-alt-by-classname.js [strict] on Fuel
# exhausted test/language/statements/class/elements/same-line-async-method-rs-static-privatename-identifier-initializer-alt.js [sloppy] on Fuel
# exhausted test/language/statements/class/elements/same-line-async-method-rs-static-privatename-identifier-initializer-alt.js [strict] on Fuel
# exhausted test/language/statements/class/elements/same-line-async-method-rs-static-privatename-identifier-initializer.js [sloppy] on Fuel
# exhausted test/language/statements/class/elements/same-line-async-method-rs-static-privatename-identifier-initializer.js [strict] on Fuel
# exhausted test/language/statements/class/elements/same-line-async-method-rs-static-privatename-identifier.js [sloppy] on Fuel
# exhausted test/language/statements/class/elements/same-line-async-method-rs-static-privatename-identifier.js [strict] on Fuel
# exhausted test/language/statements/class/elements/same-line-async-method-static-private-fields.js [sloppy] on Fuel
# exhausted test/language/statements/class/elements/same-line-async-method-static-private-fields.js [strict] on Fuel
# exhausted test/language/statements/class/elements/same-line-async-method-static-private-methods-with-fields.js [sloppy] on Fuel
# exhausted test/language/statements/class/elements/same-line-async-method-static-private-methods-with-fields.js [strict] on Fuel
# exhausted test/language/statements/class/elements/same-line-async-method-static-private-methods.js [sloppy] on Fuel
# exhausted test/language/statements/class/elements/same-line-async-method-static-private-methods.js [strict] on Fuel
# exhausted test/language/statements/class/elements/same-line-async-method-string-literal-names.js [sloppy] on Fuel
# exhausted test/language/statements/class/elements/same-line-async-method-string-literal-names.js [strict] on Fuel
# exhausted test/language/statements/class/elements/same-line-gen-computed-names.js [sloppy] on Fuel
# exhausted test/language/statements/class/elements/same-line-gen-computed-names.js [strict] on Fuel
# exhausted test/language/statements/class/elements/same-line-gen-computed-symbol-names.js [sloppy] on Fuel
# exhausted test/language/statements/class/elements/same-line-gen-computed-symbol-names.js [strict] on Fuel
# exhausted test/language/statements/class/elements/same-line-gen-grammar-privatename-identifier-semantics-stringvalue.js [sloppy] on Fuel
# exhausted test/language/statements/class/elements/same-line-gen-grammar-privatename-identifier-semantics-stringvalue.js [strict] on Fuel
# exhausted test/language/statements/class/elements/same-line-gen-literal-names-asi.js [sloppy] on Fuel
# exhausted test/language/statements/class/elements/same-line-gen-literal-names-asi.js [strict] on Fuel
# exhausted test/language/statements/class/elements/same-line-gen-literal-names.js [sloppy] on Fuel
# exhausted test/language/statements/class/elements/same-line-gen-literal-names.js [strict] on Fuel
# exhausted test/language/statements/class/elements/same-line-gen-private-field-usage.js [sloppy] on Fuel
# exhausted test/language/statements/class/elements/same-line-gen-private-field-usage.js [strict] on Fuel
# exhausted test/language/statements/class/elements/same-line-gen-private-method-getter-usage.js [sloppy] on Fuel
# exhausted test/language/statements/class/elements/same-line-gen-private-method-getter-usage.js [strict] on Fuel
# exhausted test/language/statements/class/elements/same-line-gen-private-method-usage.js [sloppy] on Fuel
# exhausted test/language/statements/class/elements/same-line-gen-private-method-usage.js [strict] on Fuel
# exhausted test/language/statements/class/elements/same-line-gen-private-names.js [sloppy] on Fuel
# exhausted test/language/statements/class/elements/same-line-gen-private-names.js [strict] on Fuel
# exhausted test/language/statements/class/elements/same-line-gen-rs-field-identifier-initializer.js [sloppy] on Fuel
# exhausted test/language/statements/class/elements/same-line-gen-rs-field-identifier-initializer.js [strict] on Fuel
# exhausted test/language/statements/class/elements/same-line-gen-rs-field-identifier.js [sloppy] on Fuel
# exhausted test/language/statements/class/elements/same-line-gen-rs-field-identifier.js [strict] on Fuel
# exhausted test/language/statements/class/elements/same-line-gen-rs-private-getter-alt.js [sloppy] on Fuel
# exhausted test/language/statements/class/elements/same-line-gen-rs-private-getter-alt.js [strict] on Fuel
# exhausted test/language/statements/class/elements/same-line-gen-rs-private-getter.js [sloppy] on Fuel
# exhausted test/language/statements/class/elements/same-line-gen-rs-private-getter.js [strict] on Fuel
# exhausted test/language/statements/class/elements/same-line-gen-rs-private-method-alt.js [sloppy] on Fuel
# exhausted test/language/statements/class/elements/same-line-gen-rs-private-method-alt.js [strict] on Fuel
# exhausted test/language/statements/class/elements/same-line-gen-rs-private-method.js [sloppy] on Fuel
# exhausted test/language/statements/class/elements/same-line-gen-rs-private-method.js [strict] on Fuel
# exhausted test/language/statements/class/elements/same-line-gen-rs-private-setter-alt.js [sloppy] on Fuel
# exhausted test/language/statements/class/elements/same-line-gen-rs-private-setter-alt.js [strict] on Fuel
# exhausted test/language/statements/class/elements/same-line-gen-rs-private-setter.js [sloppy] on Fuel
# exhausted test/language/statements/class/elements/same-line-gen-rs-private-setter.js [strict] on Fuel
# exhausted test/language/statements/class/elements/same-line-gen-rs-privatename-identifier-alt.js [sloppy] on Fuel
# exhausted test/language/statements/class/elements/same-line-gen-rs-privatename-identifier-alt.js [strict] on Fuel
# exhausted test/language/statements/class/elements/same-line-gen-rs-privatename-identifier-initializer-alt.js [sloppy] on Fuel
# exhausted test/language/statements/class/elements/same-line-gen-rs-privatename-identifier-initializer-alt.js [strict] on Fuel
# exhausted test/language/statements/class/elements/same-line-gen-rs-privatename-identifier-initializer.js [sloppy] on Fuel
# exhausted test/language/statements/class/elements/same-line-gen-rs-privatename-identifier-initializer.js [strict] on Fuel
# exhausted test/language/statements/class/elements/same-line-gen-rs-privatename-identifier.js [sloppy] on Fuel
# exhausted test/language/statements/class/elements/same-line-gen-rs-privatename-identifier.js [strict] on Fuel
# exhausted test/language/statements/class/elements/same-line-gen-rs-static-async-generator-method-privatename-identifier-alt.js [sloppy] on Fuel
# exhausted test/language/statements/class/elements/same-line-gen-rs-static-async-generator-method-privatename-identifier-alt.js [strict] on Fuel
# exhausted test/language/statements/class/elements/same-line-gen-rs-static-async-generator-method-privatename-identifier.js [sloppy] on Fuel
# exhausted test/language/statements/class/elements/same-line-gen-rs-static-async-generator-method-privatename-identifier.js [strict] on Fuel
# exhausted test/language/statements/class/elements/same-line-gen-rs-static-async-method-privatename-identifier-alt.js [sloppy] on Fuel
# exhausted test/language/statements/class/elements/same-line-gen-rs-static-async-method-privatename-identifier-alt.js [strict] on Fuel
# exhausted test/language/statements/class/elements/same-line-gen-rs-static-async-method-privatename-identifier.js [sloppy] on Fuel
# exhausted test/language/statements/class/elements/same-line-gen-rs-static-async-method-privatename-identifier.js [strict] on Fuel
# exhausted test/language/statements/class/elements/same-line-gen-rs-static-generator-method-privatename-identifier-alt.js [sloppy] on Fuel
# exhausted test/language/statements/class/elements/same-line-gen-rs-static-generator-method-privatename-identifier-alt.js [strict] on Fuel
# exhausted test/language/statements/class/elements/same-line-gen-rs-static-generator-method-privatename-identifier.js [sloppy] on Fuel
# exhausted test/language/statements/class/elements/same-line-gen-rs-static-generator-method-privatename-identifier.js [strict] on Fuel
# exhausted test/language/statements/class/elements/same-line-gen-rs-static-method-privatename-identifier-alt.js [sloppy] on Fuel
# exhausted test/language/statements/class/elements/same-line-gen-rs-static-method-privatename-identifier-alt.js [strict] on Fuel
# exhausted test/language/statements/class/elements/same-line-gen-rs-static-method-privatename-identifier.js [sloppy] on Fuel
# exhausted test/language/statements/class/elements/same-line-gen-rs-static-method-privatename-identifier.js [strict] on Fuel
# exhausted test/language/statements/class/elements/same-line-gen-rs-static-privatename-identifier-alt-by-classname.js [sloppy] on Fuel
# exhausted test/language/statements/class/elements/same-line-gen-rs-static-privatename-identifier-alt-by-classname.js [strict] on Fuel
# exhausted test/language/statements/class/elements/same-line-gen-rs-static-privatename-identifier-alt.js [sloppy] on Fuel
# exhausted test/language/statements/class/elements/same-line-gen-rs-static-privatename-identifier-alt.js [strict] on Fuel
# exhausted test/language/statements/class/elements/same-line-gen-rs-static-privatename-identifier-by-classname.js [sloppy] on Fuel
# exhausted test/language/statements/class/elements/same-line-gen-rs-static-privatename-identifier-by-classname.js [strict] on Fuel
# exhausted test/language/statements/class/elements/same-line-gen-rs-static-privatename-identifier-initializer-alt-by-classname.js [sloppy] on Fuel
# exhausted test/language/statements/class/elements/same-line-gen-rs-static-privatename-identifier-initializer-alt-by-classname.js [strict] on Fuel
# exhausted test/language/statements/class/elements/same-line-gen-rs-static-privatename-identifier-initializer-alt.js [sloppy] on Fuel
# exhausted test/language/statements/class/elements/same-line-gen-rs-static-privatename-identifier-initializer-alt.js [strict] on Fuel
# exhausted test/language/statements/class/elements/same-line-gen-rs-static-privatename-identifier-initializer.js [sloppy] on Fuel
# exhausted test/language/statements/class/elements/same-line-gen-rs-static-privatename-identifier-initializer.js [strict] on Fuel
# exhausted test/language/statements/class/elements/same-line-gen-rs-static-privatename-identifier.js [sloppy] on Fuel
# exhausted test/language/statements/class/elements/same-line-gen-rs-static-privatename-identifier.js [strict] on Fuel
# exhausted test/language/statements/class/elements/same-line-gen-static-private-fields.js [sloppy] on Fuel
# exhausted test/language/statements/class/elements/same-line-gen-static-private-fields.js [strict] on Fuel
# exhausted test/language/statements/class/elements/same-line-gen-static-private-methods-with-fields.js [sloppy] on Fuel
# exhausted test/language/statements/class/elements/same-line-gen-static-private-methods-with-fields.js [strict] on Fuel
# exhausted test/language/statements/class/elements/same-line-gen-static-private-methods.js [sloppy] on Fuel
# exhausted test/language/statements/class/elements/same-line-gen-static-private-methods.js [strict] on Fuel
# exhausted test/language/statements/class/elements/same-line-gen-string-literal-names.js [sloppy] on Fuel
# exhausted test/language/statements/class/elements/same-line-gen-string-literal-names.js [strict] on Fuel
# exhausted test/language/statements/class/elements/same-line-method-computed-names.js [sloppy] on Fuel
# exhausted test/language/statements/class/elements/same-line-method-computed-names.js [strict] on Fuel
# exhausted test/language/statements/class/elements/same-line-method-computed-symbol-names.js [sloppy] on Fuel
# exhausted test/language/statements/class/elements/same-line-method-computed-symbol-names.js [strict] on Fuel
# exhausted test/language/statements/class/elements/same-line-method-grammar-privatename-identifier-semantics-stringvalue.js [sloppy] on Fuel
# exhausted test/language/statements/class/elements/same-line-method-grammar-privatename-identifier-semantics-stringvalue.js [strict] on Fuel
# exhausted test/language/statements/class/elements/same-line-method-literal-names-asi.js [sloppy] on Fuel
# exhausted test/language/statements/class/elements/same-line-method-literal-names-asi.js [strict] on Fuel
# exhausted test/language/statements/class/elements/same-line-method-literal-names.js [sloppy] on Fuel
# exhausted test/language/statements/class/elements/same-line-method-literal-names.js [strict] on Fuel
# exhausted test/language/statements/class/elements/same-line-method-private-field-usage.js [sloppy] on Fuel
# exhausted test/language/statements/class/elements/same-line-method-private-field-usage.js [strict] on Fuel
# exhausted test/language/statements/class/elements/same-line-method-private-method-getter-usage.js [sloppy] on Fuel
# exhausted test/language/statements/class/elements/same-line-method-private-method-getter-usage.js [strict] on Fuel
# exhausted test/language/statements/class/elements/same-line-method-private-method-usage.js [sloppy] on Fuel
# exhausted test/language/statements/class/elements/same-line-method-private-method-usage.js [strict] on Fuel
# exhausted test/language/statements/class/elements/same-line-method-private-names.js [sloppy] on Fuel
# exhausted test/language/statements/class/elements/same-line-method-private-names.js [strict] on Fuel
# exhausted test/language/statements/class/elements/same-line-method-rs-field-identifier-initializer.js [sloppy] on Fuel
# exhausted test/language/statements/class/elements/same-line-method-rs-field-identifier-initializer.js [strict] on Fuel
# exhausted test/language/statements/class/elements/same-line-method-rs-field-identifier.js [sloppy] on Fuel
# exhausted test/language/statements/class/elements/same-line-method-rs-field-identifier.js [strict] on Fuel
# exhausted test/language/statements/class/elements/same-line-method-rs-private-getter-alt.js [sloppy] on Fuel
# exhausted test/language/statements/class/elements/same-line-method-rs-private-getter-alt.js [strict] on Fuel
# exhausted test/language/statements/class/elements/same-line-method-rs-private-getter.js [sloppy] on Fuel
# exhausted test/language/statements/class/elements/same-line-method-rs-private-getter.js [strict] on Fuel
# exhausted test/language/statements/class/elements/same-line-method-rs-private-method-alt.js [sloppy] on Fuel
# exhausted test/language/statements/class/elements/same-line-method-rs-private-method-alt.js [strict] on Fuel
# exhausted test/language/statements/class/elements/same-line-method-rs-private-method.js [sloppy] on Fuel
# exhausted test/language/statements/class/elements/same-line-method-rs-private-method.js [strict] on Fuel
# exhausted test/language/statements/class/elements/same-line-method-rs-private-setter-alt.js [sloppy] on Fuel
# exhausted test/language/statements/class/elements/same-line-method-rs-private-setter-alt.js [strict] on Fuel
# exhausted test/language/statements/class/elements/same-line-method-rs-private-setter.js [sloppy] on Fuel
# exhausted test/language/statements/class/elements/same-line-method-rs-private-setter.js [strict] on Fuel
# exhausted test/language/statements/class/elements/same-line-method-rs-privatename-identifier-alt.js [sloppy] on Fuel
# exhausted test/language/statements/class/elements/same-line-method-rs-privatename-identifier-alt.js [strict] on Fuel
# exhausted test/language/statements/class/elements/same-line-method-rs-privatename-identifier-initializer-alt.js [sloppy] on Fuel
# exhausted test/language/statements/class/elements/same-line-method-rs-privatename-identifier-initializer-alt.js [strict] on Fuel
# exhausted test/language/statements/class/elements/same-line-method-rs-privatename-identifier-initializer.js [sloppy] on Fuel
# exhausted test/language/statements/class/elements/same-line-method-rs-privatename-identifier-initializer.js [strict] on Fuel
# exhausted test/language/statements/class/elements/same-line-method-rs-privatename-identifier.js [sloppy] on Fuel
# exhausted test/language/statements/class/elements/same-line-method-rs-privatename-identifier.js [strict] on Fuel
# exhausted test/language/statements/class/elements/same-line-method-rs-static-async-generator-method-privatename-identifier-alt.js [sloppy] on Fuel
# exhausted test/language/statements/class/elements/same-line-method-rs-static-async-generator-method-privatename-identifier-alt.js [strict] on Fuel
# exhausted test/language/statements/class/elements/same-line-method-rs-static-async-generator-method-privatename-identifier.js [sloppy] on Fuel
# exhausted test/language/statements/class/elements/same-line-method-rs-static-async-generator-method-privatename-identifier.js [strict] on Fuel
# exhausted test/language/statements/class/elements/same-line-method-rs-static-async-method-privatename-identifier-alt.js [sloppy] on Fuel
# exhausted test/language/statements/class/elements/same-line-method-rs-static-async-method-privatename-identifier-alt.js [strict] on Fuel
# exhausted test/language/statements/class/elements/same-line-method-rs-static-async-method-privatename-identifier.js [sloppy] on Fuel
# exhausted test/language/statements/class/elements/same-line-method-rs-static-async-method-privatename-identifier.js [strict] on Fuel
# exhausted test/language/statements/class/elements/same-line-method-rs-static-generator-method-privatename-identifier-alt.js [sloppy] on Fuel
# exhausted test/language/statements/class/elements/same-line-method-rs-static-generator-method-privatename-identifier-alt.js [strict] on Fuel
# exhausted test/language/statements/class/elements/same-line-method-rs-static-generator-method-privatename-identifier.js [sloppy] on Fuel
# exhausted test/language/statements/class/elements/same-line-method-rs-static-generator-method-privatename-identifier.js [strict] on Fuel
# exhausted test/language/statements/class/elements/same-line-method-rs-static-method-privatename-identifier-alt.js [sloppy] on Fuel
# exhausted test/language/statements/class/elements/same-line-method-rs-static-method-privatename-identifier-alt.js [strict] on Fuel
# exhausted test/language/statements/class/elements/same-line-method-rs-static-method-privatename-identifier.js [sloppy] on Fuel
# exhausted test/language/statements/class/elements/same-line-method-rs-static-method-privatename-identifier.js [strict] on Fuel
# exhausted test/language/statements/class/elements/same-line-method-rs-static-privatename-identifier-alt-by-classname.js [sloppy] on Fuel
# exhausted test/language/statements/class/elements/same-line-method-rs-static-privatename-identifier-alt-by-classname.js [strict] on Fuel
# exhausted test/language/statements/class/elements/same-line-method-rs-static-privatename-identifier-alt.js [sloppy] on Fuel
# exhausted test/language/statements/class/elements/same-line-method-rs-static-privatename-identifier-alt.js [strict] on Fuel
# exhausted test/language/statements/class/elements/same-line-method-rs-static-privatename-identifier-by-classname.js [sloppy] on Fuel
# exhausted test/language/statements/class/elements/same-line-method-rs-static-privatename-identifier-by-classname.js [strict] on Fuel
# exhausted test/language/statements/class/elements/same-line-method-rs-static-privatename-identifier-initializer-alt-by-classname.js [sloppy] on Fuel
# exhausted test/language/statements/class/elements/same-line-method-rs-static-privatename-identifier-initializer-alt-by-classname.js [strict] on Fuel
# exhausted test/language/statements/class/elements/same-line-method-rs-static-privatename-identifier-initializer-alt.js [sloppy] on Fuel
# exhausted test/language/statements/class/elements/same-line-method-rs-static-privatename-identifier-initializer-alt.js [strict] on Fuel
# exhausted test/language/statements/class/elements/same-line-method-rs-static-privatename-identifier-initializer.js [sloppy] on Fuel
# exhausted test/language/statements/class/elements/same-line-method-rs-static-privatename-identifier-initializer.js [strict] on Fuel
# exhausted test/language/statements/class/elements/same-line-method-rs-static-privatename-identifier.js [sloppy] on Fuel
# exhausted test/language/statements/class/elements/same-line-method-rs-static-privatename-identifier.js [strict] on Fuel
# exhausted test/language/statements/class/elements/same-line-method-static-private-fields.js [sloppy] on Fuel
# exhausted test/language/statements/class/elements/same-line-method-static-private-fields.js [strict] on Fuel
# exhausted test/language/statements/class/elements/same-line-method-static-private-methods-with-fields.js [sloppy] on Fuel
# exhausted test/language/statements/class/elements/same-line-method-static-private-methods-with-fields.js [strict] on Fuel
# exhausted test/language/statements/class/elements/same-line-method-static-private-methods.js [sloppy] on Fuel
# exhausted test/language/statements/class/elements/same-line-method-static-private-methods.js [strict] on Fuel
# exhausted test/language/statements/class/elements/same-line-method-string-literal-names.js [sloppy] on Fuel
# exhausted test/language/statements/class/elements/same-line-method-string-literal-names.js [strict] on Fuel
# exhausted test/language/statements/class/elements/static-as-valid-instance-field-assigned.js [sloppy] on Fuel
# exhausted test/language/statements/class/elements/static-as-valid-instance-field-assigned.js [strict] on Fuel
# exhausted test/language/statements/class/elements/static-as-valid-instance-field.js [sloppy] on Fuel
# exhausted test/language/statements/class/elements/static-as-valid-instance-field.js [strict] on Fuel
# exhausted test/language/statements/class/elements/static-as-valid-static-field-assigned.js [sloppy] on Fuel
# exhausted test/language/statements/class/elements/static-as-valid-static-field-assigned.js [strict] on Fuel
# exhausted test/language/statements/class/elements/static-as-valid-static-field.js [sloppy] on Fuel
# exhausted test/language/statements/class/elements/static-as-valid-static-field.js [strict] on Fuel
# exhausted test/language/statements/class/elements/static-field-declaration.js [sloppy] on Fuel
# exhausted test/language/statements/class/elements/static-field-declaration.js [strict] on Fuel
# exhausted test/language/statements/class/elements/syntax/valid/grammar-special-prototype-accessor-meth-valid.js [sloppy] on Fuel
# exhausted test/language/statements/class/elements/syntax/valid/grammar-special-prototype-accessor-meth-valid.js [strict] on Fuel
# exhausted test/language/statements/class/elements/syntax/valid/grammar-special-prototype-async-gen-meth-valid.js [sloppy] on Fuel
# exhausted test/language/statements/class/elements/syntax/valid/grammar-special-prototype-async-gen-meth-valid.js [strict] on Fuel
# exhausted test/language/statements/class/elements/syntax/valid/grammar-special-prototype-async-meth-valid.js [sloppy] on Fuel
# exhausted test/language/statements/class/elements/syntax/valid/grammar-special-prototype-async-meth-valid.js [strict] on Fuel
# exhausted test/language/statements/class/elements/syntax/valid/grammar-special-prototype-gen-meth-valid.js [sloppy] on Fuel
# exhausted test/language/statements/class/elements/syntax/valid/grammar-special-prototype-gen-meth-valid.js [strict] on Fuel
# exhausted test/language/statements/class/elements/syntax/valid/grammar-special-prototype-meth-valid.js [sloppy] on Fuel
# exhausted test/language/statements/class/elements/syntax/valid/grammar-special-prototype-meth-valid.js [strict] on Fuel
# exhausted test/language/statements/class/elements/wrapped-in-sc-computed-names.js [sloppy] on Fuel
# exhausted test/language/statements/class/elements/wrapped-in-sc-computed-names.js [strict] on Fuel
# exhausted test/language/statements/class/elements/wrapped-in-sc-computed-symbol-names.js [sloppy] on Fuel
# exhausted test/language/statements/class/elements/wrapped-in-sc-computed-symbol-names.js [strict] on Fuel
# exhausted test/language/statements/class/elements/wrapped-in-sc-literal-names-asi.js [sloppy] on Fuel
# exhausted test/language/statements/class/elements/wrapped-in-sc-literal-names-asi.js [strict] on Fuel
# exhausted test/language/statements/class/elements/wrapped-in-sc-literal-names.js [sloppy] on Fuel
# exhausted test/language/statements/class/elements/wrapped-in-sc-literal-names.js [strict] on Fuel
# exhausted test/language/statements/class/elements/wrapped-in-sc-rs-static-async-generator-method-privatename-identifier-alt.js [sloppy] on Fuel
# exhausted test/language/statements/class/elements/wrapped-in-sc-rs-static-async-generator-method-privatename-identifier-alt.js [strict] on Fuel
# exhausted test/language/statements/class/elements/wrapped-in-sc-rs-static-async-generator-method-privatename-identifier.js [sloppy] on Fuel
# exhausted test/language/statements/class/elements/wrapped-in-sc-rs-static-async-generator-method-privatename-identifier.js [strict] on Fuel
# exhausted test/language/statements/class/elements/wrapped-in-sc-rs-static-async-method-privatename-identifier-alt.js [sloppy] on Fuel
# exhausted test/language/statements/class/elements/wrapped-in-sc-rs-static-async-method-privatename-identifier-alt.js [strict] on Fuel
# exhausted test/language/statements/class/elements/wrapped-in-sc-rs-static-async-method-privatename-identifier.js [sloppy] on Fuel
# exhausted test/language/statements/class/elements/wrapped-in-sc-rs-static-async-method-privatename-identifier.js [strict] on Fuel
# exhausted test/language/statements/class/elements/wrapped-in-sc-string-literal-names.js [sloppy] on Fuel
# exhausted test/language/statements/class/elements/wrapped-in-sc-string-literal-names.js [strict] on Fuel
# exhausted test/language/statements/class/gen-method-length-dflt.js [sloppy] on Fuel
# exhausted test/language/statements/class/gen-method-length-dflt.js [strict] on Fuel
# exhausted test/language/statements/class/method-length-dflt.js [sloppy] on Fuel
# exhausted test/language/statements/class/method-length-dflt.js [strict] on Fuel
# exhausted test/language/statements/class/name.js [sloppy] on Fuel
# exhausted test/language/statements/class/name.js [strict] on Fuel
# exhausted test/language/statements/class/setter-length-dflt.js [sloppy] on Fuel
# exhausted test/language/statements/class/setter-length-dflt.js [strict] on Fuel
# exhausted test/language/statements/class/static-init-arguments-functions.js [sloppy] on Fuel
# exhausted test/language/statements/class/static-init-arguments-functions.js [strict] on Fuel
# exhausted test/language/statements/class/static-init-arguments-methods.js [sloppy] on Fuel
# exhausted test/language/statements/class/static-init-arguments-methods.js [strict] on Fuel
# exhausted test/language/statements/class/static-method-length-dflt.js [sloppy] on Fuel
# exhausted test/language/statements/class/static-method-length-dflt.js [strict] on Fuel
# exhausted test/language/statements/class/subclass/builtin-objects/Error/message-property-assignment.js [sloppy] on Fuel
# exhausted test/language/statements/class/subclass/builtin-objects/Error/message-property-assignment.js [strict] on Fuel
# exhausted test/language/statements/class/subclass/builtin-objects/Function/instance-length.js [sloppy] on Fuel
# exhausted test/language/statements/class/subclass/builtin-objects/Function/instance-length.js [strict] on Fuel
# exhausted test/language/statements/class/subclass/builtin-objects/Function/instance-name.js [sloppy] on Fuel
# exhausted test/language/statements/class/subclass/builtin-objects/Function/instance-name.js [strict] on Fuel
# exhausted test/language/statements/class/subclass/builtin-objects/NativeError/EvalError-message.js [sloppy] on Fuel
# exhausted test/language/statements/class/subclass/builtin-objects/NativeError/EvalError-message.js [strict] on Fuel
# exhausted test/language/statements/class/subclass/builtin-objects/NativeError/RangeError-message.js [sloppy] on Fuel
# exhausted test/language/statements/class/subclass/builtin-objects/NativeError/RangeError-message.js [strict] on Fuel
# exhausted test/language/statements/class/subclass/builtin-objects/NativeError/ReferenceError-message.js [sloppy] on Fuel
# exhausted test/language/statements/class/subclass/builtin-objects/NativeError/ReferenceError-message.js [strict] on Fuel
# exhausted test/language/statements/class/subclass/builtin-objects/NativeError/SyntaxError-message.js [sloppy] on Fuel
# exhausted test/language/statements/class/subclass/builtin-objects/NativeError/SyntaxError-message.js [strict] on Fuel
# exhausted test/language/statements/class/subclass/builtin-objects/NativeError/TypeError-message.js [sloppy] on Fuel
# exhausted test/language/statements/class/subclass/builtin-objects/NativeError/TypeError-message.js [strict] on Fuel
# exhausted test/language/statements/class/subclass/builtin-objects/NativeError/URIError-message.js [sloppy] on Fuel
# exhausted test/language/statements/class/subclass/builtin-objects/NativeError/URIError-message.js [strict] on Fuel
# exhausted test/language/statements/class/subclass/builtin-objects/RegExp/lastIndex.js [sloppy] on Fuel
# exhausted test/language/statements/class/subclass/builtin-objects/RegExp/lastIndex.js [strict] on Fuel
# exhausted test/language/statements/class/subclass/builtin-objects/String/length.js [sloppy] on Fuel
# exhausted test/language/statements/class/subclass/builtin-objects/String/length.js [strict] on Fuel
# exhausted test/language/statements/class/subclass/builtin-objects/TypedArray/regular-subclassing.js [sloppy] on Fuel
# exhausted test/language/statements/class/subclass/builtin-objects/TypedArray/regular-subclassing.js [strict] on Fuel
# exhausted test/language/statements/class/subclass/builtin-objects/TypedArray/super-must-be-called.js [sloppy] on Fuel
# exhausted test/language/statements/class/subclass/builtin-objects/TypedArray/super-must-be-called.js [strict] on Fuel
# failure classification over 1044 failing variant(s)
#   by kind: 6 distinct, 1044 variants
#         563  an uncaught Test262Error  e.g. test/built-ins/Array/from/iter-cstm-ctor-err.js [sloppy]
#         147  an asynchronous test reported its own failure  e.g. test/built-ins/Array/fromAsync/async-iterable-async-mapped-awaits-once.js [sloppy]
#         142  an uncaught ReferenceError  e.g. test/built-ins/Array/prototype/at/typed-array-resizable-buffer.js [sloppy]
#          70  an uncaught EvalError  e.g. test/language/expressions/object/scope-gen-meth-param-elem-var-close.js [sloppy]
#          66  an uncaught TypeError  e.g. test/built-ins/Array/from/Array.from_forwards-length-for-array-likes.js [sloppy]
#          56  a declared parse-phase error was raised at run time instead  e.g. test/language/expressions/object/getter-body-strict-inside.js [sloppy]
#   by area: 10 distinct, 1044 variants
#         569  test/built-ins/Array/prototype  e.g. test/built-ins/Array/prototype/at/coerced-index-resize.js [sloppy]
#         224  test/language/statements/class  e.g. test/language/statements/class/accessor-name-inst/literal-numeric-non-canonical.js [sloppy]
#         156  test/built-ins/Array/fromAsync  e.g. test/built-ins/Array/fromAsync/async-iterable-async-mapped-awaits-once.js [sloppy]
#          45  test/language/expressions/object  e.g. test/language/expressions/object/computed-property-name-topropertykey-before-value-evaluation.js [sloppy]
#          18  test/built-ins/Array/from  e.g. test/built-ins/Array/from/Array.from_forwards-length-for-array-likes.js [sloppy]
#          16  test/built-ins/Array/of  e.g. test/built-ins/Array/of/construct-this-with-the-number-of-arguments.js [sloppy]
#           6  test/built-ins/Array  e.g. test/built-ins/Array/proto-from-ctor-realm-one.js [sloppy]
#           6  test/built-ins/Array/length  e.g. test/built-ins/Array/length/define-own-prop-length-coercion-order-set.js [sloppy]
#           2  test/built-ins/Promise  e.g. test/built-ins/Promise/proto-from-ctor-realm.js [sloppy]
#           2  test/built-ins/Promise/any  e.g. test/built-ins/Promise/any/resolve-from-same-thenable.js [sloppy]
#   by declared feature (796 of 1044 failing variants declare one; a variant with two is in two rows): 41 distinct, 1248 taggings over 796 variants
#         196  class  e.g. test/language/expressions/object/literal-property-name-bigint.js [sloppy]
#         156  Array.fromAsync  e.g. test/built-ins/Array/fromAsync/async-iterable-async-mapped-awaits-once.js [sloppy]
#         150  resizable-arraybuffer  e.g. test/built-ins/Array/prototype/at/coerced-index-resize.js [sloppy]
#         116  Symbol.species  e.g. test/built-ins/Array/prototype/concat/create-proto-from-ctor-realm-array.js [sloppy]
#         114  class-fields-public  e.g. test/language/statements/class/elements/arrow-body-derived-cls-direct-eval-contains-superproperty-1.js [sloppy]
#          80  class-fields-private  e.g. test/language/statements/class/elements/arrow-body-private-derived-cls-direct-eval-contains-superproperty-1.js [sloppy]
#          59  Symbol.isConcatSpreadable  e.g. test/built-ins/Array/prototype/concat/Array.prototype.concat_array-like-length-to-string-throws.js [sloppy]
#          36  exponentiation  e.g. test/built-ins/Array/prototype/pop/clamps-to-integer-limit.js [sloppy]
#          34  Proxy  e.g. test/built-ins/Array/of/return-abrupt-from-data-property-using-proxy.js [sloppy]
#          34  class-methods-private  e.g. test/language/statements/class/elements/private-getter-access-on-inner-function.js [sloppy]
#          34  cross-realm  e.g. test/built-ins/Array/from/proto-from-ctor-realm.js [sloppy]
#          31  Symbol  e.g. test/built-ins/Array/length/define-own-prop-length-coercion-order-set.js [sloppy]
#          22  TypedArray  e.g. test/built-ins/Array/prototype/every/callbackfn-resize-arraybuffer.js [sloppy]
#          12  Reflect  e.g. test/built-ins/Array/length/define-own-prop-length-coercion-order-set.js [sloppy]
#          12  Reflect.construct  e.g. test/built-ins/Array/fromAsync/not-a-constructor.js [sloppy]
#          12  Symbol.iterator  e.g. test/built-ins/Array/from/iter-cstm-ctor-err.js [sloppy]
#          12  class-static-methods-private  e.g. test/language/statements/class/elements/private-static-getter-visible-to-direct-eval.js [sloppy]
#          12  computed-property-names  e.g. test/language/statements/class/elements/computed-name-toprimitive-symbol.js [sloppy]
#          12  new.target  e.g. test/language/statements/class/elements/arrow-body-direct-eval-err-contains-newtarget.js [sloppy]
#          10  Array.prototype.flatMap  e.g. test/built-ins/Array/prototype/flatMap/this-value-ctor-non-object.js [sloppy]
#          10  Array.prototype.includes  e.g. test/built-ins/Array/prototype/includes/coerced-searchelement-fromindex-resize.js [sloppy]
#          10  Symbol.toPrimitive  e.g. test/built-ins/Array/length/define-own-prop-length-coercion-order-set.js [sloppy]
#           9  generators  e.g. test/language/expressions/object/method-definition/gen-meth-eval-var-scope-syntax-err.js [sloppy]
#           8  change-array-by-copy  e.g. test/built-ins/Array/prototype/toReversed/length-exceeding-array-length-limit.js [sloppy]
#           6  BigInt  e.g. test/language/expressions/object/literal-property-name-bigint.js [sloppy]
#          16  further row(s) not printed here; every one of them is in the report
# test262 9295 files, 18329 variants: pass 14924, fail 1044, unsupported 52, exhausted 2256, skipped 53
coverage partial a named selection rather than the whole test tree: test/built-ins/Promise test/language/statements/class test/built-ins/Array test/language/expressions/object
# the whole-run report is artifacts\fc\low-credit-native-1000\test262.report
# the machine-readable report is artifacts\fc\low-credit-native-1000\test262.json
# THIS RUN MAY NOT BE RETAINED AS A WHOLE-SUITE FIGURE:
#   the run covers less than its selection: partial|a named selection rather than the whole test tree: test/built-ins/Promise test/language/statements/class test/built-ins/Array test/language/expressions/object
