# per command family: pass / fail / excluded, before -> after
# all                            18369 /  463 / 430 -> 18460 /  372 / 430
# assert_exhaustion                  4 /   11 /   0 ->     4 /   11 /   0
# assert_invalid                   985 /    4 /   0 ->   955 /   34 /   0
# assert_malformed                 481 /  180 / 430 ->   658 /    3 / 430
# assert_return                  13736 /  158 /   0 -> 13757 /  137 /   0
# assert_return_arithmetic_nan     961 /    0 /   0 ->   961 /    0 /   0
# assert_return_canonical_nan      933 /    0 /   0 ->   933 /    0 /   0
# assert_trap                      438 /   22 /   0 ->   438 /   22 /   0
# assert_unlinkable                 95 /    0 /   0 ->    18 /   77 /   0
# func                               0 /    2 /   0 ->     0 /    2 /   0
# invoke                            41 /    1 /   0 ->    41 /    1 /   0
# memory                             0 /    1 /   0 ->     0 /    1 /   0
# module                           695 /   84 /   0 ->   695 /   84 /   0
# commands whose answer or verdict moved: 681
# (c) assert_malformed fail -> pass: 180
# (i) assert_malformed pass -> pass: 362
# (r) assert_invalid fail -> pass: 4
# (s) assert_invalid pass -> fail: 34
# (s) assert_malformed pass -> fail: 3
# (s) assert_unlinkable pass -> fail: 77
# (t) assert_return fail -> pass: 21
(c) binary-leb128.wast:31 assert_malformed | before: instance [fail] | after: refused InvalidArtifact/MalformedEncoding/2201@10 [pass]
(i) binary-leb128.wast:34 assert_malformed | before: refused InvalidArtifact/UnknownFeature/2403@18 [pass] | after: refused InvalidArtifact/MalformedEncoding/2201@18 [pass]
(i) binary-leb128.wast:35 assert_malformed | before: refused InvalidArtifact/UnknownFeature/2403@18 [pass] | after: refused InvalidArtifact/MalformedEncoding/2201@27 [pass]
(i) binary-leb128.wast:36 assert_malformed | before: refused InvalidArtifact/UnknownFeature/2403@18 [pass] | after: refused InvalidArtifact/MalformedEncoding/2201@38 [pass]
(c) binary-leb128.wast:56 assert_malformed | before: instance [fail] | after: refused InvalidArtifact/MalformedEncoding/2202@10 [pass]
(i) binary-leb128.wast:59 assert_malformed | before: refused InvalidArtifact/UnknownFeature/2403@18 [pass] | after: refused InvalidArtifact/MalformedEncoding/2202@18 [pass]
(i) binary-leb128.wast:60 assert_malformed | before: refused InvalidArtifact/UnknownFeature/2403@18 [pass] | after: refused InvalidArtifact/MalformedEncoding/2202@27 [pass]
(i) binary-leb128.wast:61 assert_malformed | before: refused InvalidArtifact/UnknownFeature/2403@18 [pass] | after: refused InvalidArtifact/MalformedEncoding/2202@38 [pass]
(s) binary.wast:48 assert_malformed | before: refused ResourceExhaustion/CeilingReached/0@0/DeclaredCount/Artifact [pass] | after: refused ResourceExhaustion/CeilingReached/0@0/DeclaredCount/Artifact [fail]
(i) binary.wast:60 assert_malformed | before: refused InvalidArtifact/UnknownFeature/2403@18 [pass] | after: refused InvalidArtifact/Truncated/2106@39 [pass]
(i) binary.wast:61 assert_malformed | before: refused InvalidArtifact/UnknownFeature/2403@22 [pass] | after: refused InvalidArtifact/InconsistentStructure/2104@43 [pass]
(s) binary.wast:73 assert_malformed | before: refused InvalidArtifact/UnknownFeature/2603@34 [pass] | after: refused InvalidArtifact/UnknownFeature/2603@34 [fail]
(s) binary.wast:81 assert_malformed | before: refused InvalidArtifact/SemanticValidationFailed/2810@13 [pass] | after: refused InvalidArtifact/SemanticValidationFailed/2810@13 [fail]
(t) call_indirect.wast:19 assert_return | before: trap IndirectCallTypeMismatch [fail] | after: values i64:0000000000000002 [pass]
(t) call_indirect.wast:25 assert_return | before: trap IndirectCallTypeMismatch [fail] | after: values i64:0000000000000009 [pass]
(t) call_indirect.wast:26 assert_return | before: trap IndirectCallTypeMismatch [fail] | after: values i64:0000000000058980 [pass]
(t) call_indirect.wast:27 assert_return | before: trap IndirectCallTypeMismatch [fail] | after: values i64:0000000000000037 [pass]
(t) call_indirect.wast:31 assert_return | before: trap IndirectCallTypeMismatch [fail] | after: values i32:00000009 [pass]
(t) call_indirect.wast:32 assert_return | before: trap IndirectCallTypeMismatch [fail] | after: values i32:00058980 [pass]
(t) call_indirect.wast:33 assert_return | before: trap IndirectCallTypeMismatch [fail] | after: values i32:00000037 [pass]
(t) call_indirect.wast:37 assert_return | before: trap IndirectCallTypeMismatch [fail] | after: values f32:41100000 [pass]
(t) call_indirect.wast:38 assert_return | before: trap IndirectCallTypeMismatch [fail] | after: values f32:48B13000 [pass]
(t) call_indirect.wast:39 assert_return | before: trap IndirectCallTypeMismatch [fail] | after: values f32:425C0000 [pass]
(t) call_indirect.wast:43 assert_return | before: trap IndirectCallTypeMismatch [fail] | after: values f64:4022000000000000 [pass]
(t) call_indirect.wast:44 assert_return | before: trap IndirectCallTypeMismatch [fail] | after: values f64:4116260000000000 [pass]
(t) call_indirect.wast:45 assert_return | before: trap IndirectCallTypeMismatch [fail] | after: values f64:404B800000000000 [pass]
(c) custom.wast:5 assert_malformed | before: instance [fail] | after: refused InvalidArtifact/Truncated/2106@10 [pass]
(c) custom.wast:6 assert_malformed | before: instance [fail] | after: refused InvalidArtifact/InconsistentStructure/2104@11 [pass]
(s) data.wast:31 assert_unlinkable | before: refused InvalidArtifact/UnknownFeature/2403@11 [pass] | after: refused InvalidArtifact/UnknownFeature/2403@11 [fail]
(s) data.wast:33 assert_unlinkable | before: refused InvalidArtifact/UnknownFeature/2403@11 [pass] | after: refused InvalidArtifact/UnknownFeature/2403@11 [fail]
(s) data.wast:37 assert_unlinkable | before: refused InvalidArtifact/UnknownFeature/2403@11 [pass] | after: refused InvalidArtifact/UnknownFeature/2403@11 [fail]
(s) data.wast:39 assert_unlinkable | before: refused InvalidArtifact/UnknownFeature/2403@11 [pass] | after: refused InvalidArtifact/UnknownFeature/2403@11 [fail]
(s) data.wast:42 assert_invalid | before: refused InvalidArtifact/InconsistentStructure/2602@19 [pass] | after: refused InvalidArtifact/InconsistentStructure/2602@19 [fail]
(s) data.wast:43 assert_invalid | before: refused InvalidArtifact/UnknownFeature/2601@17 [pass] | after: refused InvalidArtifact/UnknownFeature/2601@17 [fail]
(s) data.wast:44 assert_invalid | before: refused InvalidArtifact/UnknownFeature/2601@17 [pass] | after: refused InvalidArtifact/UnknownFeature/2601@17 [fail]
(s) data.wast:45 assert_invalid | before: refused InvalidArtifact/InconsistentStructure/2602@19 [pass] | after: refused InvalidArtifact/InconsistentStructure/2602@19 [fail]
(s) elem.wast:26 assert_unlinkable | before: refused InvalidArtifact/UnknownFeature/2403@17 [pass] | after: refused InvalidArtifact/UnknownFeature/2403@17 [fail]
(s) elem.wast:28 assert_unlinkable | before: refused InvalidArtifact/UnknownFeature/2403@17 [pass] | after: refused InvalidArtifact/UnknownFeature/2403@17 [fail]
(s) elem.wast:30 assert_unlinkable | before: refused InvalidArtifact/UnknownFeature/2403@17 [pass] | after: refused InvalidArtifact/UnknownFeature/2403@17 [fail]
(s) elem.wast:32 assert_unlinkable | before: refused InvalidArtifact/UnknownFeature/2403@17 [pass] | after: refused InvalidArtifact/UnknownFeature/2403@17 [fail]
(s) elem.wast:35 assert_invalid | before: refused InvalidArtifact/InconsistentStructure/2602@20 [pass] | after: refused InvalidArtifact/InconsistentStructure/2602@20 [fail]
(s) elem.wast:36 assert_invalid | before: refused InvalidArtifact/UnknownFeature/2601@18 [pass] | after: refused InvalidArtifact/UnknownFeature/2601@18 [fail]
(s) elem.wast:37 assert_invalid | before: refused InvalidArtifact/UnknownFeature/2601@18 [pass] | after: refused InvalidArtifact/UnknownFeature/2601@18 [fail]
(s) elem.wast:38 assert_invalid | before: refused InvalidArtifact/InconsistentStructure/2602@20 [pass] | after: refused InvalidArtifact/InconsistentStructure/2602@20 [fail]
(t) func.wast:76 assert_return | before: trap IndirectCallTypeMismatch [fail] | after: values [pass]
(r) func.wast:94 assert_invalid | before: instance [fail] | after: refused InvalidArtifact/SemanticValidationFailed/2711@0 [pass]
(r) func.wast:95 assert_invalid | before: instance [fail] | after: refused InvalidArtifact/SemanticValidationFailed/2711@0 [pass]
(s) func_ptrs.wast:9 assert_invalid | before: refused InvalidArtifact/InconsistentStructure/2602@20 [pass] | after: refused InvalidArtifact/InconsistentStructure/2602@20 [fail]
(s) func_ptrs.wast:10 assert_invalid | before: refused InvalidArtifact/UnknownFeature/2601@18 [pass] | after: refused InvalidArtifact/UnknownFeature/2601@18 [fail]
(s) func_ptrs.wast:12 assert_invalid | before: refused InvalidArtifact/UnknownFeature/2403@11 [pass] | after: refused InvalidArtifact/UnknownFeature/2403@11 [fail]
(t) func_ptrs.wast:17 assert_return | before: trap IndirectCallTypeMismatch [fail] | after: values i32:00000004 [pass]
(t) func_ptrs.wast:18 assert_return | before: trap IndirectCallTypeMismatch [fail] | after: values i32:00000005 [pass]
(t) func_ptrs.wast:24 assert_return | before: trap IndirectCallTypeMismatch [fail] | after: values i32:00000001 [pass]
(t) func_ptrs.wast:25 assert_return | before: trap IndirectCallTypeMismatch [fail] | after: values i32:00000002 [pass]
(t) func_ptrs.wast:26 assert_return | before: trap IndirectCallTypeMismatch [fail] | after: values i32:00000003 [pass]
(t) func_ptrs.wast:29 assert_return | before: trap IndirectCallTypeMismatch [fail] | after: values i32:00000001 [pass]
(t) func_ptrs.wast:30 assert_return | before: trap IndirectCallTypeMismatch [fail] | after: values i32:00000003 [pass]
(s) globals.wast:51 assert_invalid | before: refused InvalidArtifact/InconsistentStructure/2602@18 [pass] | after: refused InvalidArtifact/InconsistentStructure/2602@18 [fail]
(s) globals.wast:52 assert_invalid | before: refused InvalidArtifact/UnknownFeature/2601@13 [pass] | after: refused InvalidArtifact/UnknownFeature/2601@13 [fail]
(s) globals.wast:53 assert_invalid | before: refused InvalidArtifact/InconsistentStructure/2602@18 [pass] | after: refused InvalidArtifact/InconsistentStructure/2602@18 [fail]
(s) globals.wast:54 assert_invalid | before: refused InvalidArtifact/InconsistentStructure/2602@15 [pass] | after: refused InvalidArtifact/InconsistentStructure/2602@15 [fail]
(s) globals.wast:55 assert_invalid | before: refused InvalidArtifact/UnknownFeature/2601@13 [pass] | after: refused InvalidArtifact/UnknownFeature/2601@13 [fail]
(s) globals.wast:57 assert_invalid | before: refused InvalidArtifact/InconsistentStructure/2602@15 [pass] | after: refused InvalidArtifact/InconsistentStructure/2602@15 [fail]
(s) globals.wast:58 assert_invalid | before: refused InvalidArtifact/UnknownFeature/2601@13 [pass] | after: refused InvalidArtifact/UnknownFeature/2601@13 [fail]
(i) globals.wast:62 assert_malformed | before: refused InvalidArtifact/UnknownFeature/2403@15 [pass] | after: refused InvalidArtifact/MalformedEncoding/2308@37 [pass]
(i) globals.wast:63 assert_malformed | before: refused InvalidArtifact/UnknownFeature/2403@15 [pass] | after: refused InvalidArtifact/MalformedEncoding/2308@37 [pass]
(s) imports.wast:6 assert_invalid | before: refused InvalidArtifact/UnknownFeature/2403@18 [pass] | after: refused InvalidArtifact/UnknownFeature/2403@18 [fail]
(s) imports.wast:14 assert_unlinkable | before: refused InvalidArtifact/UnknownFeature/2403@17 [pass] | after: refused InvalidArtifact/UnknownFeature/2403@17 [fail]
(s) imports.wast:15 assert_unlinkable | before: refused InvalidArtifact/UnknownFeature/2403@17 [pass] | after: refused InvalidArtifact/UnknownFeature/2403@17 [fail]
(s) imports.wast:16 assert_unlinkable | before: refused InvalidArtifact/UnknownFeature/2403@18 [pass] | after: refused InvalidArtifact/UnknownFeature/2403@18 [fail]
(s) imports.wast:17 assert_unlinkable | before: refused InvalidArtifact/UnknownFeature/2403@18 [pass] | after: refused InvalidArtifact/UnknownFeature/2403@18 [fail]
(s) imports.wast:18 assert_unlinkable | before: refused InvalidArtifact/UnknownFeature/2403@19 [pass] | after: refused InvalidArtifact/UnknownFeature/2403@19 [fail]
(s) imports.wast:19 assert_unlinkable | before: refused InvalidArtifact/UnknownFeature/2403@17 [pass] | after: refused InvalidArtifact/UnknownFeature/2403@17 [fail]
(s) imports.wast:20 assert_unlinkable | before: refused InvalidArtifact/UnknownFeature/2403@18 [pass] | after: refused InvalidArtifact/UnknownFeature/2403@18 [fail]
(s) imports.wast:21 assert_unlinkable | before: refused InvalidArtifact/UnknownFeature/2403@18 [pass] | after: refused InvalidArtifact/UnknownFeature/2403@18 [fail]
(s) imports.wast:22 assert_unlinkable | before: refused InvalidArtifact/UnknownFeature/2403@18 [pass] | after: refused InvalidArtifact/UnknownFeature/2403@18 [fail]
(s) imports.wast:23 assert_unlinkable | before: refused InvalidArtifact/UnknownFeature/2403@19 [pass] | after: refused InvalidArtifact/UnknownFeature/2403@19 [fail]
(s) imports.wast:24 assert_unlinkable | before: refused InvalidArtifact/UnknownFeature/2403@17 [pass] | after: refused InvalidArtifact/UnknownFeature/2403@17 [fail]
(s) imports.wast:25 assert_unlinkable | before: refused InvalidArtifact/UnknownFeature/2403@18 [pass] | after: refused InvalidArtifact/UnknownFeature/2403@18 [fail]
(s) imports.wast:26 assert_unlinkable | before: refused InvalidArtifact/UnknownFeature/2403@18 [pass] | after: refused InvalidArtifact/UnknownFeature/2403@18 [fail]
(s) imports.wast:27 assert_unlinkable | before: refused InvalidArtifact/UnknownFeature/2403@18 [pass] | after: refused InvalidArtifact/UnknownFeature/2403@18 [fail]
(s) imports.wast:28 assert_unlinkable | before: refused InvalidArtifact/UnknownFeature/2403@19 [pass] | after: refused InvalidArtifact/UnknownFeature/2403@19 [fail]
(s) imports.wast:29 assert_unlinkable | before: refused InvalidArtifact/UnknownFeature/2403@17 [pass] | after: refused InvalidArtifact/UnknownFeature/2403@17 [fail]
(s) imports.wast:30 assert_unlinkable | before: refused InvalidArtifact/UnknownFeature/2403@18 [pass] | after: refused InvalidArtifact/UnknownFeature/2403@18 [fail]
(s) imports.wast:31 assert_unlinkable | before: refused InvalidArtifact/UnknownFeature/2403@18 [pass] | after: refused InvalidArtifact/UnknownFeature/2403@18 [fail]
(s) imports.wast:32 assert_unlinkable | before: refused InvalidArtifact/UnknownFeature/2403@18 [pass] | after: refused InvalidArtifact/UnknownFeature/2403@18 [fail]
(s) imports.wast:33 assert_unlinkable | before: refused InvalidArtifact/UnknownFeature/2403@17 [pass] | after: refused InvalidArtifact/UnknownFeature/2403@17 [fail]
(s) imports.wast:34 assert_unlinkable | before: refused InvalidArtifact/UnknownFeature/2403@17 [pass] | after: refused InvalidArtifact/UnknownFeature/2403@17 [fail]
(s) imports.wast:35 assert_unlinkable | before: refused InvalidArtifact/UnknownFeature/2403@17 [pass] | after: refused InvalidArtifact/UnknownFeature/2403@17 [fail]
(s) imports.wast:36 assert_unlinkable | before: refused InvalidArtifact/UnknownFeature/2403@17 [pass] | after: refused InvalidArtifact/UnknownFeature/2403@17 [fail]
(s) imports.wast:37 assert_unlinkable | before: refused InvalidArtifact/UnknownFeature/2403@17 [pass] | after: refused InvalidArtifact/UnknownFeature/2403@17 [fail]
(s) imports.wast:45 assert_unlinkable | before: refused InvalidArtifact/UnknownFeature/2403@11 [pass] | after: refused InvalidArtifact/UnknownFeature/2403@11 [fail]
(s) imports.wast:46 assert_unlinkable | before: refused InvalidArtifact/UnknownFeature/2403@11 [pass] | after: refused InvalidArtifact/UnknownFeature/2403@11 [fail]
(s) imports.wast:47 assert_unlinkable | before: refused InvalidArtifact/UnknownFeature/2403@11 [pass] | after: refused InvalidArtifact/UnknownFeature/2403@11 [fail]
(s) imports.wast:48 assert_unlinkable | before: refused InvalidArtifact/UnknownFeature/2403@11 [pass] | after: refused InvalidArtifact/UnknownFeature/2403@11 [fail]
(s) imports.wast:49 assert_unlinkable | before: refused InvalidArtifact/UnknownFeature/2403@11 [pass] | after: refused InvalidArtifact/UnknownFeature/2403@11 [fail]
(s) imports.wast:50 assert_unlinkable | before: refused InvalidArtifact/UnknownFeature/2403@11 [pass] | after: refused InvalidArtifact/UnknownFeature/2403@11 [fail]
(s) imports.wast:51 assert_unlinkable | before: refused InvalidArtifact/UnknownFeature/2403@11 [pass] | after: refused InvalidArtifact/UnknownFeature/2403@11 [fail]
(s) imports.wast:52 assert_unlinkable | before: refused InvalidArtifact/UnknownFeature/2403@11 [pass] | after: refused InvalidArtifact/UnknownFeature/2403@11 [fail]
(s) imports.wast:65 assert_invalid | before: refused InvalidArtifact/UnknownFeature/2403@11 [pass] | after: refused InvalidArtifact/UnknownFeature/2403@11 [fail]
(s) imports.wast:66 assert_invalid | before: refused InvalidArtifact/UnknownFeature/2403@11 [pass] | after: refused InvalidArtifact/UnknownFeature/2403@11 [fail]
(s) imports.wast:67 assert_invalid | before: refused InvalidArtifact/UnknownFeature/2505@11 [pass] | after: refused InvalidArtifact/UnknownFeature/2505@11 [fail]
(s) imports.wast:79 assert_unlinkable | before: refused InvalidArtifact/UnknownFeature/2403@11 [pass] | after: refused InvalidArtifact/UnknownFeature/2403@11 [fail]
(s) imports.wast:80 assert_unlinkable | before: refused InvalidArtifact/UnknownFeature/2403@11 [pass] | after: refused InvalidArtifact/UnknownFeature/2403@11 [fail]
(s) imports.wast:81 assert_unlinkable | before: refused InvalidArtifact/UnknownFeature/2403@11 [pass] | after: refused InvalidArtifact/UnknownFeature/2403@11 [fail]
(s) imports.wast:82 assert_unlinkable | before: refused InvalidArtifact/UnknownFeature/2403@11 [pass] | after: refused InvalidArtifact/UnknownFeature/2403@11 [fail]
(s) imports.wast:83 assert_unlinkable | before: refused InvalidArtifact/UnknownFeature/2403@11 [pass] | after: refused InvalidArtifact/UnknownFeature/2403@11 [fail]
(s) imports.wast:84 assert_unlinkable | before: refused InvalidArtifact/UnknownFeature/2403@11 [pass] | after: refused InvalidArtifact/UnknownFeature/2403@11 [fail]
(s) imports.wast:85 assert_unlinkable | before: refused InvalidArtifact/UnknownFeature/2403@11 [pass] | after: refused InvalidArtifact/UnknownFeature/2403@11 [fail]
(s) imports.wast:86 assert_unlinkable | before: refused InvalidArtifact/UnknownFeature/2403@11 [pass] | after: refused InvalidArtifact/UnknownFeature/2403@11 [fail]
(s) imports.wast:87 assert_unlinkable | before: refused InvalidArtifact/UnknownFeature/2403@11 [pass] | after: refused InvalidArtifact/UnknownFeature/2403@11 [fail]
(s) imports.wast:88 assert_unlinkable | before: refused InvalidArtifact/UnknownFeature/2403@11 [pass] | after: refused InvalidArtifact/UnknownFeature/2403@11 [fail]
(s) imports.wast:99 assert_invalid | before: refused InvalidArtifact/UnknownFeature/2403@11 [pass] | after: refused InvalidArtifact/UnknownFeature/2403@11 [fail]
(s) imports.wast:100 assert_invalid | before: refused InvalidArtifact/UnknownFeature/2403@11 [pass] | after: refused InvalidArtifact/UnknownFeature/2403@11 [fail]
(s) imports.wast:101 assert_invalid | before: refused InvalidArtifact/UnknownFeature/2504@11 [pass] | after: refused InvalidArtifact/UnknownFeature/2504@11 [fail]
(s) imports.wast:111 assert_unlinkable | before: refused InvalidArtifact/UnknownFeature/2403@11 [pass] | after: refused InvalidArtifact/UnknownFeature/2403@11 [fail]
(s) imports.wast:112 assert_unlinkable | before: refused InvalidArtifact/UnknownFeature/2403@11 [pass] | after: refused InvalidArtifact/UnknownFeature/2403@11 [fail]
(s) imports.wast:113 assert_unlinkable | before: refused InvalidArtifact/UnknownFeature/2403@11 [pass] | after: refused InvalidArtifact/UnknownFeature/2403@11 [fail]
(s) imports.wast:114 assert_unlinkable | before: refused InvalidArtifact/UnknownFeature/2403@11 [pass] | after: refused InvalidArtifact/UnknownFeature/2403@11 [fail]
(s) imports.wast:115 assert_unlinkable | before: refused InvalidArtifact/UnknownFeature/2403@11 [pass] | after: refused InvalidArtifact/UnknownFeature/2403@11 [fail]
(s) imports.wast:116 assert_unlinkable | before: refused InvalidArtifact/UnknownFeature/2403@11 [pass] | after: refused InvalidArtifact/UnknownFeature/2403@11 [fail]
(s) imports.wast:117 assert_unlinkable | before: refused InvalidArtifact/UnknownFeature/2403@11 [pass] | after: refused InvalidArtifact/UnknownFeature/2403@11 [fail]
(s) imports.wast:118 assert_unlinkable | before: refused InvalidArtifact/UnknownFeature/2403@11 [pass] | after: refused InvalidArtifact/UnknownFeature/2403@11 [fail]
(s) imports.wast:119 assert_unlinkable | before: refused InvalidArtifact/UnknownFeature/2403@11 [pass] | after: refused InvalidArtifact/UnknownFeature/2403@11 [fail]
(s) imports.wast:120 assert_unlinkable | before: refused InvalidArtifact/UnknownFeature/2403@11 [pass] | after: refused InvalidArtifact/UnknownFeature/2403@11 [fail]
(s) imports.wast:121 assert_unlinkable | before: refused InvalidArtifact/UnknownFeature/2403@11 [pass] | after: refused InvalidArtifact/UnknownFeature/2403@11 [fail]
(s) imports.wast:122 assert_unlinkable | before: refused InvalidArtifact/UnknownFeature/2403@11 [pass] | after: refused InvalidArtifact/UnknownFeature/2403@11 [fail]
(s) imports.wast:123 assert_unlinkable | before: refused InvalidArtifact/UnknownFeature/2403@11 [pass] | after: refused InvalidArtifact/UnknownFeature/2403@11 [fail]
(s) imports.wast:124 assert_unlinkable | before: refused InvalidArtifact/UnknownFeature/2403@11 [pass] | after: refused InvalidArtifact/UnknownFeature/2403@11 [fail]
(s) imports.wast:149 assert_unlinkable | before: refused InvalidArtifact/UnknownFeature/2403@55 [pass] | after: refused InvalidArtifact/UnknownFeature/2403@55 [fail]
(s) linking.wast:10 assert_unlinkable | before: refused InvalidArtifact/UnknownFeature/2403@18 [pass] | after: refused InvalidArtifact/UnknownFeature/2403@18 [fail]
(s) linking.wast:11 assert_unlinkable | before: refused InvalidArtifact/UnknownFeature/2403@19 [pass] | after: refused InvalidArtifact/UnknownFeature/2403@19 [fail]
(s) linking.wast:30 assert_unlinkable | before: refused InvalidArtifact/UnknownFeature/2403@11 [pass] | after: refused InvalidArtifact/UnknownFeature/2403@11 [fail]
(s) linking.wast:31 assert_unlinkable | before: refused InvalidArtifact/UnknownFeature/2403@11 [pass] | after: refused InvalidArtifact/UnknownFeature/2403@11 [fail]
(s) linking.wast:79 assert_unlinkable | before: refused InvalidArtifact/UnknownFeature/2403@17 [pass] | after: refused InvalidArtifact/UnknownFeature/2403@17 [fail]
(s) linking.wast:80 assert_unlinkable | before: refused InvalidArtifact/UnknownFeature/2403@18 [pass] | after: refused InvalidArtifact/UnknownFeature/2403@18 [fail]
(s) linking.wast:82 assert_unlinkable | before: refused InvalidArtifact/UnknownFeature/2403@18 [pass] | after: refused InvalidArtifact/UnknownFeature/2403@18 [fail]
(s) linking.wast:84 assert_unlinkable | before: refused InvalidArtifact/UnknownFeature/2403@18 [pass] | after: refused InvalidArtifact/UnknownFeature/2403@18 [fail]
(s) linking.wast:98 assert_unlinkable | before: refused InvalidArtifact/UnknownFeature/2403@11 [pass] | after: refused InvalidArtifact/UnknownFeature/2403@11 [fail]
(s) linking.wast:108 assert_unlinkable | before: refused InvalidArtifact/UnknownFeature/2403@17 [pass] | after: refused InvalidArtifact/UnknownFeature/2403@17 [fail]
(s) linking.wast:110 assert_unlinkable | before: refused InvalidArtifact/UnknownFeature/2403@11 [pass] | after: refused InvalidArtifact/UnknownFeature/2403@11 [fail]
(s) linking.wast:112 assert_unlinkable | before: refused InvalidArtifact/UnknownFeature/2403@17 [pass] | after: refused InvalidArtifact/UnknownFeature/2403@17 [fail]
(s) memory.wast:5 assert_invalid | before: refused InvalidArtifact/UnknownFeature/2504@11 [pass] | after: refused InvalidArtifact/UnknownFeature/2504@11 [fail]
(s) memory.wast:6 assert_invalid | before: refused InvalidArtifact/UnknownFeature/2403@11 [pass] | after: refused InvalidArtifact/UnknownFeature/2403@11 [fail]
(s) memory.wast:22 assert_invalid | before: refused InvalidArtifact/InconsistentStructure/2305@14 [pass] | after: refused InvalidArtifact/InconsistentStructure/2305@14 [fail]
(s) memory.wast:23 assert_invalid | before: refused InvalidArtifact/InconsistentStructure/2306@15 [pass] | after: refused InvalidArtifact/InconsistentStructure/2306@15 [fail]
(s) memory.wast:24 assert_invalid | before: refused InvalidArtifact/InconsistentStructure/2306@17 [pass] | after: refused InvalidArtifact/InconsistentStructure/2306@17 [fail]
(s) memory.wast:25 assert_invalid | before: refused InvalidArtifact/InconsistentStructure/2306@17 [pass] | after: refused InvalidArtifact/InconsistentStructure/2306@17 [fail]
(s) memory.wast:26 assert_invalid | before: refused InvalidArtifact/InconsistentStructure/2306@16 [pass] | after: refused InvalidArtifact/InconsistentStructure/2306@16 [fail]
(s) memory.wast:27 assert_invalid | before: refused InvalidArtifact/InconsistentStructure/2306@18 [pass] | after: refused InvalidArtifact/InconsistentStructure/2306@18 [fail]
(s) memory.wast:28 assert_invalid | before: refused InvalidArtifact/InconsistentStructure/2306@18 [pass] | after: refused InvalidArtifact/InconsistentStructure/2306@18 [fail]
(r) type.wast:4 assert_invalid | before: instance [fail] | after: refused InvalidArtifact/SemanticValidationFailed/2711@0 [pass]
(r) type.wast:5 assert_invalid | before: instance [fail] | after: refused InvalidArtifact/SemanticValidationFailed/2711@0 [pass]
(c) utf8-custom-section-id.wast:1 assert_malformed | before: instance [fail] | after: refused InvalidArtifact/MalformedEncoding/2401@11 [pass]
(c) utf8-custom-section-id.wast:2 assert_malformed | before: instance [fail] | after: refused InvalidArtifact/MalformedEncoding/2401@11 [pass]
(c) utf8-custom-section-id.wast:3 assert_malformed | before: instance [fail] | after: refused InvalidArtifact/MalformedEncoding/2401@11 [pass]
(c) utf8-custom-section-id.wast:4 assert_malformed | before: instance [fail] | after: refused InvalidArtifact/MalformedEncoding/2401@11 [pass]
(c) utf8-custom-section-id.wast:5 assert_malformed | before: instance [fail] | after: refused InvalidArtifact/MalformedEncoding/2401@11 [pass]
(c) utf8-custom-section-id.wast:6 assert_malformed | before: instance [fail] | after: refused InvalidArtifact/MalformedEncoding/2401@11 [pass]
(c) utf8-custom-section-id.wast:7 assert_malformed | before: instance [fail] | after: refused InvalidArtifact/MalformedEncoding/2401@11 [pass]
(c) utf8-custom-section-id.wast:8 assert_malformed | before: instance [fail] | after: refused InvalidArtifact/MalformedEncoding/2401@11 [pass]
(c) utf8-custom-section-id.wast:9 assert_malformed | before: instance [fail] | after: refused InvalidArtifact/MalformedEncoding/2401@11 [pass]
(c) utf8-custom-section-id.wast:10 assert_malformed | before: instance [fail] | after: refused InvalidArtifact/MalformedEncoding/2401@11 [pass]
(c) utf8-custom-section-id.wast:11 assert_malformed | before: instance [fail] | after: refused InvalidArtifact/MalformedEncoding/2401@11 [pass]
(c) utf8-custom-section-id.wast:12 assert_malformed | before: instance [fail] | after: refused InvalidArtifact/MalformedEncoding/2401@11 [pass]
(c) utf8-custom-section-id.wast:13 assert_malformed | before: instance [fail] | after: refused InvalidArtifact/MalformedEncoding/2401@11 [pass]
(c) utf8-custom-section-id.wast:14 assert_malformed | before: instance [fail] | after: refused InvalidArtifact/MalformedEncoding/2401@11 [pass]
(c) utf8-custom-section-id.wast:15 assert_malformed | before: instance [fail] | after: refused InvalidArtifact/MalformedEncoding/2401@11 [pass]
(c) utf8-custom-section-id.wast:16 assert_malformed | before: instance [fail] | after: refused InvalidArtifact/MalformedEncoding/2401@11 [pass]
(c) utf8-custom-section-id.wast:17 assert_malformed | before: instance [fail] | after: refused InvalidArtifact/MalformedEncoding/2401@11 [pass]
(c) utf8-custom-section-id.wast:18 assert_malformed | before: instance [fail] | after: refused InvalidArtifact/MalformedEncoding/2401@11 [pass]
(c) utf8-custom-section-id.wast:19 assert_malformed | before: instance [fail] | after: refused InvalidArtifact/MalformedEncoding/2401@11 [pass]
(c) utf8-custom-section-id.wast:20 assert_malformed | before: instance [fail] | after: refused InvalidArtifact/MalformedEncoding/2401@11 [pass]
(c) utf8-custom-section-id.wast:21 assert_malformed | before: instance [fail] | after: refused InvalidArtifact/MalformedEncoding/2401@11 [pass]
(c) utf8-custom-section-id.wast:22 assert_malformed | before: instance [fail] | after: refused InvalidArtifact/MalformedEncoding/2401@11 [pass]
(c) utf8-custom-section-id.wast:23 assert_malformed | before: instance [fail] | after: refused InvalidArtifact/MalformedEncoding/2401@11 [pass]
(c) utf8-custom-section-id.wast:24 assert_malformed | before: instance [fail] | after: refused InvalidArtifact/MalformedEncoding/2401@11 [pass]
(c) utf8-custom-section-id.wast:25 assert_malformed | before: instance [fail] | after: refused InvalidArtifact/MalformedEncoding/2401@11 [pass]
(c) utf8-custom-section-id.wast:26 assert_malformed | before: instance [fail] | after: refused InvalidArtifact/MalformedEncoding/2401@11 [pass]
(c) utf8-custom-section-id.wast:27 assert_malformed | before: instance [fail] | after: refused InvalidArtifact/MalformedEncoding/2401@11 [pass]
(c) utf8-custom-section-id.wast:28 assert_malformed | before: instance [fail] | after: refused InvalidArtifact/MalformedEncoding/2401@11 [pass]
(c) utf8-custom-section-id.wast:29 assert_malformed | before: instance [fail] | after: refused InvalidArtifact/MalformedEncoding/2401@11 [pass]
(c) utf8-custom-section-id.wast:30 assert_malformed | before: instance [fail] | after: refused InvalidArtifact/MalformedEncoding/2401@11 [pass]
(c) utf8-custom-section-id.wast:31 assert_malformed | before: instance [fail] | after: refused InvalidArtifact/MalformedEncoding/2401@11 [pass]
(c) utf8-custom-section-id.wast:32 assert_malformed | before: instance [fail] | after: refused InvalidArtifact/MalformedEncoding/2401@11 [pass]
(c) utf8-custom-section-id.wast:33 assert_malformed | before: instance [fail] | after: refused InvalidArtifact/MalformedEncoding/2401@11 [pass]
(c) utf8-custom-section-id.wast:34 assert_malformed | before: instance [fail] | after: refused InvalidArtifact/MalformedEncoding/2401@11 [pass]
(c) utf8-custom-section-id.wast:35 assert_malformed | before: instance [fail] | after: refused InvalidArtifact/MalformedEncoding/2401@11 [pass]
(c) utf8-custom-section-id.wast:36 assert_malformed | before: instance [fail] | after: refused InvalidArtifact/MalformedEncoding/2401@11 [pass]
(c) utf8-custom-section-id.wast:37 assert_malformed | before: instance [fail] | after: refused InvalidArtifact/MalformedEncoding/2401@11 [pass]
(c) utf8-custom-section-id.wast:38 assert_malformed | before: instance [fail] | after: refused InvalidArtifact/MalformedEncoding/2401@11 [pass]
(c) utf8-custom-section-id.wast:39 assert_malformed | before: instance [fail] | after: refused InvalidArtifact/MalformedEncoding/2401@11 [pass]
(c) utf8-custom-section-id.wast:40 assert_malformed | before: instance [fail] | after: refused InvalidArtifact/MalformedEncoding/2401@11 [pass]
(c) utf8-custom-section-id.wast:41 assert_malformed | before: instance [fail] | after: refused InvalidArtifact/MalformedEncoding/2401@11 [pass]
(c) utf8-custom-section-id.wast:42 assert_malformed | before: instance [fail] | after: refused InvalidArtifact/MalformedEncoding/2401@11 [pass]
(c) utf8-custom-section-id.wast:43 assert_malformed | before: instance [fail] | after: refused InvalidArtifact/MalformedEncoding/2401@11 [pass]
(c) utf8-custom-section-id.wast:44 assert_malformed | before: instance [fail] | after: refused InvalidArtifact/MalformedEncoding/2401@11 [pass]
(c) utf8-custom-section-id.wast:45 assert_malformed | before: instance [fail] | after: refused InvalidArtifact/MalformedEncoding/2401@11 [pass]
(c) utf8-custom-section-id.wast:46 assert_malformed | before: instance [fail] | after: refused InvalidArtifact/MalformedEncoding/2401@11 [pass]
(c) utf8-custom-section-id.wast:47 assert_malformed | before: instance [fail] | after: refused InvalidArtifact/MalformedEncoding/2401@11 [pass]
(c) utf8-custom-section-id.wast:48 assert_malformed | before: instance [fail] | after: refused InvalidArtifact/MalformedEncoding/2401@11 [pass]
(c) utf8-custom-section-id.wast:49 assert_malformed | before: instance [fail] | after: refused InvalidArtifact/MalformedEncoding/2401@11 [pass]
(c) utf8-custom-section-id.wast:50 assert_malformed | before: instance [fail] | after: refused InvalidArtifact/MalformedEncoding/2401@11 [pass]
(c) utf8-custom-section-id.wast:51 assert_malformed | before: instance [fail] | after: refused InvalidArtifact/MalformedEncoding/2401@11 [pass]
(c) utf8-custom-section-id.wast:52 assert_malformed | before: instance [fail] | after: refused InvalidArtifact/MalformedEncoding/2401@11 [pass]
(c) utf8-custom-section-id.wast:53 assert_malformed | before: instance [fail] | after: refused InvalidArtifact/MalformedEncoding/2401@11 [pass]
(c) utf8-custom-section-id.wast:54 assert_malformed | before: instance [fail] | after: refused InvalidArtifact/MalformedEncoding/2401@11 [pass]
(c) utf8-custom-section-id.wast:55 assert_malformed | before: instance [fail] | after: refused InvalidArtifact/MalformedEncoding/2401@11 [pass]
(c) utf8-custom-section-id.wast:56 assert_malformed | before: instance [fail] | after: refused InvalidArtifact/MalformedEncoding/2401@11 [pass]
(c) utf8-custom-section-id.wast:57 assert_malformed | before: instance [fail] | after: refused InvalidArtifact/MalformedEncoding/2401@11 [pass]
(c) utf8-custom-section-id.wast:58 assert_malformed | before: instance [fail] | after: refused InvalidArtifact/MalformedEncoding/2401@11 [pass]
(c) utf8-custom-section-id.wast:59 assert_malformed | before: instance [fail] | after: refused InvalidArtifact/MalformedEncoding/2401@11 [pass]
(c) utf8-custom-section-id.wast:60 assert_malformed | before: instance [fail] | after: refused InvalidArtifact/MalformedEncoding/2401@11 [pass]
(c) utf8-custom-section-id.wast:61 assert_malformed | before: instance [fail] | after: refused InvalidArtifact/MalformedEncoding/2401@11 [pass]
(c) utf8-custom-section-id.wast:62 assert_malformed | before: instance [fail] | after: refused InvalidArtifact/MalformedEncoding/2401@11 [pass]
(c) utf8-custom-section-id.wast:63 assert_malformed | before: instance [fail] | after: refused InvalidArtifact/MalformedEncoding/2401@11 [pass]
(c) utf8-custom-section-id.wast:64 assert_malformed | before: instance [fail] | after: refused InvalidArtifact/MalformedEncoding/2401@11 [pass]
(c) utf8-custom-section-id.wast:65 assert_malformed | before: instance [fail] | after: refused InvalidArtifact/MalformedEncoding/2401@11 [pass]
(c) utf8-custom-section-id.wast:66 assert_malformed | before: instance [fail] | after: refused InvalidArtifact/MalformedEncoding/2401@11 [pass]
(c) utf8-custom-section-id.wast:67 assert_malformed | before: instance [fail] | after: refused InvalidArtifact/MalformedEncoding/2401@11 [pass]
(c) utf8-custom-section-id.wast:68 assert_malformed | before: instance [fail] | after: refused InvalidArtifact/MalformedEncoding/2401@11 [pass]
(c) utf8-custom-section-id.wast:69 assert_malformed | before: instance [fail] | after: refused InvalidArtifact/MalformedEncoding/2401@11 [pass]
(c) utf8-custom-section-id.wast:70 assert_malformed | before: instance [fail] | after: refused InvalidArtifact/MalformedEncoding/2401@11 [pass]
(c) utf8-custom-section-id.wast:71 assert_malformed | before: instance [fail] | after: refused InvalidArtifact/MalformedEncoding/2401@11 [pass]
(c) utf8-custom-section-id.wast:72 assert_malformed | before: instance [fail] | after: refused InvalidArtifact/MalformedEncoding/2401@11 [pass]
(c) utf8-custom-section-id.wast:73 assert_malformed | before: instance [fail] | after: refused InvalidArtifact/MalformedEncoding/2401@11 [pass]
(c) utf8-custom-section-id.wast:74 assert_malformed | before: instance [fail] | after: refused InvalidArtifact/MalformedEncoding/2401@11 [pass]
(c) utf8-custom-section-id.wast:75 assert_malformed | before: instance [fail] | after: refused InvalidArtifact/MalformedEncoding/2401@11 [pass]
(c) utf8-custom-section-id.wast:76 assert_malformed | before: instance [fail] | after: refused InvalidArtifact/MalformedEncoding/2401@11 [pass]
(c) utf8-custom-section-id.wast:77 assert_malformed | before: instance [fail] | after: refused InvalidArtifact/MalformedEncoding/2401@11 [pass]
(c) utf8-custom-section-id.wast:78 assert_malformed | before: instance [fail] | after: refused InvalidArtifact/MalformedEncoding/2401@11 [pass]
(c) utf8-custom-section-id.wast:79 assert_malformed | before: instance [fail] | after: refused InvalidArtifact/MalformedEncoding/2401@11 [pass]
(c) utf8-custom-section-id.wast:80 assert_malformed | before: instance [fail] | after: refused InvalidArtifact/MalformedEncoding/2401@11 [pass]
(c) utf8-custom-section-id.wast:81 assert_malformed | before: instance [fail] | after: refused InvalidArtifact/MalformedEncoding/2401@11 [pass]
(c) utf8-custom-section-id.wast:82 assert_malformed | before: instance [fail] | after: refused InvalidArtifact/MalformedEncoding/2401@11 [pass]
(c) utf8-custom-section-id.wast:83 assert_malformed | before: instance [fail] | after: refused InvalidArtifact/MalformedEncoding/2401@11 [pass]
(c) utf8-custom-section-id.wast:84 assert_malformed | before: instance [fail] | after: refused InvalidArtifact/MalformedEncoding/2401@11 [pass]
(c) utf8-custom-section-id.wast:85 assert_malformed | before: instance [fail] | after: refused InvalidArtifact/MalformedEncoding/2401@11 [pass]
(c) utf8-custom-section-id.wast:86 assert_malformed | before: instance [fail] | after: refused InvalidArtifact/MalformedEncoding/2401@11 [pass]
(c) utf8-custom-section-id.wast:87 assert_malformed | before: instance [fail] | after: refused InvalidArtifact/MalformedEncoding/2401@11 [pass]
(c) utf8-custom-section-id.wast:88 assert_malformed | before: instance [fail] | after: refused InvalidArtifact/MalformedEncoding/2401@11 [pass]
(c) utf8-custom-section-id.wast:89 assert_malformed | before: instance [fail] | after: refused InvalidArtifact/MalformedEncoding/2401@11 [pass]
(c) utf8-custom-section-id.wast:90 assert_malformed | before: instance [fail] | after: refused InvalidArtifact/MalformedEncoding/2401@11 [pass]
(c) utf8-custom-section-id.wast:91 assert_malformed | before: instance [fail] | after: refused InvalidArtifact/MalformedEncoding/2401@11 [pass]
(c) utf8-custom-section-id.wast:92 assert_malformed | before: instance [fail] | after: refused InvalidArtifact/MalformedEncoding/2401@11 [pass]
(c) utf8-custom-section-id.wast:93 assert_malformed | before: instance [fail] | after: refused InvalidArtifact/MalformedEncoding/2401@11 [pass]
(c) utf8-custom-section-id.wast:94 assert_malformed | before: instance [fail] | after: refused InvalidArtifact/MalformedEncoding/2401@11 [pass]
(c) utf8-custom-section-id.wast:95 assert_malformed | before: instance [fail] | after: refused InvalidArtifact/MalformedEncoding/2401@11 [pass]
(c) utf8-custom-section-id.wast:96 assert_malformed | before: instance [fail] | after: refused InvalidArtifact/MalformedEncoding/2401@11 [pass]
(c) utf8-custom-section-id.wast:97 assert_malformed | before: instance [fail] | after: refused InvalidArtifact/MalformedEncoding/2401@11 [pass]
(c) utf8-custom-section-id.wast:98 assert_malformed | before: instance [fail] | after: refused InvalidArtifact/MalformedEncoding/2401@11 [pass]
(c) utf8-custom-section-id.wast:99 assert_malformed | before: instance [fail] | after: refused InvalidArtifact/MalformedEncoding/2401@11 [pass]
(c) utf8-custom-section-id.wast:100 assert_malformed | before: instance [fail] | after: refused InvalidArtifact/MalformedEncoding/2401@11 [pass]
(c) utf8-custom-section-id.wast:101 assert_malformed | before: instance [fail] | after: refused InvalidArtifact/MalformedEncoding/2401@11 [pass]
(c) utf8-custom-section-id.wast:102 assert_malformed | before: instance [fail] | after: refused InvalidArtifact/MalformedEncoding/2401@11 [pass]
(c) utf8-custom-section-id.wast:103 assert_malformed | before: instance [fail] | after: refused InvalidArtifact/MalformedEncoding/2401@11 [pass]
(c) utf8-custom-section-id.wast:104 assert_malformed | before: instance [fail] | after: refused InvalidArtifact/MalformedEncoding/2401@11 [pass]
(c) utf8-custom-section-id.wast:105 assert_malformed | before: instance [fail] | after: refused InvalidArtifact/MalformedEncoding/2401@11 [pass]
(c) utf8-custom-section-id.wast:106 assert_malformed | before: instance [fail] | after: refused InvalidArtifact/MalformedEncoding/2401@11 [pass]
(c) utf8-custom-section-id.wast:107 assert_malformed | before: instance [fail] | after: refused InvalidArtifact/MalformedEncoding/2401@11 [pass]
(c) utf8-custom-section-id.wast:108 assert_malformed | before: instance [fail] | after: refused InvalidArtifact/MalformedEncoding/2401@11 [pass]
(c) utf8-custom-section-id.wast:109 assert_malformed | before: instance [fail] | after: refused InvalidArtifact/MalformedEncoding/2401@11 [pass]
(c) utf8-custom-section-id.wast:110 assert_malformed | before: instance [fail] | after: refused InvalidArtifact/MalformedEncoding/2401@11 [pass]
(c) utf8-custom-section-id.wast:111 assert_malformed | before: instance [fail] | after: refused InvalidArtifact/MalformedEncoding/2401@11 [pass]
(c) utf8-custom-section-id.wast:112 assert_malformed | before: instance [fail] | after: refused InvalidArtifact/MalformedEncoding/2401@11 [pass]
(c) utf8-custom-section-id.wast:113 assert_malformed | before: instance [fail] | after: refused InvalidArtifact/MalformedEncoding/2401@11 [pass]
(c) utf8-custom-section-id.wast:114 assert_malformed | before: instance [fail] | after: refused InvalidArtifact/MalformedEncoding/2401@11 [pass]
(c) utf8-custom-section-id.wast:115 assert_malformed | before: instance [fail] | after: refused InvalidArtifact/MalformedEncoding/2401@11 [pass]
(c) utf8-custom-section-id.wast:116 assert_malformed | before: instance [fail] | after: refused InvalidArtifact/MalformedEncoding/2401@11 [pass]
(c) utf8-custom-section-id.wast:117 assert_malformed | before: instance [fail] | after: refused InvalidArtifact/MalformedEncoding/2401@11 [pass]
(c) utf8-custom-section-id.wast:118 assert_malformed | before: instance [fail] | after: refused InvalidArtifact/MalformedEncoding/2401@11 [pass]
(c) utf8-custom-section-id.wast:119 assert_malformed | before: instance [fail] | after: refused InvalidArtifact/MalformedEncoding/2401@11 [pass]
(c) utf8-custom-section-id.wast:120 assert_malformed | before: instance [fail] | after: refused InvalidArtifact/MalformedEncoding/2401@11 [pass]
(c) utf8-custom-section-id.wast:121 assert_malformed | before: instance [fail] | after: refused InvalidArtifact/MalformedEncoding/2401@11 [pass]
(c) utf8-custom-section-id.wast:122 assert_malformed | before: instance [fail] | after: refused InvalidArtifact/MalformedEncoding/2401@11 [pass]
(c) utf8-custom-section-id.wast:123 assert_malformed | before: instance [fail] | after: refused InvalidArtifact/MalformedEncoding/2401@11 [pass]
(c) utf8-custom-section-id.wast:124 assert_malformed | before: instance [fail] | after: refused InvalidArtifact/MalformedEncoding/2401@11 [pass]
(c) utf8-custom-section-id.wast:125 assert_malformed | before: instance [fail] | after: refused InvalidArtifact/MalformedEncoding/2401@11 [pass]
(c) utf8-custom-section-id.wast:126 assert_malformed | before: instance [fail] | after: refused InvalidArtifact/MalformedEncoding/2401@11 [pass]
(c) utf8-custom-section-id.wast:127 assert_malformed | before: instance [fail] | after: refused InvalidArtifact/MalformedEncoding/2401@11 [pass]
(c) utf8-custom-section-id.wast:128 assert_malformed | before: instance [fail] | after: refused InvalidArtifact/MalformedEncoding/2401@11 [pass]
(c) utf8-custom-section-id.wast:129 assert_malformed | before: instance [fail] | after: refused InvalidArtifact/MalformedEncoding/2401@11 [pass]
(c) utf8-custom-section-id.wast:130 assert_malformed | before: instance [fail] | after: refused InvalidArtifact/MalformedEncoding/2401@11 [pass]
(c) utf8-custom-section-id.wast:131 assert_malformed | before: instance [fail] | after: refused InvalidArtifact/MalformedEncoding/2401@11 [pass]
(c) utf8-custom-section-id.wast:132 assert_malformed | before: instance [fail] | after: refused InvalidArtifact/MalformedEncoding/2401@11 [pass]
(c) utf8-custom-section-id.wast:133 assert_malformed | before: instance [fail] | after: refused InvalidArtifact/MalformedEncoding/2401@11 [pass]
(c) utf8-custom-section-id.wast:134 assert_malformed | before: instance [fail] | after: refused InvalidArtifact/MalformedEncoding/2401@11 [pass]
(c) utf8-custom-section-id.wast:135 assert_malformed | before: instance [fail] | after: refused InvalidArtifact/MalformedEncoding/2401@11 [pass]
(c) utf8-custom-section-id.wast:136 assert_malformed | before: instance [fail] | after: refused InvalidArtifact/MalformedEncoding/2401@11 [pass]
(c) utf8-custom-section-id.wast:137 assert_malformed | before: instance [fail] | after: refused InvalidArtifact/MalformedEncoding/2401@11 [pass]
(c) utf8-custom-section-id.wast:138 assert_malformed | before: instance [fail] | after: refused InvalidArtifact/MalformedEncoding/2401@11 [pass]
(c) utf8-custom-section-id.wast:139 assert_malformed | before: instance [fail] | after: refused InvalidArtifact/MalformedEncoding/2401@11 [pass]
(c) utf8-custom-section-id.wast:140 assert_malformed | before: instance [fail] | after: refused InvalidArtifact/MalformedEncoding/2401@11 [pass]
(c) utf8-custom-section-id.wast:141 assert_malformed | before: instance [fail] | after: refused InvalidArtifact/MalformedEncoding/2401@11 [pass]
(c) utf8-custom-section-id.wast:142 assert_malformed | before: instance [fail] | after: refused InvalidArtifact/MalformedEncoding/2401@11 [pass]
(c) utf8-custom-section-id.wast:143 assert_malformed | before: instance [fail] | after: refused InvalidArtifact/MalformedEncoding/2401@11 [pass]
(c) utf8-custom-section-id.wast:144 assert_malformed | before: instance [fail] | after: refused InvalidArtifact/MalformedEncoding/2401@11 [pass]
(c) utf8-custom-section-id.wast:145 assert_malformed | before: instance [fail] | after: refused InvalidArtifact/MalformedEncoding/2401@11 [pass]
(c) utf8-custom-section-id.wast:146 assert_malformed | before: instance [fail] | after: refused InvalidArtifact/MalformedEncoding/2401@11 [pass]
(c) utf8-custom-section-id.wast:147 assert_malformed | before: instance [fail] | after: refused InvalidArtifact/MalformedEncoding/2401@11 [pass]
(c) utf8-custom-section-id.wast:148 assert_malformed | before: instance [fail] | after: refused InvalidArtifact/MalformedEncoding/2401@11 [pass]
(c) utf8-custom-section-id.wast:149 assert_malformed | before: instance [fail] | after: refused InvalidArtifact/MalformedEncoding/2401@11 [pass]
(c) utf8-custom-section-id.wast:150 assert_malformed | before: instance [fail] | after: refused InvalidArtifact/MalformedEncoding/2401@11 [pass]
(c) utf8-custom-section-id.wast:151 assert_malformed | before: instance [fail] | after: refused InvalidArtifact/MalformedEncoding/2401@11 [pass]
(c) utf8-custom-section-id.wast:152 assert_malformed | before: instance [fail] | after: refused InvalidArtifact/MalformedEncoding/2401@11 [pass]
(c) utf8-custom-section-id.wast:153 assert_malformed | before: instance [fail] | after: refused InvalidArtifact/MalformedEncoding/2401@11 [pass]
(c) utf8-custom-section-id.wast:154 assert_malformed | before: instance [fail] | after: refused InvalidArtifact/MalformedEncoding/2401@11 [pass]
(c) utf8-custom-section-id.wast:155 assert_malformed | before: instance [fail] | after: refused InvalidArtifact/MalformedEncoding/2401@11 [pass]
(c) utf8-custom-section-id.wast:156 assert_malformed | before: instance [fail] | after: refused InvalidArtifact/MalformedEncoding/2401@11 [pass]
(c) utf8-custom-section-id.wast:157 assert_malformed | before: instance [fail] | after: refused InvalidArtifact/MalformedEncoding/2401@11 [pass]
(c) utf8-custom-section-id.wast:158 assert_malformed | before: instance [fail] | after: refused InvalidArtifact/MalformedEncoding/2401@11 [pass]
(c) utf8-custom-section-id.wast:159 assert_malformed | before: instance [fail] | after: refused InvalidArtifact/MalformedEncoding/2401@11 [pass]
(c) utf8-custom-section-id.wast:160 assert_malformed | before: instance [fail] | after: refused InvalidArtifact/MalformedEncoding/2401@11 [pass]
(c) utf8-custom-section-id.wast:161 assert_malformed | before: instance [fail] | after: refused InvalidArtifact/MalformedEncoding/2401@11 [pass]
(c) utf8-custom-section-id.wast:162 assert_malformed | before: instance [fail] | after: refused InvalidArtifact/MalformedEncoding/2401@11 [pass]
(c) utf8-custom-section-id.wast:163 assert_malformed | before: instance [fail] | after: refused InvalidArtifact/MalformedEncoding/2401@11 [pass]
(c) utf8-custom-section-id.wast:164 assert_malformed | before: instance [fail] | after: refused InvalidArtifact/MalformedEncoding/2401@11 [pass]
(c) utf8-custom-section-id.wast:165 assert_malformed | before: instance [fail] | after: refused InvalidArtifact/MalformedEncoding/2401@11 [pass]
(c) utf8-custom-section-id.wast:166 assert_malformed | before: instance [fail] | after: refused InvalidArtifact/MalformedEncoding/2401@11 [pass]
(c) utf8-custom-section-id.wast:167 assert_malformed | before: instance [fail] | after: refused InvalidArtifact/MalformedEncoding/2401@11 [pass]
(c) utf8-custom-section-id.wast:168 assert_malformed | before: instance [fail] | after: refused InvalidArtifact/MalformedEncoding/2401@11 [pass]
(c) utf8-custom-section-id.wast:169 assert_malformed | before: instance [fail] | after: refused InvalidArtifact/MalformedEncoding/2401@11 [pass]
(c) utf8-custom-section-id.wast:170 assert_malformed | before: instance [fail] | after: refused InvalidArtifact/MalformedEncoding/2401@11 [pass]
(c) utf8-custom-section-id.wast:171 assert_malformed | before: instance [fail] | after: refused InvalidArtifact/MalformedEncoding/2401@11 [pass]
(c) utf8-custom-section-id.wast:172 assert_malformed | before: instance [fail] | after: refused InvalidArtifact/MalformedEncoding/2401@11 [pass]
(c) utf8-custom-section-id.wast:173 assert_malformed | before: instance [fail] | after: refused InvalidArtifact/MalformedEncoding/2401@11 [pass]
(c) utf8-custom-section-id.wast:174 assert_malformed | before: instance [fail] | after: refused InvalidArtifact/MalformedEncoding/2401@11 [pass]
(c) utf8-custom-section-id.wast:175 assert_malformed | before: instance [fail] | after: refused InvalidArtifact/MalformedEncoding/2401@11 [pass]
(c) utf8-custom-section-id.wast:176 assert_malformed | before: instance [fail] | after: refused InvalidArtifact/MalformedEncoding/2401@11 [pass]
(i) utf8-import-field.wast:1 assert_malformed | before: refused InvalidArtifact/UnknownFeature/2403@11 [pass] | after: refused InvalidArtifact/MalformedEncoding/2401@12 [pass]
(i) utf8-import-field.wast:2 assert_malformed | before: refused InvalidArtifact/UnknownFeature/2403@11 [pass] | after: refused InvalidArtifact/MalformedEncoding/2401@12 [pass]
(i) utf8-import-field.wast:3 assert_malformed | before: refused InvalidArtifact/UnknownFeature/2403@11 [pass] | after: refused InvalidArtifact/MalformedEncoding/2401@12 [pass]
(i) utf8-import-field.wast:4 assert_malformed | before: refused InvalidArtifact/UnknownFeature/2403@11 [pass] | after: refused InvalidArtifact/MalformedEncoding/2401@12 [pass]
(i) utf8-import-field.wast:5 assert_malformed | before: refused InvalidArtifact/UnknownFeature/2403@11 [pass] | after: refused InvalidArtifact/MalformedEncoding/2401@12 [pass]
(i) utf8-import-field.wast:6 assert_malformed | before: refused InvalidArtifact/UnknownFeature/2403@11 [pass] | after: refused InvalidArtifact/MalformedEncoding/2401@12 [pass]
(i) utf8-import-field.wast:7 assert_malformed | before: refused InvalidArtifact/UnknownFeature/2403@11 [pass] | after: refused InvalidArtifact/MalformedEncoding/2401@12 [pass]
(i) utf8-import-field.wast:8 assert_malformed | before: refused InvalidArtifact/UnknownFeature/2403@11 [pass] | after: refused InvalidArtifact/MalformedEncoding/2401@12 [pass]
(i) utf8-import-field.wast:9 assert_malformed | before: refused InvalidArtifact/UnknownFeature/2403@11 [pass] | after: refused InvalidArtifact/MalformedEncoding/2401@12 [pass]
(i) utf8-import-field.wast:10 assert_malformed | before: refused InvalidArtifact/UnknownFeature/2403@11 [pass] | after: refused InvalidArtifact/MalformedEncoding/2401@12 [pass]
(i) utf8-import-field.wast:11 assert_malformed | before: refused InvalidArtifact/UnknownFeature/2403@11 [pass] | after: refused InvalidArtifact/MalformedEncoding/2401@12 [pass]
(i) utf8-import-field.wast:12 assert_malformed | before: refused InvalidArtifact/UnknownFeature/2403@11 [pass] | after: refused InvalidArtifact/MalformedEncoding/2401@12 [pass]
(i) utf8-import-field.wast:13 assert_malformed | before: refused InvalidArtifact/UnknownFeature/2403@11 [pass] | after: refused InvalidArtifact/MalformedEncoding/2401@12 [pass]
(i) utf8-import-field.wast:14 assert_malformed | before: refused InvalidArtifact/UnknownFeature/2403@11 [pass] | after: refused InvalidArtifact/MalformedEncoding/2401@12 [pass]
(i) utf8-import-field.wast:15 assert_malformed | before: refused InvalidArtifact/UnknownFeature/2403@11 [pass] | after: refused InvalidArtifact/MalformedEncoding/2401@12 [pass]
(i) utf8-import-field.wast:16 assert_malformed | before: refused InvalidArtifact/UnknownFeature/2403@11 [pass] | after: refused InvalidArtifact/MalformedEncoding/2401@12 [pass]
(i) utf8-import-field.wast:17 assert_malformed | before: refused InvalidArtifact/UnknownFeature/2403@11 [pass] | after: refused InvalidArtifact/MalformedEncoding/2401@12 [pass]
(i) utf8-import-field.wast:18 assert_malformed | before: refused InvalidArtifact/UnknownFeature/2403@11 [pass] | after: refused InvalidArtifact/MalformedEncoding/2401@12 [pass]
(i) utf8-import-field.wast:19 assert_malformed | before: refused InvalidArtifact/UnknownFeature/2403@11 [pass] | after: refused InvalidArtifact/MalformedEncoding/2401@12 [pass]
(i) utf8-import-field.wast:20 assert_malformed | before: refused InvalidArtifact/UnknownFeature/2403@11 [pass] | after: refused InvalidArtifact/MalformedEncoding/2401@12 [pass]
(i) utf8-import-field.wast:21 assert_malformed | before: refused InvalidArtifact/UnknownFeature/2403@11 [pass] | after: refused InvalidArtifact/MalformedEncoding/2401@12 [pass]
(i) utf8-import-field.wast:22 assert_malformed | before: refused InvalidArtifact/UnknownFeature/2403@11 [pass] | after: refused InvalidArtifact/MalformedEncoding/2401@12 [pass]
(i) utf8-import-field.wast:23 assert_malformed | before: refused InvalidArtifact/UnknownFeature/2403@11 [pass] | after: refused InvalidArtifact/MalformedEncoding/2401@12 [pass]
(i) utf8-import-field.wast:24 assert_malformed | before: refused InvalidArtifact/UnknownFeature/2403@11 [pass] | after: refused InvalidArtifact/MalformedEncoding/2401@12 [pass]
(i) utf8-import-field.wast:25 assert_malformed | before: refused InvalidArtifact/UnknownFeature/2403@11 [pass] | after: refused InvalidArtifact/MalformedEncoding/2401@12 [pass]
(i) utf8-import-field.wast:26 assert_malformed | before: refused InvalidArtifact/UnknownFeature/2403@11 [pass] | after: refused InvalidArtifact/MalformedEncoding/2401@12 [pass]
(i) utf8-import-field.wast:27 assert_malformed | before: refused InvalidArtifact/UnknownFeature/2403@11 [pass] | after: refused InvalidArtifact/MalformedEncoding/2401@12 [pass]
(i) utf8-import-field.wast:28 assert_malformed | before: refused InvalidArtifact/UnknownFeature/2403@11 [pass] | after: refused InvalidArtifact/MalformedEncoding/2401@12 [pass]
(i) utf8-import-field.wast:29 assert_malformed | before: refused InvalidArtifact/UnknownFeature/2403@11 [pass] | after: refused InvalidArtifact/MalformedEncoding/2401@12 [pass]
(i) utf8-import-field.wast:30 assert_malformed | before: refused InvalidArtifact/UnknownFeature/2403@11 [pass] | after: refused InvalidArtifact/MalformedEncoding/2401@12 [pass]
(i) utf8-import-field.wast:31 assert_malformed | before: refused InvalidArtifact/UnknownFeature/2403@11 [pass] | after: refused InvalidArtifact/MalformedEncoding/2401@12 [pass]
(i) utf8-import-field.wast:32 assert_malformed | before: refused InvalidArtifact/UnknownFeature/2403@11 [pass] | after: refused InvalidArtifact/MalformedEncoding/2401@12 [pass]
(i) utf8-import-field.wast:33 assert_malformed | before: refused InvalidArtifact/UnknownFeature/2403@11 [pass] | after: refused InvalidArtifact/MalformedEncoding/2401@12 [pass]
(i) utf8-import-field.wast:34 assert_malformed | before: refused InvalidArtifact/UnknownFeature/2403@11 [pass] | after: refused InvalidArtifact/MalformedEncoding/2401@12 [pass]
(i) utf8-import-field.wast:35 assert_malformed | before: refused InvalidArtifact/UnknownFeature/2403@11 [pass] | after: refused InvalidArtifact/MalformedEncoding/2401@12 [pass]
(i) utf8-import-field.wast:36 assert_malformed | before: refused InvalidArtifact/UnknownFeature/2403@11 [pass] | after: refused InvalidArtifact/MalformedEncoding/2401@12 [pass]
(i) utf8-import-field.wast:37 assert_malformed | before: refused InvalidArtifact/UnknownFeature/2403@11 [pass] | after: refused InvalidArtifact/MalformedEncoding/2401@12 [pass]
(i) utf8-import-field.wast:38 assert_malformed | before: refused InvalidArtifact/UnknownFeature/2403@11 [pass] | after: refused InvalidArtifact/MalformedEncoding/2401@12 [pass]
(i) utf8-import-field.wast:39 assert_malformed | before: refused InvalidArtifact/UnknownFeature/2403@11 [pass] | after: refused InvalidArtifact/MalformedEncoding/2401@12 [pass]
(i) utf8-import-field.wast:40 assert_malformed | before: refused InvalidArtifact/UnknownFeature/2403@11 [pass] | after: refused InvalidArtifact/MalformedEncoding/2401@12 [pass]
(i) utf8-import-field.wast:41 assert_malformed | before: refused InvalidArtifact/UnknownFeature/2403@11 [pass] | after: refused InvalidArtifact/MalformedEncoding/2401@12 [pass]
(i) utf8-import-field.wast:42 assert_malformed | before: refused InvalidArtifact/UnknownFeature/2403@11 [pass] | after: refused InvalidArtifact/MalformedEncoding/2401@12 [pass]
(i) utf8-import-field.wast:43 assert_malformed | before: refused InvalidArtifact/UnknownFeature/2403@11 [pass] | after: refused InvalidArtifact/MalformedEncoding/2401@12 [pass]
(i) utf8-import-field.wast:44 assert_malformed | before: refused InvalidArtifact/UnknownFeature/2403@11 [pass] | after: refused InvalidArtifact/MalformedEncoding/2401@12 [pass]
(i) utf8-import-field.wast:45 assert_malformed | before: refused InvalidArtifact/UnknownFeature/2403@11 [pass] | after: refused InvalidArtifact/MalformedEncoding/2401@12 [pass]
(i) utf8-import-field.wast:46 assert_malformed | before: refused InvalidArtifact/UnknownFeature/2403@11 [pass] | after: refused InvalidArtifact/MalformedEncoding/2401@12 [pass]
(i) utf8-import-field.wast:47 assert_malformed | before: refused InvalidArtifact/UnknownFeature/2403@11 [pass] | after: refused InvalidArtifact/MalformedEncoding/2401@12 [pass]
(i) utf8-import-field.wast:48 assert_malformed | before: refused InvalidArtifact/UnknownFeature/2403@11 [pass] | after: refused InvalidArtifact/MalformedEncoding/2401@12 [pass]
(i) utf8-import-field.wast:49 assert_malformed | before: refused InvalidArtifact/UnknownFeature/2403@11 [pass] | after: refused InvalidArtifact/MalformedEncoding/2401@12 [pass]
(i) utf8-import-field.wast:50 assert_malformed | before: refused InvalidArtifact/UnknownFeature/2403@11 [pass] | after: refused InvalidArtifact/MalformedEncoding/2401@12 [pass]
(i) utf8-import-field.wast:51 assert_malformed | before: refused InvalidArtifact/UnknownFeature/2403@11 [pass] | after: refused InvalidArtifact/MalformedEncoding/2401@12 [pass]
(i) utf8-import-field.wast:52 assert_malformed | before: refused InvalidArtifact/UnknownFeature/2403@11 [pass] | after: refused InvalidArtifact/MalformedEncoding/2401@12 [pass]
(i) utf8-import-field.wast:53 assert_malformed | before: refused InvalidArtifact/UnknownFeature/2403@11 [pass] | after: refused InvalidArtifact/MalformedEncoding/2401@12 [pass]
(i) utf8-import-field.wast:54 assert_malformed | before: refused InvalidArtifact/UnknownFeature/2403@11 [pass] | after: refused InvalidArtifact/MalformedEncoding/2401@12 [pass]
(i) utf8-import-field.wast:55 assert_malformed | before: refused InvalidArtifact/UnknownFeature/2403@11 [pass] | after: refused InvalidArtifact/MalformedEncoding/2401@12 [pass]
(i) utf8-import-field.wast:56 assert_malformed | before: refused InvalidArtifact/UnknownFeature/2403@11 [pass] | after: refused InvalidArtifact/MalformedEncoding/2401@12 [pass]
(i) utf8-import-field.wast:57 assert_malformed | before: refused InvalidArtifact/UnknownFeature/2403@11 [pass] | after: refused InvalidArtifact/MalformedEncoding/2401@12 [pass]
(i) utf8-import-field.wast:58 assert_malformed | before: refused InvalidArtifact/UnknownFeature/2403@11 [pass] | after: refused InvalidArtifact/MalformedEncoding/2401@12 [pass]
(i) utf8-import-field.wast:59 assert_malformed | before: refused InvalidArtifact/UnknownFeature/2403@11 [pass] | after: refused InvalidArtifact/MalformedEncoding/2401@12 [pass]
(i) utf8-import-field.wast:60 assert_malformed | before: refused InvalidArtifact/UnknownFeature/2403@11 [pass] | after: refused InvalidArtifact/MalformedEncoding/2401@12 [pass]
(i) utf8-import-field.wast:61 assert_malformed | before: refused InvalidArtifact/UnknownFeature/2403@11 [pass] | after: refused InvalidArtifact/MalformedEncoding/2401@12 [pass]
(i) utf8-import-field.wast:62 assert_malformed | before: refused InvalidArtifact/UnknownFeature/2403@11 [pass] | after: refused InvalidArtifact/MalformedEncoding/2401@12 [pass]
(i) utf8-import-field.wast:63 assert_malformed | before: refused InvalidArtifact/UnknownFeature/2403@11 [pass] | after: refused InvalidArtifact/MalformedEncoding/2401@12 [pass]
(i) utf8-import-field.wast:64 assert_malformed | before: refused InvalidArtifact/UnknownFeature/2403@11 [pass] | after: refused InvalidArtifact/MalformedEncoding/2401@12 [pass]
(i) utf8-import-field.wast:65 assert_malformed | before: refused InvalidArtifact/UnknownFeature/2403@11 [pass] | after: refused InvalidArtifact/MalformedEncoding/2401@12 [pass]
(i) utf8-import-field.wast:66 assert_malformed | before: refused InvalidArtifact/UnknownFeature/2403@11 [pass] | after: refused InvalidArtifact/MalformedEncoding/2401@12 [pass]
(i) utf8-import-field.wast:67 assert_malformed | before: refused InvalidArtifact/UnknownFeature/2403@11 [pass] | after: refused InvalidArtifact/MalformedEncoding/2401@12 [pass]
(i) utf8-import-field.wast:68 assert_malformed | before: refused InvalidArtifact/UnknownFeature/2403@11 [pass] | after: refused InvalidArtifact/MalformedEncoding/2401@12 [pass]
(i) utf8-import-field.wast:69 assert_malformed | before: refused InvalidArtifact/UnknownFeature/2403@11 [pass] | after: refused InvalidArtifact/MalformedEncoding/2401@12 [pass]
(i) utf8-import-field.wast:70 assert_malformed | before: refused InvalidArtifact/UnknownFeature/2403@11 [pass] | after: refused InvalidArtifact/MalformedEncoding/2401@12 [pass]
(i) utf8-import-field.wast:71 assert_malformed | before: refused InvalidArtifact/UnknownFeature/2403@11 [pass] | after: refused InvalidArtifact/MalformedEncoding/2401@12 [pass]
(i) utf8-import-field.wast:72 assert_malformed | before: refused InvalidArtifact/UnknownFeature/2403@11 [pass] | after: refused InvalidArtifact/MalformedEncoding/2401@12 [pass]
(i) utf8-import-field.wast:73 assert_malformed | before: refused InvalidArtifact/UnknownFeature/2403@11 [pass] | after: refused InvalidArtifact/MalformedEncoding/2401@12 [pass]
(i) utf8-import-field.wast:74 assert_malformed | before: refused InvalidArtifact/UnknownFeature/2403@11 [pass] | after: refused InvalidArtifact/MalformedEncoding/2401@12 [pass]
(i) utf8-import-field.wast:75 assert_malformed | before: refused InvalidArtifact/UnknownFeature/2403@11 [pass] | after: refused InvalidArtifact/MalformedEncoding/2401@12 [pass]
(i) utf8-import-field.wast:76 assert_malformed | before: refused InvalidArtifact/UnknownFeature/2403@11 [pass] | after: refused InvalidArtifact/MalformedEncoding/2401@12 [pass]
(i) utf8-import-field.wast:77 assert_malformed | before: refused InvalidArtifact/UnknownFeature/2403@11 [pass] | after: refused InvalidArtifact/MalformedEncoding/2401@12 [pass]
(i) utf8-import-field.wast:78 assert_malformed | before: refused InvalidArtifact/UnknownFeature/2403@11 [pass] | after: refused InvalidArtifact/MalformedEncoding/2401@12 [pass]
(i) utf8-import-field.wast:79 assert_malformed | before: refused InvalidArtifact/UnknownFeature/2403@11 [pass] | after: refused InvalidArtifact/MalformedEncoding/2401@12 [pass]
(i) utf8-import-field.wast:80 assert_malformed | before: refused InvalidArtifact/UnknownFeature/2403@11 [pass] | after: refused InvalidArtifact/MalformedEncoding/2401@12 [pass]
(i) utf8-import-field.wast:81 assert_malformed | before: refused InvalidArtifact/UnknownFeature/2403@11 [pass] | after: refused InvalidArtifact/MalformedEncoding/2401@12 [pass]
(i) utf8-import-field.wast:82 assert_malformed | before: refused InvalidArtifact/UnknownFeature/2403@11 [pass] | after: refused InvalidArtifact/MalformedEncoding/2401@12 [pass]
(i) utf8-import-field.wast:83 assert_malformed | before: refused InvalidArtifact/UnknownFeature/2403@11 [pass] | after: refused InvalidArtifact/MalformedEncoding/2401@12 [pass]
(i) utf8-import-field.wast:84 assert_malformed | before: refused InvalidArtifact/UnknownFeature/2403@11 [pass] | after: refused InvalidArtifact/MalformedEncoding/2401@12 [pass]
(i) utf8-import-field.wast:85 assert_malformed | before: refused InvalidArtifact/UnknownFeature/2403@11 [pass] | after: refused InvalidArtifact/MalformedEncoding/2401@12 [pass]
(i) utf8-import-field.wast:86 assert_malformed | before: refused InvalidArtifact/UnknownFeature/2403@11 [pass] | after: refused InvalidArtifact/MalformedEncoding/2401@12 [pass]
(i) utf8-import-field.wast:87 assert_malformed | before: refused InvalidArtifact/UnknownFeature/2403@11 [pass] | after: refused InvalidArtifact/MalformedEncoding/2401@12 [pass]
(i) utf8-import-field.wast:88 assert_malformed | before: refused InvalidArtifact/UnknownFeature/2403@11 [pass] | after: refused InvalidArtifact/MalformedEncoding/2401@12 [pass]
(i) utf8-import-field.wast:89 assert_malformed | before: refused InvalidArtifact/UnknownFeature/2403@11 [pass] | after: refused InvalidArtifact/MalformedEncoding/2401@12 [pass]
(i) utf8-import-field.wast:90 assert_malformed | before: refused InvalidArtifact/UnknownFeature/2403@11 [pass] | after: refused InvalidArtifact/MalformedEncoding/2401@12 [pass]
(i) utf8-import-field.wast:91 assert_malformed | before: refused InvalidArtifact/UnknownFeature/2403@11 [pass] | after: refused InvalidArtifact/MalformedEncoding/2401@12 [pass]
(i) utf8-import-field.wast:92 assert_malformed | before: refused InvalidArtifact/UnknownFeature/2403@11 [pass] | after: refused InvalidArtifact/MalformedEncoding/2401@12 [pass]
(i) utf8-import-field.wast:93 assert_malformed | before: refused InvalidArtifact/UnknownFeature/2403@11 [pass] | after: refused InvalidArtifact/MalformedEncoding/2401@12 [pass]
(i) utf8-import-field.wast:94 assert_malformed | before: refused InvalidArtifact/UnknownFeature/2403@11 [pass] | after: refused InvalidArtifact/MalformedEncoding/2401@12 [pass]
(i) utf8-import-field.wast:95 assert_malformed | before: refused InvalidArtifact/UnknownFeature/2403@11 [pass] | after: refused InvalidArtifact/MalformedEncoding/2401@12 [pass]
(i) utf8-import-field.wast:96 assert_malformed | before: refused InvalidArtifact/UnknownFeature/2403@11 [pass] | after: refused InvalidArtifact/MalformedEncoding/2401@12 [pass]
(i) utf8-import-field.wast:97 assert_malformed | before: refused InvalidArtifact/UnknownFeature/2403@11 [pass] | after: refused InvalidArtifact/MalformedEncoding/2401@12 [pass]
(i) utf8-import-field.wast:98 assert_malformed | before: refused InvalidArtifact/UnknownFeature/2403@11 [pass] | after: refused InvalidArtifact/MalformedEncoding/2401@12 [pass]
(i) utf8-import-field.wast:99 assert_malformed | before: refused InvalidArtifact/UnknownFeature/2403@11 [pass] | after: refused InvalidArtifact/MalformedEncoding/2401@12 [pass]
(i) utf8-import-field.wast:100 assert_malformed | before: refused InvalidArtifact/UnknownFeature/2403@11 [pass] | after: refused InvalidArtifact/MalformedEncoding/2401@12 [pass]
(i) utf8-import-field.wast:101 assert_malformed | before: refused InvalidArtifact/UnknownFeature/2403@11 [pass] | after: refused InvalidArtifact/MalformedEncoding/2401@12 [pass]
(i) utf8-import-field.wast:102 assert_malformed | before: refused InvalidArtifact/UnknownFeature/2403@11 [pass] | after: refused InvalidArtifact/MalformedEncoding/2401@12 [pass]
(i) utf8-import-field.wast:103 assert_malformed | before: refused InvalidArtifact/UnknownFeature/2403@11 [pass] | after: refused InvalidArtifact/MalformedEncoding/2401@12 [pass]
(i) utf8-import-field.wast:104 assert_malformed | before: refused InvalidArtifact/UnknownFeature/2403@11 [pass] | after: refused InvalidArtifact/MalformedEncoding/2401@12 [pass]
(i) utf8-import-field.wast:105 assert_malformed | before: refused InvalidArtifact/UnknownFeature/2403@11 [pass] | after: refused InvalidArtifact/MalformedEncoding/2401@12 [pass]
(i) utf8-import-field.wast:106 assert_malformed | before: refused InvalidArtifact/UnknownFeature/2403@11 [pass] | after: refused InvalidArtifact/MalformedEncoding/2401@12 [pass]
(i) utf8-import-field.wast:107 assert_malformed | before: refused InvalidArtifact/UnknownFeature/2403@11 [pass] | after: refused InvalidArtifact/MalformedEncoding/2401@12 [pass]
(i) utf8-import-field.wast:108 assert_malformed | before: refused InvalidArtifact/UnknownFeature/2403@11 [pass] | after: refused InvalidArtifact/MalformedEncoding/2401@12 [pass]
(i) utf8-import-field.wast:109 assert_malformed | before: refused InvalidArtifact/UnknownFeature/2403@11 [pass] | after: refused InvalidArtifact/MalformedEncoding/2401@12 [pass]
(i) utf8-import-field.wast:110 assert_malformed | before: refused InvalidArtifact/UnknownFeature/2403@11 [pass] | after: refused InvalidArtifact/MalformedEncoding/2401@12 [pass]
(i) utf8-import-field.wast:111 assert_malformed | before: refused InvalidArtifact/UnknownFeature/2403@11 [pass] | after: refused InvalidArtifact/MalformedEncoding/2401@12 [pass]
(i) utf8-import-field.wast:112 assert_malformed | before: refused InvalidArtifact/UnknownFeature/2403@11 [pass] | after: refused InvalidArtifact/MalformedEncoding/2401@12 [pass]
(i) utf8-import-field.wast:113 assert_malformed | before: refused InvalidArtifact/UnknownFeature/2403@11 [pass] | after: refused InvalidArtifact/MalformedEncoding/2401@12 [pass]
(i) utf8-import-field.wast:114 assert_malformed | before: refused InvalidArtifact/UnknownFeature/2403@11 [pass] | after: refused InvalidArtifact/MalformedEncoding/2401@12 [pass]
(i) utf8-import-field.wast:115 assert_malformed | before: refused InvalidArtifact/UnknownFeature/2403@11 [pass] | after: refused InvalidArtifact/MalformedEncoding/2401@12 [pass]
(i) utf8-import-field.wast:116 assert_malformed | before: refused InvalidArtifact/UnknownFeature/2403@11 [pass] | after: refused InvalidArtifact/MalformedEncoding/2401@12 [pass]
(i) utf8-import-field.wast:117 assert_malformed | before: refused InvalidArtifact/UnknownFeature/2403@11 [pass] | after: refused InvalidArtifact/MalformedEncoding/2401@12 [pass]
(i) utf8-import-field.wast:118 assert_malformed | before: refused InvalidArtifact/UnknownFeature/2403@11 [pass] | after: refused InvalidArtifact/MalformedEncoding/2401@12 [pass]
(i) utf8-import-field.wast:119 assert_malformed | before: refused InvalidArtifact/UnknownFeature/2403@11 [pass] | after: refused InvalidArtifact/MalformedEncoding/2401@12 [pass]
(i) utf8-import-field.wast:120 assert_malformed | before: refused InvalidArtifact/UnknownFeature/2403@11 [pass] | after: refused InvalidArtifact/MalformedEncoding/2401@12 [pass]
(i) utf8-import-field.wast:121 assert_malformed | before: refused InvalidArtifact/UnknownFeature/2403@11 [pass] | after: refused InvalidArtifact/MalformedEncoding/2401@12 [pass]
(i) utf8-import-field.wast:122 assert_malformed | before: refused InvalidArtifact/UnknownFeature/2403@11 [pass] | after: refused InvalidArtifact/MalformedEncoding/2401@12 [pass]
(i) utf8-import-field.wast:123 assert_malformed | before: refused InvalidArtifact/UnknownFeature/2403@11 [pass] | after: refused InvalidArtifact/MalformedEncoding/2401@12 [pass]
(i) utf8-import-field.wast:124 assert_malformed | before: refused InvalidArtifact/UnknownFeature/2403@11 [pass] | after: refused InvalidArtifact/MalformedEncoding/2401@12 [pass]
(i) utf8-import-field.wast:125 assert_malformed | before: refused InvalidArtifact/UnknownFeature/2403@11 [pass] | after: refused InvalidArtifact/MalformedEncoding/2401@12 [pass]
(i) utf8-import-field.wast:126 assert_malformed | before: refused InvalidArtifact/UnknownFeature/2403@11 [pass] | after: refused InvalidArtifact/MalformedEncoding/2401@12 [pass]
(i) utf8-import-field.wast:127 assert_malformed | before: refused InvalidArtifact/UnknownFeature/2403@11 [pass] | after: refused InvalidArtifact/MalformedEncoding/2401@12 [pass]
(i) utf8-import-field.wast:128 assert_malformed | before: refused InvalidArtifact/UnknownFeature/2403@11 [pass] | after: refused InvalidArtifact/MalformedEncoding/2401@12 [pass]
(i) utf8-import-field.wast:129 assert_malformed | before: refused InvalidArtifact/UnknownFeature/2403@11 [pass] | after: refused InvalidArtifact/MalformedEncoding/2401@12 [pass]
(i) utf8-import-field.wast:130 assert_malformed | before: refused InvalidArtifact/UnknownFeature/2403@11 [pass] | after: refused InvalidArtifact/MalformedEncoding/2401@12 [pass]
(i) utf8-import-field.wast:131 assert_malformed | before: refused InvalidArtifact/UnknownFeature/2403@11 [pass] | after: refused InvalidArtifact/MalformedEncoding/2401@12 [pass]
(i) utf8-import-field.wast:132 assert_malformed | before: refused InvalidArtifact/UnknownFeature/2403@11 [pass] | after: refused InvalidArtifact/MalformedEncoding/2401@12 [pass]
(i) utf8-import-field.wast:133 assert_malformed | before: refused InvalidArtifact/UnknownFeature/2403@11 [pass] | after: refused InvalidArtifact/MalformedEncoding/2401@12 [pass]
(i) utf8-import-field.wast:134 assert_malformed | before: refused InvalidArtifact/UnknownFeature/2403@11 [pass] | after: refused InvalidArtifact/MalformedEncoding/2401@12 [pass]
(i) utf8-import-field.wast:135 assert_malformed | before: refused InvalidArtifact/UnknownFeature/2403@11 [pass] | after: refused InvalidArtifact/MalformedEncoding/2401@12 [pass]
(i) utf8-import-field.wast:136 assert_malformed | before: refused InvalidArtifact/UnknownFeature/2403@11 [pass] | after: refused InvalidArtifact/MalformedEncoding/2401@12 [pass]
(i) utf8-import-field.wast:137 assert_malformed | before: refused InvalidArtifact/UnknownFeature/2403@11 [pass] | after: refused InvalidArtifact/MalformedEncoding/2401@12 [pass]
(i) utf8-import-field.wast:138 assert_malformed | before: refused InvalidArtifact/UnknownFeature/2403@11 [pass] | after: refused InvalidArtifact/MalformedEncoding/2401@12 [pass]
(i) utf8-import-field.wast:139 assert_malformed | before: refused InvalidArtifact/UnknownFeature/2403@11 [pass] | after: refused InvalidArtifact/MalformedEncoding/2401@12 [pass]
(i) utf8-import-field.wast:140 assert_malformed | before: refused InvalidArtifact/UnknownFeature/2403@11 [pass] | after: refused InvalidArtifact/MalformedEncoding/2401@12 [pass]
(i) utf8-import-field.wast:141 assert_malformed | before: refused InvalidArtifact/UnknownFeature/2403@11 [pass] | after: refused InvalidArtifact/MalformedEncoding/2401@12 [pass]
(i) utf8-import-field.wast:142 assert_malformed | before: refused InvalidArtifact/UnknownFeature/2403@11 [pass] | after: refused InvalidArtifact/MalformedEncoding/2401@12 [pass]
(i) utf8-import-field.wast:143 assert_malformed | before: refused InvalidArtifact/UnknownFeature/2403@11 [pass] | after: refused InvalidArtifact/MalformedEncoding/2401@12 [pass]
(i) utf8-import-field.wast:144 assert_malformed | before: refused InvalidArtifact/UnknownFeature/2403@11 [pass] | after: refused InvalidArtifact/MalformedEncoding/2401@12 [pass]
(i) utf8-import-field.wast:145 assert_malformed | before: refused InvalidArtifact/UnknownFeature/2403@11 [pass] | after: refused InvalidArtifact/MalformedEncoding/2401@12 [pass]
(i) utf8-import-field.wast:146 assert_malformed | before: refused InvalidArtifact/UnknownFeature/2403@11 [pass] | after: refused InvalidArtifact/MalformedEncoding/2401@12 [pass]
(i) utf8-import-field.wast:147 assert_malformed | before: refused InvalidArtifact/UnknownFeature/2403@11 [pass] | after: refused InvalidArtifact/MalformedEncoding/2401@12 [pass]
(i) utf8-import-field.wast:148 assert_malformed | before: refused InvalidArtifact/UnknownFeature/2403@11 [pass] | after: refused InvalidArtifact/MalformedEncoding/2401@12 [pass]
(i) utf8-import-field.wast:149 assert_malformed | before: refused InvalidArtifact/UnknownFeature/2403@11 [pass] | after: refused InvalidArtifact/MalformedEncoding/2401@12 [pass]
(i) utf8-import-field.wast:150 assert_malformed | before: refused InvalidArtifact/UnknownFeature/2403@11 [pass] | after: refused InvalidArtifact/MalformedEncoding/2401@12 [pass]
(i) utf8-import-field.wast:151 assert_malformed | before: refused InvalidArtifact/UnknownFeature/2403@11 [pass] | after: refused InvalidArtifact/MalformedEncoding/2401@12 [pass]
(i) utf8-import-field.wast:152 assert_malformed | before: refused InvalidArtifact/UnknownFeature/2403@11 [pass] | after: refused InvalidArtifact/MalformedEncoding/2401@12 [pass]
(i) utf8-import-field.wast:153 assert_malformed | before: refused InvalidArtifact/UnknownFeature/2403@11 [pass] | after: refused InvalidArtifact/MalformedEncoding/2401@12 [pass]
(i) utf8-import-field.wast:154 assert_malformed | before: refused InvalidArtifact/UnknownFeature/2403@11 [pass] | after: refused InvalidArtifact/MalformedEncoding/2401@12 [pass]
(i) utf8-import-field.wast:155 assert_malformed | before: refused InvalidArtifact/UnknownFeature/2403@11 [pass] | after: refused InvalidArtifact/MalformedEncoding/2401@12 [pass]
(i) utf8-import-field.wast:156 assert_malformed | before: refused InvalidArtifact/UnknownFeature/2403@11 [pass] | after: refused InvalidArtifact/MalformedEncoding/2401@12 [pass]
(i) utf8-import-field.wast:157 assert_malformed | before: refused InvalidArtifact/UnknownFeature/2403@11 [pass] | after: refused InvalidArtifact/MalformedEncoding/2401@12 [pass]
(i) utf8-import-field.wast:158 assert_malformed | before: refused InvalidArtifact/UnknownFeature/2403@11 [pass] | after: refused InvalidArtifact/MalformedEncoding/2401@12 [pass]
(i) utf8-import-field.wast:159 assert_malformed | before: refused InvalidArtifact/UnknownFeature/2403@11 [pass] | after: refused InvalidArtifact/MalformedEncoding/2401@12 [pass]
(i) utf8-import-field.wast:160 assert_malformed | before: refused InvalidArtifact/UnknownFeature/2403@11 [pass] | after: refused InvalidArtifact/MalformedEncoding/2401@12 [pass]
(i) utf8-import-field.wast:161 assert_malformed | before: refused InvalidArtifact/UnknownFeature/2403@11 [pass] | after: refused InvalidArtifact/MalformedEncoding/2401@12 [pass]
(i) utf8-import-field.wast:162 assert_malformed | before: refused InvalidArtifact/UnknownFeature/2403@11 [pass] | after: refused InvalidArtifact/MalformedEncoding/2401@12 [pass]
(i) utf8-import-field.wast:163 assert_malformed | before: refused InvalidArtifact/UnknownFeature/2403@11 [pass] | after: refused InvalidArtifact/MalformedEncoding/2401@12 [pass]
(i) utf8-import-field.wast:164 assert_malformed | before: refused InvalidArtifact/UnknownFeature/2403@11 [pass] | after: refused InvalidArtifact/MalformedEncoding/2401@12 [pass]
(i) utf8-import-field.wast:165 assert_malformed | before: refused InvalidArtifact/UnknownFeature/2403@11 [pass] | after: refused InvalidArtifact/MalformedEncoding/2401@12 [pass]
(i) utf8-import-field.wast:166 assert_malformed | before: refused InvalidArtifact/UnknownFeature/2403@11 [pass] | after: refused InvalidArtifact/MalformedEncoding/2401@12 [pass]
(i) utf8-import-field.wast:167 assert_malformed | before: refused InvalidArtifact/UnknownFeature/2403@11 [pass] | after: refused InvalidArtifact/MalformedEncoding/2401@12 [pass]
(i) utf8-import-field.wast:168 assert_malformed | before: refused InvalidArtifact/UnknownFeature/2403@11 [pass] | after: refused InvalidArtifact/MalformedEncoding/2401@12 [pass]
(i) utf8-import-field.wast:169 assert_malformed | before: refused InvalidArtifact/UnknownFeature/2403@11 [pass] | after: refused InvalidArtifact/MalformedEncoding/2401@12 [pass]
(i) utf8-import-field.wast:170 assert_malformed | before: refused InvalidArtifact/UnknownFeature/2403@11 [pass] | after: refused InvalidArtifact/MalformedEncoding/2401@12 [pass]
(i) utf8-import-field.wast:171 assert_malformed | before: refused InvalidArtifact/UnknownFeature/2403@11 [pass] | after: refused InvalidArtifact/MalformedEncoding/2401@12 [pass]
(i) utf8-import-field.wast:172 assert_malformed | before: refused InvalidArtifact/UnknownFeature/2403@11 [pass] | after: refused InvalidArtifact/MalformedEncoding/2401@12 [pass]
(i) utf8-import-field.wast:173 assert_malformed | before: refused InvalidArtifact/UnknownFeature/2403@11 [pass] | after: refused InvalidArtifact/MalformedEncoding/2401@12 [pass]
(i) utf8-import-field.wast:174 assert_malformed | before: refused InvalidArtifact/UnknownFeature/2403@11 [pass] | after: refused InvalidArtifact/MalformedEncoding/2401@12 [pass]
(i) utf8-import-field.wast:175 assert_malformed | before: refused InvalidArtifact/UnknownFeature/2403@11 [pass] | after: refused InvalidArtifact/MalformedEncoding/2401@12 [pass]
(i) utf8-import-field.wast:176 assert_malformed | before: refused InvalidArtifact/UnknownFeature/2403@11 [pass] | after: refused InvalidArtifact/MalformedEncoding/2401@12 [pass]
(i) utf8-import-module.wast:1 assert_malformed | before: refused InvalidArtifact/UnknownFeature/2403@11 [pass] | after: refused InvalidArtifact/MalformedEncoding/2401@17 [pass]
(i) utf8-import-module.wast:2 assert_malformed | before: refused InvalidArtifact/UnknownFeature/2403@11 [pass] | after: refused InvalidArtifact/MalformedEncoding/2401@17 [pass]
(i) utf8-import-module.wast:3 assert_malformed | before: refused InvalidArtifact/UnknownFeature/2403@11 [pass] | after: refused InvalidArtifact/MalformedEncoding/2401@17 [pass]
(i) utf8-import-module.wast:4 assert_malformed | before: refused InvalidArtifact/UnknownFeature/2403@11 [pass] | after: refused InvalidArtifact/MalformedEncoding/2401@17 [pass]
(i) utf8-import-module.wast:5 assert_malformed | before: refused InvalidArtifact/UnknownFeature/2403@11 [pass] | after: refused InvalidArtifact/MalformedEncoding/2401@17 [pass]
(i) utf8-import-module.wast:6 assert_malformed | before: refused InvalidArtifact/UnknownFeature/2403@11 [pass] | after: refused InvalidArtifact/MalformedEncoding/2401@17 [pass]
(i) utf8-import-module.wast:7 assert_malformed | before: refused InvalidArtifact/UnknownFeature/2403@11 [pass] | after: refused InvalidArtifact/MalformedEncoding/2401@17 [pass]
(i) utf8-import-module.wast:8 assert_malformed | before: refused InvalidArtifact/UnknownFeature/2403@11 [pass] | after: refused InvalidArtifact/MalformedEncoding/2401@17 [pass]
(i) utf8-import-module.wast:9 assert_malformed | before: refused InvalidArtifact/UnknownFeature/2403@11 [pass] | after: refused InvalidArtifact/MalformedEncoding/2401@17 [pass]
(i) utf8-import-module.wast:10 assert_malformed | before: refused InvalidArtifact/UnknownFeature/2403@11 [pass] | after: refused InvalidArtifact/MalformedEncoding/2401@17 [pass]
(i) utf8-import-module.wast:11 assert_malformed | before: refused InvalidArtifact/UnknownFeature/2403@11 [pass] | after: refused InvalidArtifact/MalformedEncoding/2401@17 [pass]
(i) utf8-import-module.wast:12 assert_malformed | before: refused InvalidArtifact/UnknownFeature/2403@11 [pass] | after: refused InvalidArtifact/MalformedEncoding/2401@17 [pass]
(i) utf8-import-module.wast:13 assert_malformed | before: refused InvalidArtifact/UnknownFeature/2403@11 [pass] | after: refused InvalidArtifact/MalformedEncoding/2401@17 [pass]
(i) utf8-import-module.wast:14 assert_malformed | before: refused InvalidArtifact/UnknownFeature/2403@11 [pass] | after: refused InvalidArtifact/MalformedEncoding/2401@17 [pass]
(i) utf8-import-module.wast:15 assert_malformed | before: refused InvalidArtifact/UnknownFeature/2403@11 [pass] | after: refused InvalidArtifact/MalformedEncoding/2401@17 [pass]
(i) utf8-import-module.wast:16 assert_malformed | before: refused InvalidArtifact/UnknownFeature/2403@11 [pass] | after: refused InvalidArtifact/MalformedEncoding/2401@17 [pass]
(i) utf8-import-module.wast:17 assert_malformed | before: refused InvalidArtifact/UnknownFeature/2403@11 [pass] | after: refused InvalidArtifact/MalformedEncoding/2401@17 [pass]
(i) utf8-import-module.wast:18 assert_malformed | before: refused InvalidArtifact/UnknownFeature/2403@11 [pass] | after: refused InvalidArtifact/MalformedEncoding/2401@17 [pass]
(i) utf8-import-module.wast:19 assert_malformed | before: refused InvalidArtifact/UnknownFeature/2403@11 [pass] | after: refused InvalidArtifact/MalformedEncoding/2401@17 [pass]
(i) utf8-import-module.wast:20 assert_malformed | before: refused InvalidArtifact/UnknownFeature/2403@11 [pass] | after: refused InvalidArtifact/MalformedEncoding/2401@17 [pass]
(i) utf8-import-module.wast:21 assert_malformed | before: refused InvalidArtifact/UnknownFeature/2403@11 [pass] | after: refused InvalidArtifact/MalformedEncoding/2401@17 [pass]
(i) utf8-import-module.wast:22 assert_malformed | before: refused InvalidArtifact/UnknownFeature/2403@11 [pass] | after: refused InvalidArtifact/MalformedEncoding/2401@17 [pass]
(i) utf8-import-module.wast:23 assert_malformed | before: refused InvalidArtifact/UnknownFeature/2403@11 [pass] | after: refused InvalidArtifact/MalformedEncoding/2401@17 [pass]
(i) utf8-import-module.wast:24 assert_malformed | before: refused InvalidArtifact/UnknownFeature/2403@11 [pass] | after: refused InvalidArtifact/MalformedEncoding/2401@17 [pass]
(i) utf8-import-module.wast:25 assert_malformed | before: refused InvalidArtifact/UnknownFeature/2403@11 [pass] | after: refused InvalidArtifact/MalformedEncoding/2401@17 [pass]
(i) utf8-import-module.wast:26 assert_malformed | before: refused InvalidArtifact/UnknownFeature/2403@11 [pass] | after: refused InvalidArtifact/MalformedEncoding/2401@17 [pass]
(i) utf8-import-module.wast:27 assert_malformed | before: refused InvalidArtifact/UnknownFeature/2403@11 [pass] | after: refused InvalidArtifact/MalformedEncoding/2401@17 [pass]
(i) utf8-import-module.wast:28 assert_malformed | before: refused InvalidArtifact/UnknownFeature/2403@11 [pass] | after: refused InvalidArtifact/MalformedEncoding/2401@17 [pass]
(i) utf8-import-module.wast:29 assert_malformed | before: refused InvalidArtifact/UnknownFeature/2403@11 [pass] | after: refused InvalidArtifact/MalformedEncoding/2401@17 [pass]
(i) utf8-import-module.wast:30 assert_malformed | before: refused InvalidArtifact/UnknownFeature/2403@11 [pass] | after: refused InvalidArtifact/MalformedEncoding/2401@17 [pass]
(i) utf8-import-module.wast:31 assert_malformed | before: refused InvalidArtifact/UnknownFeature/2403@11 [pass] | after: refused InvalidArtifact/MalformedEncoding/2401@17 [pass]
(i) utf8-import-module.wast:32 assert_malformed | before: refused InvalidArtifact/UnknownFeature/2403@11 [pass] | after: refused InvalidArtifact/MalformedEncoding/2401@17 [pass]
(i) utf8-import-module.wast:33 assert_malformed | before: refused InvalidArtifact/UnknownFeature/2403@11 [pass] | after: refused InvalidArtifact/MalformedEncoding/2401@17 [pass]
(i) utf8-import-module.wast:34 assert_malformed | before: refused InvalidArtifact/UnknownFeature/2403@11 [pass] | after: refused InvalidArtifact/MalformedEncoding/2401@17 [pass]
(i) utf8-import-module.wast:35 assert_malformed | before: refused InvalidArtifact/UnknownFeature/2403@11 [pass] | after: refused InvalidArtifact/MalformedEncoding/2401@17 [pass]
(i) utf8-import-module.wast:36 assert_malformed | before: refused InvalidArtifact/UnknownFeature/2403@11 [pass] | after: refused InvalidArtifact/MalformedEncoding/2401@17 [pass]
(i) utf8-import-module.wast:37 assert_malformed | before: refused InvalidArtifact/UnknownFeature/2403@11 [pass] | after: refused InvalidArtifact/MalformedEncoding/2401@17 [pass]
(i) utf8-import-module.wast:38 assert_malformed | before: refused InvalidArtifact/UnknownFeature/2403@11 [pass] | after: refused InvalidArtifact/MalformedEncoding/2401@17 [pass]
(i) utf8-import-module.wast:39 assert_malformed | before: refused InvalidArtifact/UnknownFeature/2403@11 [pass] | after: refused InvalidArtifact/MalformedEncoding/2401@17 [pass]
(i) utf8-import-module.wast:40 assert_malformed | before: refused InvalidArtifact/UnknownFeature/2403@11 [pass] | after: refused InvalidArtifact/MalformedEncoding/2401@17 [pass]
(i) utf8-import-module.wast:41 assert_malformed | before: refused InvalidArtifact/UnknownFeature/2403@11 [pass] | after: refused InvalidArtifact/MalformedEncoding/2401@17 [pass]
(i) utf8-import-module.wast:42 assert_malformed | before: refused InvalidArtifact/UnknownFeature/2403@11 [pass] | after: refused InvalidArtifact/MalformedEncoding/2401@17 [pass]
(i) utf8-import-module.wast:43 assert_malformed | before: refused InvalidArtifact/UnknownFeature/2403@11 [pass] | after: refused InvalidArtifact/MalformedEncoding/2401@17 [pass]
(i) utf8-import-module.wast:44 assert_malformed | before: refused InvalidArtifact/UnknownFeature/2403@11 [pass] | after: refused InvalidArtifact/MalformedEncoding/2401@17 [pass]
(i) utf8-import-module.wast:45 assert_malformed | before: refused InvalidArtifact/UnknownFeature/2403@11 [pass] | after: refused InvalidArtifact/MalformedEncoding/2401@17 [pass]
(i) utf8-import-module.wast:46 assert_malformed | before: refused InvalidArtifact/UnknownFeature/2403@11 [pass] | after: refused InvalidArtifact/MalformedEncoding/2401@17 [pass]
(i) utf8-import-module.wast:47 assert_malformed | before: refused InvalidArtifact/UnknownFeature/2403@11 [pass] | after: refused InvalidArtifact/MalformedEncoding/2401@17 [pass]
(i) utf8-import-module.wast:48 assert_malformed | before: refused InvalidArtifact/UnknownFeature/2403@11 [pass] | after: refused InvalidArtifact/MalformedEncoding/2401@17 [pass]
(i) utf8-import-module.wast:49 assert_malformed | before: refused InvalidArtifact/UnknownFeature/2403@11 [pass] | after: refused InvalidArtifact/MalformedEncoding/2401@17 [pass]
(i) utf8-import-module.wast:50 assert_malformed | before: refused InvalidArtifact/UnknownFeature/2403@11 [pass] | after: refused InvalidArtifact/MalformedEncoding/2401@17 [pass]
(i) utf8-import-module.wast:51 assert_malformed | before: refused InvalidArtifact/UnknownFeature/2403@11 [pass] | after: refused InvalidArtifact/MalformedEncoding/2401@17 [pass]
(i) utf8-import-module.wast:52 assert_malformed | before: refused InvalidArtifact/UnknownFeature/2403@11 [pass] | after: refused InvalidArtifact/MalformedEncoding/2401@17 [pass]
(i) utf8-import-module.wast:53 assert_malformed | before: refused InvalidArtifact/UnknownFeature/2403@11 [pass] | after: refused InvalidArtifact/MalformedEncoding/2401@17 [pass]
(i) utf8-import-module.wast:54 assert_malformed | before: refused InvalidArtifact/UnknownFeature/2403@11 [pass] | after: refused InvalidArtifact/MalformedEncoding/2401@17 [pass]
(i) utf8-import-module.wast:55 assert_malformed | before: refused InvalidArtifact/UnknownFeature/2403@11 [pass] | after: refused InvalidArtifact/MalformedEncoding/2401@17 [pass]
(i) utf8-import-module.wast:56 assert_malformed | before: refused InvalidArtifact/UnknownFeature/2403@11 [pass] | after: refused InvalidArtifact/MalformedEncoding/2401@17 [pass]
(i) utf8-import-module.wast:57 assert_malformed | before: refused InvalidArtifact/UnknownFeature/2403@11 [pass] | after: refused InvalidArtifact/MalformedEncoding/2401@17 [pass]
(i) utf8-import-module.wast:58 assert_malformed | before: refused InvalidArtifact/UnknownFeature/2403@11 [pass] | after: refused InvalidArtifact/MalformedEncoding/2401@17 [pass]
(i) utf8-import-module.wast:59 assert_malformed | before: refused InvalidArtifact/UnknownFeature/2403@11 [pass] | after: refused InvalidArtifact/MalformedEncoding/2401@17 [pass]
(i) utf8-import-module.wast:60 assert_malformed | before: refused InvalidArtifact/UnknownFeature/2403@11 [pass] | after: refused InvalidArtifact/MalformedEncoding/2401@17 [pass]
(i) utf8-import-module.wast:61 assert_malformed | before: refused InvalidArtifact/UnknownFeature/2403@11 [pass] | after: refused InvalidArtifact/MalformedEncoding/2401@17 [pass]
(i) utf8-import-module.wast:62 assert_malformed | before: refused InvalidArtifact/UnknownFeature/2403@11 [pass] | after: refused InvalidArtifact/MalformedEncoding/2401@17 [pass]
(i) utf8-import-module.wast:63 assert_malformed | before: refused InvalidArtifact/UnknownFeature/2403@11 [pass] | after: refused InvalidArtifact/MalformedEncoding/2401@17 [pass]
(i) utf8-import-module.wast:64 assert_malformed | before: refused InvalidArtifact/UnknownFeature/2403@11 [pass] | after: refused InvalidArtifact/MalformedEncoding/2401@17 [pass]
(i) utf8-import-module.wast:65 assert_malformed | before: refused InvalidArtifact/UnknownFeature/2403@11 [pass] | after: refused InvalidArtifact/MalformedEncoding/2401@17 [pass]
(i) utf8-import-module.wast:66 assert_malformed | before: refused InvalidArtifact/UnknownFeature/2403@11 [pass] | after: refused InvalidArtifact/MalformedEncoding/2401@17 [pass]
(i) utf8-import-module.wast:67 assert_malformed | before: refused InvalidArtifact/UnknownFeature/2403@11 [pass] | after: refused InvalidArtifact/MalformedEncoding/2401@17 [pass]
(i) utf8-import-module.wast:68 assert_malformed | before: refused InvalidArtifact/UnknownFeature/2403@11 [pass] | after: refused InvalidArtifact/MalformedEncoding/2401@17 [pass]
(i) utf8-import-module.wast:69 assert_malformed | before: refused InvalidArtifact/UnknownFeature/2403@11 [pass] | after: refused InvalidArtifact/MalformedEncoding/2401@17 [pass]
(i) utf8-import-module.wast:70 assert_malformed | before: refused InvalidArtifact/UnknownFeature/2403@11 [pass] | after: refused InvalidArtifact/MalformedEncoding/2401@17 [pass]
(i) utf8-import-module.wast:71 assert_malformed | before: refused InvalidArtifact/UnknownFeature/2403@11 [pass] | after: refused InvalidArtifact/MalformedEncoding/2401@17 [pass]
(i) utf8-import-module.wast:72 assert_malformed | before: refused InvalidArtifact/UnknownFeature/2403@11 [pass] | after: refused InvalidArtifact/MalformedEncoding/2401@17 [pass]
(i) utf8-import-module.wast:73 assert_malformed | before: refused InvalidArtifact/UnknownFeature/2403@11 [pass] | after: refused InvalidArtifact/MalformedEncoding/2401@17 [pass]
(i) utf8-import-module.wast:74 assert_malformed | before: refused InvalidArtifact/UnknownFeature/2403@11 [pass] | after: refused InvalidArtifact/MalformedEncoding/2401@17 [pass]
(i) utf8-import-module.wast:75 assert_malformed | before: refused InvalidArtifact/UnknownFeature/2403@11 [pass] | after: refused InvalidArtifact/MalformedEncoding/2401@17 [pass]
(i) utf8-import-module.wast:76 assert_malformed | before: refused InvalidArtifact/UnknownFeature/2403@11 [pass] | after: refused InvalidArtifact/MalformedEncoding/2401@17 [pass]
(i) utf8-import-module.wast:77 assert_malformed | before: refused InvalidArtifact/UnknownFeature/2403@11 [pass] | after: refused InvalidArtifact/MalformedEncoding/2401@17 [pass]
(i) utf8-import-module.wast:78 assert_malformed | before: refused InvalidArtifact/UnknownFeature/2403@11 [pass] | after: refused InvalidArtifact/MalformedEncoding/2401@17 [pass]
(i) utf8-import-module.wast:79 assert_malformed | before: refused InvalidArtifact/UnknownFeature/2403@11 [pass] | after: refused InvalidArtifact/MalformedEncoding/2401@17 [pass]
(i) utf8-import-module.wast:80 assert_malformed | before: refused InvalidArtifact/UnknownFeature/2403@11 [pass] | after: refused InvalidArtifact/MalformedEncoding/2401@17 [pass]
(i) utf8-import-module.wast:81 assert_malformed | before: refused InvalidArtifact/UnknownFeature/2403@11 [pass] | after: refused InvalidArtifact/MalformedEncoding/2401@17 [pass]
(i) utf8-import-module.wast:82 assert_malformed | before: refused InvalidArtifact/UnknownFeature/2403@11 [pass] | after: refused InvalidArtifact/MalformedEncoding/2401@17 [pass]
(i) utf8-import-module.wast:83 assert_malformed | before: refused InvalidArtifact/UnknownFeature/2403@11 [pass] | after: refused InvalidArtifact/MalformedEncoding/2401@17 [pass]
(i) utf8-import-module.wast:84 assert_malformed | before: refused InvalidArtifact/UnknownFeature/2403@11 [pass] | after: refused InvalidArtifact/MalformedEncoding/2401@17 [pass]
(i) utf8-import-module.wast:85 assert_malformed | before: refused InvalidArtifact/UnknownFeature/2403@11 [pass] | after: refused InvalidArtifact/MalformedEncoding/2401@17 [pass]
(i) utf8-import-module.wast:86 assert_malformed | before: refused InvalidArtifact/UnknownFeature/2403@11 [pass] | after: refused InvalidArtifact/MalformedEncoding/2401@17 [pass]
(i) utf8-import-module.wast:87 assert_malformed | before: refused InvalidArtifact/UnknownFeature/2403@11 [pass] | after: refused InvalidArtifact/MalformedEncoding/2401@17 [pass]
(i) utf8-import-module.wast:88 assert_malformed | before: refused InvalidArtifact/UnknownFeature/2403@11 [pass] | after: refused InvalidArtifact/MalformedEncoding/2401@17 [pass]
(i) utf8-import-module.wast:89 assert_malformed | before: refused InvalidArtifact/UnknownFeature/2403@11 [pass] | after: refused InvalidArtifact/MalformedEncoding/2401@17 [pass]
(i) utf8-import-module.wast:90 assert_malformed | before: refused InvalidArtifact/UnknownFeature/2403@11 [pass] | after: refused InvalidArtifact/MalformedEncoding/2401@17 [pass]
(i) utf8-import-module.wast:91 assert_malformed | before: refused InvalidArtifact/UnknownFeature/2403@11 [pass] | after: refused InvalidArtifact/MalformedEncoding/2401@17 [pass]
(i) utf8-import-module.wast:92 assert_malformed | before: refused InvalidArtifact/UnknownFeature/2403@11 [pass] | after: refused InvalidArtifact/MalformedEncoding/2401@17 [pass]
(i) utf8-import-module.wast:93 assert_malformed | before: refused InvalidArtifact/UnknownFeature/2403@11 [pass] | after: refused InvalidArtifact/MalformedEncoding/2401@17 [pass]
(i) utf8-import-module.wast:94 assert_malformed | before: refused InvalidArtifact/UnknownFeature/2403@11 [pass] | after: refused InvalidArtifact/MalformedEncoding/2401@17 [pass]
(i) utf8-import-module.wast:95 assert_malformed | before: refused InvalidArtifact/UnknownFeature/2403@11 [pass] | after: refused InvalidArtifact/MalformedEncoding/2401@17 [pass]
(i) utf8-import-module.wast:96 assert_malformed | before: refused InvalidArtifact/UnknownFeature/2403@11 [pass] | after: refused InvalidArtifact/MalformedEncoding/2401@17 [pass]
(i) utf8-import-module.wast:97 assert_malformed | before: refused InvalidArtifact/UnknownFeature/2403@11 [pass] | after: refused InvalidArtifact/MalformedEncoding/2401@17 [pass]
(i) utf8-import-module.wast:98 assert_malformed | before: refused InvalidArtifact/UnknownFeature/2403@11 [pass] | after: refused InvalidArtifact/MalformedEncoding/2401@17 [pass]
(i) utf8-import-module.wast:99 assert_malformed | before: refused InvalidArtifact/UnknownFeature/2403@11 [pass] | after: refused InvalidArtifact/MalformedEncoding/2401@17 [pass]
(i) utf8-import-module.wast:100 assert_malformed | before: refused InvalidArtifact/UnknownFeature/2403@11 [pass] | after: refused InvalidArtifact/MalformedEncoding/2401@17 [pass]
(i) utf8-import-module.wast:101 assert_malformed | before: refused InvalidArtifact/UnknownFeature/2403@11 [pass] | after: refused InvalidArtifact/MalformedEncoding/2401@17 [pass]
(i) utf8-import-module.wast:102 assert_malformed | before: refused InvalidArtifact/UnknownFeature/2403@11 [pass] | after: refused InvalidArtifact/MalformedEncoding/2401@17 [pass]
(i) utf8-import-module.wast:103 assert_malformed | before: refused InvalidArtifact/UnknownFeature/2403@11 [pass] | after: refused InvalidArtifact/MalformedEncoding/2401@17 [pass]
(i) utf8-import-module.wast:104 assert_malformed | before: refused InvalidArtifact/UnknownFeature/2403@11 [pass] | after: refused InvalidArtifact/MalformedEncoding/2401@17 [pass]
(i) utf8-import-module.wast:105 assert_malformed | before: refused InvalidArtifact/UnknownFeature/2403@11 [pass] | after: refused InvalidArtifact/MalformedEncoding/2401@17 [pass]
(i) utf8-import-module.wast:106 assert_malformed | before: refused InvalidArtifact/UnknownFeature/2403@11 [pass] | after: refused InvalidArtifact/MalformedEncoding/2401@17 [pass]
(i) utf8-import-module.wast:107 assert_malformed | before: refused InvalidArtifact/UnknownFeature/2403@11 [pass] | after: refused InvalidArtifact/MalformedEncoding/2401@17 [pass]
(i) utf8-import-module.wast:108 assert_malformed | before: refused InvalidArtifact/UnknownFeature/2403@11 [pass] | after: refused InvalidArtifact/MalformedEncoding/2401@17 [pass]
(i) utf8-import-module.wast:109 assert_malformed | before: refused InvalidArtifact/UnknownFeature/2403@11 [pass] | after: refused InvalidArtifact/MalformedEncoding/2401@17 [pass]
(i) utf8-import-module.wast:110 assert_malformed | before: refused InvalidArtifact/UnknownFeature/2403@11 [pass] | after: refused InvalidArtifact/MalformedEncoding/2401@17 [pass]
(i) utf8-import-module.wast:111 assert_malformed | before: refused InvalidArtifact/UnknownFeature/2403@11 [pass] | after: refused InvalidArtifact/MalformedEncoding/2401@17 [pass]
(i) utf8-import-module.wast:112 assert_malformed | before: refused InvalidArtifact/UnknownFeature/2403@11 [pass] | after: refused InvalidArtifact/MalformedEncoding/2401@17 [pass]
(i) utf8-import-module.wast:113 assert_malformed | before: refused InvalidArtifact/UnknownFeature/2403@11 [pass] | after: refused InvalidArtifact/MalformedEncoding/2401@17 [pass]
(i) utf8-import-module.wast:114 assert_malformed | before: refused InvalidArtifact/UnknownFeature/2403@11 [pass] | after: refused InvalidArtifact/MalformedEncoding/2401@17 [pass]
(i) utf8-import-module.wast:115 assert_malformed | before: refused InvalidArtifact/UnknownFeature/2403@11 [pass] | after: refused InvalidArtifact/MalformedEncoding/2401@17 [pass]
(i) utf8-import-module.wast:116 assert_malformed | before: refused InvalidArtifact/UnknownFeature/2403@11 [pass] | after: refused InvalidArtifact/MalformedEncoding/2401@17 [pass]
(i) utf8-import-module.wast:117 assert_malformed | before: refused InvalidArtifact/UnknownFeature/2403@11 [pass] | after: refused InvalidArtifact/MalformedEncoding/2401@17 [pass]
(i) utf8-import-module.wast:118 assert_malformed | before: refused InvalidArtifact/UnknownFeature/2403@11 [pass] | after: refused InvalidArtifact/MalformedEncoding/2401@17 [pass]
(i) utf8-import-module.wast:119 assert_malformed | before: refused InvalidArtifact/UnknownFeature/2403@11 [pass] | after: refused InvalidArtifact/MalformedEncoding/2401@17 [pass]
(i) utf8-import-module.wast:120 assert_malformed | before: refused InvalidArtifact/UnknownFeature/2403@11 [pass] | after: refused InvalidArtifact/MalformedEncoding/2401@17 [pass]
(i) utf8-import-module.wast:121 assert_malformed | before: refused InvalidArtifact/UnknownFeature/2403@11 [pass] | after: refused InvalidArtifact/MalformedEncoding/2401@17 [pass]
(i) utf8-import-module.wast:122 assert_malformed | before: refused InvalidArtifact/UnknownFeature/2403@11 [pass] | after: refused InvalidArtifact/MalformedEncoding/2401@17 [pass]
(i) utf8-import-module.wast:123 assert_malformed | before: refused InvalidArtifact/UnknownFeature/2403@11 [pass] | after: refused InvalidArtifact/MalformedEncoding/2401@17 [pass]
(i) utf8-import-module.wast:124 assert_malformed | before: refused InvalidArtifact/UnknownFeature/2403@11 [pass] | after: refused InvalidArtifact/MalformedEncoding/2401@17 [pass]
(i) utf8-import-module.wast:125 assert_malformed | before: refused InvalidArtifact/UnknownFeature/2403@11 [pass] | after: refused InvalidArtifact/MalformedEncoding/2401@17 [pass]
(i) utf8-import-module.wast:126 assert_malformed | before: refused InvalidArtifact/UnknownFeature/2403@11 [pass] | after: refused InvalidArtifact/MalformedEncoding/2401@17 [pass]
(i) utf8-import-module.wast:127 assert_malformed | before: refused InvalidArtifact/UnknownFeature/2403@11 [pass] | after: refused InvalidArtifact/MalformedEncoding/2401@17 [pass]
(i) utf8-import-module.wast:128 assert_malformed | before: refused InvalidArtifact/UnknownFeature/2403@11 [pass] | after: refused InvalidArtifact/MalformedEncoding/2401@17 [pass]
(i) utf8-import-module.wast:129 assert_malformed | before: refused InvalidArtifact/UnknownFeature/2403@11 [pass] | after: refused InvalidArtifact/MalformedEncoding/2401@17 [pass]
(i) utf8-import-module.wast:130 assert_malformed | before: refused InvalidArtifact/UnknownFeature/2403@11 [pass] | after: refused InvalidArtifact/MalformedEncoding/2401@17 [pass]
(i) utf8-import-module.wast:131 assert_malformed | before: refused InvalidArtifact/UnknownFeature/2403@11 [pass] | after: refused InvalidArtifact/MalformedEncoding/2401@17 [pass]
(i) utf8-import-module.wast:132 assert_malformed | before: refused InvalidArtifact/UnknownFeature/2403@11 [pass] | after: refused InvalidArtifact/MalformedEncoding/2401@17 [pass]
(i) utf8-import-module.wast:133 assert_malformed | before: refused InvalidArtifact/UnknownFeature/2403@11 [pass] | after: refused InvalidArtifact/MalformedEncoding/2401@17 [pass]
(i) utf8-import-module.wast:134 assert_malformed | before: refused InvalidArtifact/UnknownFeature/2403@11 [pass] | after: refused InvalidArtifact/MalformedEncoding/2401@17 [pass]
(i) utf8-import-module.wast:135 assert_malformed | before: refused InvalidArtifact/UnknownFeature/2403@11 [pass] | after: refused InvalidArtifact/MalformedEncoding/2401@17 [pass]
(i) utf8-import-module.wast:136 assert_malformed | before: refused InvalidArtifact/UnknownFeature/2403@11 [pass] | after: refused InvalidArtifact/MalformedEncoding/2401@17 [pass]
(i) utf8-import-module.wast:137 assert_malformed | before: refused InvalidArtifact/UnknownFeature/2403@11 [pass] | after: refused InvalidArtifact/MalformedEncoding/2401@17 [pass]
(i) utf8-import-module.wast:138 assert_malformed | before: refused InvalidArtifact/UnknownFeature/2403@11 [pass] | after: refused InvalidArtifact/MalformedEncoding/2401@17 [pass]
(i) utf8-import-module.wast:139 assert_malformed | before: refused InvalidArtifact/UnknownFeature/2403@11 [pass] | after: refused InvalidArtifact/MalformedEncoding/2401@17 [pass]
(i) utf8-import-module.wast:140 assert_malformed | before: refused InvalidArtifact/UnknownFeature/2403@11 [pass] | after: refused InvalidArtifact/MalformedEncoding/2401@17 [pass]
(i) utf8-import-module.wast:141 assert_malformed | before: refused InvalidArtifact/UnknownFeature/2403@11 [pass] | after: refused InvalidArtifact/MalformedEncoding/2401@17 [pass]
(i) utf8-import-module.wast:142 assert_malformed | before: refused InvalidArtifact/UnknownFeature/2403@11 [pass] | after: refused InvalidArtifact/MalformedEncoding/2401@17 [pass]
(i) utf8-import-module.wast:143 assert_malformed | before: refused InvalidArtifact/UnknownFeature/2403@11 [pass] | after: refused InvalidArtifact/MalformedEncoding/2401@17 [pass]
(i) utf8-import-module.wast:144 assert_malformed | before: refused InvalidArtifact/UnknownFeature/2403@11 [pass] | after: refused InvalidArtifact/MalformedEncoding/2401@17 [pass]
(i) utf8-import-module.wast:145 assert_malformed | before: refused InvalidArtifact/UnknownFeature/2403@11 [pass] | after: refused InvalidArtifact/MalformedEncoding/2401@17 [pass]
(i) utf8-import-module.wast:146 assert_malformed | before: refused InvalidArtifact/UnknownFeature/2403@11 [pass] | after: refused InvalidArtifact/MalformedEncoding/2401@17 [pass]
(i) utf8-import-module.wast:147 assert_malformed | before: refused InvalidArtifact/UnknownFeature/2403@11 [pass] | after: refused InvalidArtifact/MalformedEncoding/2401@17 [pass]
(i) utf8-import-module.wast:148 assert_malformed | before: refused InvalidArtifact/UnknownFeature/2403@11 [pass] | after: refused InvalidArtifact/MalformedEncoding/2401@17 [pass]
(i) utf8-import-module.wast:149 assert_malformed | before: refused InvalidArtifact/UnknownFeature/2403@11 [pass] | after: refused InvalidArtifact/MalformedEncoding/2401@17 [pass]
(i) utf8-import-module.wast:150 assert_malformed | before: refused InvalidArtifact/UnknownFeature/2403@11 [pass] | after: refused InvalidArtifact/MalformedEncoding/2401@17 [pass]
(i) utf8-import-module.wast:151 assert_malformed | before: refused InvalidArtifact/UnknownFeature/2403@11 [pass] | after: refused InvalidArtifact/MalformedEncoding/2401@17 [pass]
(i) utf8-import-module.wast:152 assert_malformed | before: refused InvalidArtifact/UnknownFeature/2403@11 [pass] | after: refused InvalidArtifact/MalformedEncoding/2401@17 [pass]
(i) utf8-import-module.wast:153 assert_malformed | before: refused InvalidArtifact/UnknownFeature/2403@11 [pass] | after: refused InvalidArtifact/MalformedEncoding/2401@17 [pass]
(i) utf8-import-module.wast:154 assert_malformed | before: refused InvalidArtifact/UnknownFeature/2403@11 [pass] | after: refused InvalidArtifact/MalformedEncoding/2401@17 [pass]
(i) utf8-import-module.wast:155 assert_malformed | before: refused InvalidArtifact/UnknownFeature/2403@11 [pass] | after: refused InvalidArtifact/MalformedEncoding/2401@17 [pass]
(i) utf8-import-module.wast:156 assert_malformed | before: refused InvalidArtifact/UnknownFeature/2403@11 [pass] | after: refused InvalidArtifact/MalformedEncoding/2401@17 [pass]
(i) utf8-import-module.wast:157 assert_malformed | before: refused InvalidArtifact/UnknownFeature/2403@11 [pass] | after: refused InvalidArtifact/MalformedEncoding/2401@17 [pass]
(i) utf8-import-module.wast:158 assert_malformed | before: refused InvalidArtifact/UnknownFeature/2403@11 [pass] | after: refused InvalidArtifact/MalformedEncoding/2401@17 [pass]
(i) utf8-import-module.wast:159 assert_malformed | before: refused InvalidArtifact/UnknownFeature/2403@11 [pass] | after: refused InvalidArtifact/MalformedEncoding/2401@17 [pass]
(i) utf8-import-module.wast:160 assert_malformed | before: refused InvalidArtifact/UnknownFeature/2403@11 [pass] | after: refused InvalidArtifact/MalformedEncoding/2401@17 [pass]
(i) utf8-import-module.wast:161 assert_malformed | before: refused InvalidArtifact/UnknownFeature/2403@11 [pass] | after: refused InvalidArtifact/MalformedEncoding/2401@17 [pass]
(i) utf8-import-module.wast:162 assert_malformed | before: refused InvalidArtifact/UnknownFeature/2403@11 [pass] | after: refused InvalidArtifact/MalformedEncoding/2401@17 [pass]
(i) utf8-import-module.wast:163 assert_malformed | before: refused InvalidArtifact/UnknownFeature/2403@11 [pass] | after: refused InvalidArtifact/MalformedEncoding/2401@17 [pass]
(i) utf8-import-module.wast:164 assert_malformed | before: refused InvalidArtifact/UnknownFeature/2403@11 [pass] | after: refused InvalidArtifact/MalformedEncoding/2401@17 [pass]
(i) utf8-import-module.wast:165 assert_malformed | before: refused InvalidArtifact/UnknownFeature/2403@11 [pass] | after: refused InvalidArtifact/MalformedEncoding/2401@17 [pass]
(i) utf8-import-module.wast:166 assert_malformed | before: refused InvalidArtifact/UnknownFeature/2403@11 [pass] | after: refused InvalidArtifact/MalformedEncoding/2401@17 [pass]
(i) utf8-import-module.wast:167 assert_malformed | before: refused InvalidArtifact/UnknownFeature/2403@11 [pass] | after: refused InvalidArtifact/MalformedEncoding/2401@17 [pass]
(i) utf8-import-module.wast:168 assert_malformed | before: refused InvalidArtifact/UnknownFeature/2403@11 [pass] | after: refused InvalidArtifact/MalformedEncoding/2401@17 [pass]
(i) utf8-import-module.wast:169 assert_malformed | before: refused InvalidArtifact/UnknownFeature/2403@11 [pass] | after: refused InvalidArtifact/MalformedEncoding/2401@17 [pass]
(i) utf8-import-module.wast:170 assert_malformed | before: refused InvalidArtifact/UnknownFeature/2403@11 [pass] | after: refused InvalidArtifact/MalformedEncoding/2401@17 [pass]
(i) utf8-import-module.wast:171 assert_malformed | before: refused InvalidArtifact/UnknownFeature/2403@11 [pass] | after: refused InvalidArtifact/MalformedEncoding/2401@17 [pass]
(i) utf8-import-module.wast:172 assert_malformed | before: refused InvalidArtifact/UnknownFeature/2403@11 [pass] | after: refused InvalidArtifact/MalformedEncoding/2401@17 [pass]
(i) utf8-import-module.wast:173 assert_malformed | before: refused InvalidArtifact/UnknownFeature/2403@11 [pass] | after: refused InvalidArtifact/MalformedEncoding/2401@17 [pass]
(i) utf8-import-module.wast:174 assert_malformed | before: refused InvalidArtifact/UnknownFeature/2403@11 [pass] | after: refused InvalidArtifact/MalformedEncoding/2401@17 [pass]
(i) utf8-import-module.wast:175 assert_malformed | before: refused InvalidArtifact/UnknownFeature/2403@11 [pass] | after: refused InvalidArtifact/MalformedEncoding/2401@17 [pass]
(i) utf8-import-module.wast:176 assert_malformed | before: refused InvalidArtifact/UnknownFeature/2403@11 [pass] | after: refused InvalidArtifact/MalformedEncoding/2401@17 [pass]
# NONE: 0
